{
  "title": "AND_15",
  "input": {
    "WHERE": {
      "AND": [
        {
          "LT": {
            "courses_avg": 40
          }
        },
        {
          "GT": {
            "courses_fail": 90
          }
        }
      ]
    },
    "OPTIONS": {
      "COLUMNS": [
        "courses_dept",
        "courses_avg",
        "courses_pass",
        "courses_fail",
        "courses_audit",
        "courses_instructor",
        "courses_audit"
      ],
      "ORDER": "courses_audit"
    }
  },
  "errorExpected": false,
  "with": []
}