{
  "title": "AND_10",
  "input": {
    "WHERE": {
      "AND": [
        {
          "LT": {
            "courses_avg": 60
          }
        },
        {
          "IS": {
            "courses_uuid": "1*"
          }
        }
      ]
    },
    "OPTIONS": {
      "COLUMNS": [
        "courses_dept",
        "courses_avg",
        "courses_pass",
        "courses_fail",
        "courses_audit",
        "courses_instructor",
        "courses_audit"
      ],
      "ORDER": "courses_pass"
    }
  },
  "errorExpected": false,
  "with": [
    {
      "courses_dept": "busi",
      "courses_avg": 4,
      "courses_pass": 0,
      "courses_fail": 1,
      "courses_audit": 0,
      "courses_instructor": ""
    },
    {
      "courses_dept": "busi",
      "courses_avg": 4,
      "courses_pass": 0,
      "courses_fail": 1,
      "courses_audit": 0,
      "courses_instructor": ""
    },
    {
      "courses_dept": "hist",
      "courses_avg": 34,
      "courses_pass": 1,
      "courses_fail": 1,
      "courses_audit": 0,
      "courses_instructor": "gossen, david"
    },
    {
      "courses_dept": "busi",
      "courses_avg": 50,
      "courses_pass": 3,
      "courses_fail": 2,
      "courses_audit": 0,
      "courses_instructor": ""
    },
    {
      "courses_dept": "chbe",
      "courses_avg": 42,
      "courses_pass": 4,
      "courses_fail": 3,
      "courses_audit": 1,
      "courses_instructor": "gyenge, elod lajos"
    },
    {
      "courses_dept": "chbe",
      "courses_avg": 44.88,
      "courses_pass": 5,
      "courses_fail": 3,
      "courses_audit": 1,
      "courses_instructor": ""
    },
    {
      "courses_dept": "enph",
      "courses_avg": 58,
      "courses_pass": 5,
      "courses_fail": 1,
      "courses_audit": 0,
      "courses_instructor": "waltham, christopher"
    },
    {
      "courses_dept": "enph",
      "courses_avg": 58,
      "courses_pass": 5,
      "courses_fail": 1,
      "courses_audit": 0,
      "courses_instructor": ""
    },
    {
      "courses_dept": "busi",
      "courses_avg": 59.63,
      "courses_pass": 6,
      "courses_fail": 2,
      "courses_audit": 0,
      "courses_instructor": ""
    },
    {
      "courses_dept": "civl",
      "courses_avg": 55.86,
      "courses_pass": 6,
      "courses_fail": 1,
      "courses_audit": 0,
      "courses_instructor": ""
    },
    {
      "courses_dept": "lled",
      "courses_avg": 48.9,
      "courses_pass": 6,
      "courses_fail": 4,
      "courses_audit": 0,
      "courses_instructor": "walsh marr, jennifer"
    },
    {
      "courses_dept": "busi",
      "courses_avg": 57.44,
      "courses_pass": 7,
      "courses_fail": 2,
      "courses_audit": 0,
      "courses_instructor": ""
    },
    {
      "courses_dept": "busi",
      "courses_avg": 59.56,
      "courses_pass": 7,
      "courses_fail": 2,
      "courses_audit": 0,
      "courses_instructor": ""
    },
    {
      "courses_dept": "lled",
      "courses_avg": 52.47,
      "courses_pass": 7,
      "courses_fail": 8,
      "courses_audit": 0,
      "courses_instructor": ""
    },
    {
      "courses_dept": "busi",
      "courses_avg": 53.91,
      "courses_pass": 8,
      "courses_fail": 3,
      "courses_audit": 0,
      "courses_instructor": ""
    },
    {
      "courses_dept": "lled",
      "courses_avg": 52.2,
      "courses_pass": 8,
      "courses_fail": 2,
      "courses_audit": 0,
      "courses_instructor": ""
    },
    {
      "courses_dept": "lled",
      "courses_avg": 53.21,
      "courses_pass": 8,
      "courses_fail": 6,
      "courses_audit": 0,
      "courses_instructor": "gradin, christopher"
    },
    {
      "courses_dept": "lled",
      "courses_avg": 52,
      "courses_pass": 8,
      "courses_fail": 4,
      "courses_audit": 0,
      "courses_instructor": "shaw, amber"
    },
    {
      "courses_dept": "busi",
      "courses_avg": 59.92,
      "courses_pass": 9,
      "courses_fail": 3,
      "courses_audit": 0,
      "courses_instructor": ""
    },
    {
      "courses_dept": "hist",
      "courses_avg": 49.15,
      "courses_pass": 9,
      "courses_fail": 4,
      "courses_audit": 0,
      "courses_instructor": "gossen, david"
    },
    {
      "courses_dept": "hist",
      "courses_avg": 46.33,
      "courses_pass": 9,
      "courses_fail": 6,
      "courses_audit": 0,
      "courses_instructor": "gossen, david"
    },
    {
      "courses_dept": "hist",
      "courses_avg": 46.33,
      "courses_pass": 9,
      "courses_fail": 6,
      "courses_audit": 0,
      "courses_instructor": ""
    },
    {
      "courses_dept": "lled",
      "courses_avg": 57,
      "courses_pass": 9,
      "courses_fail": 6,
      "courses_audit": 0,
      "courses_instructor": "walsh marr, jennifer"
    },
    {
      "courses_dept": "lled",
      "courses_avg": 49.73,
      "courses_pass": 9,
      "courses_fail": 6,
      "courses_audit": 0,
      "courses_instructor": "ferreira, alfredo"
    },
    {
      "courses_dept": "lled",
      "courses_avg": 49.86,
      "courses_pass": 9,
      "courses_fail": 5,
      "courses_audit": 0,
      "courses_instructor": "shaw, amber"
    },
    {
      "courses_dept": "lled",
      "courses_avg": 53.73,
      "courses_pass": 9,
      "courses_fail": 6,
      "courses_audit": 0,
      "courses_instructor": "gradin, christopher"
    },
    {
      "courses_dept": "lled",
      "courses_avg": 55.67,
      "courses_pass": 9,
      "courses_fail": 3,
      "courses_audit": 0,
      "courses_instructor": "ferreira, alfredo"
    },
    {
      "courses_dept": "busi",
      "courses_avg": 49.17,
      "courses_pass": 10,
      "courses_fail": 8,
      "courses_audit": 0,
      "courses_instructor": ""
    },
    {
      "courses_dept": "busi",
      "courses_avg": 51.19,
      "courses_pass": 10,
      "courses_fail": 6,
      "courses_audit": 0,
      "courses_instructor": ""
    },
    {
      "courses_dept": "hist",
      "courses_avg": 53,
      "courses_pass": 10,
      "courses_fail": 3,
      "courses_audit": 0,
      "courses_instructor": ""
    },
    {
      "courses_dept": "hist",
      "courses_avg": 47.13,
      "courses_pass": 10,
      "courses_fail": 5,
      "courses_audit": 0,
      "courses_instructor": ""
    },
    {
      "courses_dept": "lled",
      "courses_avg": 54.77,
      "courses_pass": 10,
      "courses_fail": 3,
      "courses_audit": 0,
      "courses_instructor": ""
    },
    {
      "courses_dept": "lled",
      "courses_avg": 52.2,
      "courses_pass": 10,
      "courses_fail": 5,
      "courses_audit": 0,
      "courses_instructor": "shaw, amber"
    },
    {
      "courses_dept": "lled",
      "courses_avg": 59.83,
      "courses_pass": 10,
      "courses_fail": 2,
      "courses_audit": 0,
      "courses_instructor": "leveridge, aubrey"
    },
    {
      "courses_dept": "lled",
      "courses_avg": 56.31,
      "courses_pass": 11,
      "courses_fail": 2,
      "courses_audit": 0,
      "courses_instructor": "walsh marr, jennifer"
    },
    {
      "courses_dept": "lled",
      "courses_avg": 59.93,
      "courses_pass": 12,
      "courses_fail": 3,
      "courses_audit": 0,
      "courses_instructor": "leveridge, aubrey"
    },
    {
      "courses_dept": "busi",
      "courses_avg": 56.88,
      "courses_pass": 13,
      "courses_fail": 3,
      "courses_audit": 0,
      "courses_instructor": ""
    },
    {
      "courses_dept": "lled",
      "courses_avg": 57.27,
      "courses_pass": 13,
      "courses_fail": 2,
      "courses_audit": 0,
      "courses_instructor": "leveridge, aubrey"
    },
    {
      "courses_dept": "lled",
      "courses_avg": 59.57,
      "courses_pass": 13,
      "courses_fail": 1,
      "courses_audit": 0,
      "courses_instructor": "shaw, amber"
    },
    {
      "courses_dept": "busi",
      "courses_avg": 46.95,
      "courses_pass": 14,
      "courses_fail": 7,
      "courses_audit": 0,
      "courses_instructor": ""
    },
    {
      "courses_dept": "apsc",
      "courses_avg": 57.81,
      "courses_pass": 15,
      "courses_fail": 12,
      "courses_audit": 0,
      "courses_instructor": "berndt, annette"
    },
    {
      "courses_dept": "busi",
      "courses_avg": 56.18,
      "courses_pass": 16,
      "courses_fail": 6,
      "courses_audit": 0,
      "courses_instructor": ""
    },
    {
      "courses_dept": "math",
      "courses_avg": 54.96,
      "courses_pass": 17,
      "courses_fail": 7,
      "courses_audit": 0,
      "courses_instructor": "gupta, rajiv"
    },
    {
      "courses_dept": "biol",
      "courses_avg": 58.9,
      "courses_pass": 18,
      "courses_fail": 11,
      "courses_audit": 0,
      "courses_instructor": "savage, ken"
    },
    {
      "courses_dept": "busi",
      "courses_avg": 52.96,
      "courses_pass": 18,
      "courses_fail": 6,
      "courses_audit": 0,
      "courses_instructor": ""
    },
    {
      "courses_dept": "math",
      "courses_avg": 54.44,
      "courses_pass": 18,
      "courses_fail": 7,
      "courses_audit": 0,
      "courses_instructor": "gupta, rajiv"
    },
    {
      "courses_dept": "busi",
      "courses_avg": 57.52,
      "courses_pass": 19,
      "courses_fail": 6,
      "courses_audit": 0,
      "courses_instructor": ""
    },
    {
      "courses_dept": "vant",
      "courses_avg": 56.77,
      "courses_pass": 19,
      "courses_fail": 3,
      "courses_audit": 0,
      "courses_instructor": "lam, mark"
    },
    {
      "courses_dept": "apsc",
      "courses_avg": 57.68,
      "courses_pass": 20,
      "courses_fail": 8,
      "courses_audit": 0,
      "courses_instructor": "berndt, annette"
    },
    {
      "courses_dept": "busi",
      "courses_avg": 57.84,
      "courses_pass": 20,
      "courses_fail": 5,
      "courses_audit": 0,
      "courses_instructor": ""
    },
    {
      "courses_dept": "biol",
      "courses_avg": 55.96,
      "courses_pass": 21,
      "courses_fail": 5,
      "courses_audit": 0,
      "courses_instructor": "macfadyen, leah"
    },
    {
      "courses_dept": "engl",
      "courses_avg": 58.43,
      "courses_pass": 23,
      "courses_fail": 7,
      "courses_audit": 0,
      "courses_instructor": "bowers, fred;bowers, sarah"
    },
    {
      "courses_dept": "hist",
      "courses_avg": 58.47,
      "courses_pass": 23,
      "courses_fail": 7,
      "courses_audit": 0,
      "courses_instructor": "gossen, david"
    },
    {
      "courses_dept": "hist",
      "courses_avg": 58.47,
      "courses_pass": 23,
      "courses_fail": 7,
      "courses_audit": 0,
      "courses_instructor": ""
    },
    {
      "courses_dept": "busi",
      "courses_avg": 55.11,
      "courses_pass": 25,
      "courses_fail": 12,
      "courses_audit": 0,
      "courses_instructor": ""
    },
    {
      "courses_dept": "math",
      "courses_avg": 59.2,
      "courses_pass": 28,
      "courses_fail": 13,
      "courses_audit": 0,
      "courses_instructor": "burghelea, teodor"
    },
    {
      "courses_dept": "math",
      "courses_avg": 58.6,
      "courses_pass": 30,
      "courses_fail": 10,
      "courses_audit": 0,
      "courses_instructor": "rosales, leo"
    },
    {
      "courses_dept": "busi",
      "courses_avg": 52.7,
      "courses_pass": 33,
      "courses_fail": 13,
      "courses_audit": 0,
      "courses_instructor": ""
    },
    {
      "courses_dept": "math",
      "courses_avg": 52.92,
      "courses_pass": 33,
      "courses_fail": 16,
      "courses_audit": 0,
      "courses_instructor": "raggi, miguel"
    },
    {
      "courses_dept": "math",
      "courses_avg": 56.76,
      "courses_pass": 33,
      "courses_fail": 16,
      "courses_audit": 0,
      "courses_instructor": "rechnitzer, andrew"
    },
    {
      "courses_dept": "busi",
      "courses_avg": 54.5,
      "courses_pass": 34,
      "courses_fail": 12,
      "courses_audit": 0,
      "courses_instructor": ""
    },
    {
      "courses_dept": "math",
      "courses_avg": 56.31,
      "courses_pass": 35,
      "courses_fail": 16,
      "courses_audit": 0,
      "courses_instructor": "dushek, omer"
    },
    {
      "courses_dept": "math",
      "courses_avg": 58.43,
      "courses_pass": 38,
      "courses_fail": 6,
      "courses_audit": 0,
      "courses_instructor": "steinberg, david"
    },
    {
      "courses_dept": "math",
      "courses_avg": 59.4,
      "courses_pass": 38,
      "courses_fail": 12,
      "courses_audit": 0,
      "courses_instructor": "goodman, jesse"
    },
    {
      "courses_dept": "busi",
      "courses_avg": 58.25,
      "courses_pass": 39,
      "courses_fail": 17,
      "courses_audit": 0,
      "courses_instructor": "norwood, peter"
    },
    {
      "courses_dept": "math",
      "courses_avg": 58.27,
      "courses_pass": 39,
      "courses_fail": 10,
      "courses_audit": 0,
      "courses_instructor": "cai, shuang"
    },
    {
      "courses_dept": "math",
      "courses_avg": 55.24,
      "courses_pass": 39,
      "courses_fail": 12,
      "courses_audit": 0,
      "courses_instructor": "chhita, sunil"
    },
    {
      "courses_dept": "mtrl",
      "courses_avg": 59.98,
      "courses_pass": 42,
      "courses_fail": 10,
      "courses_audit": 0,
      "courses_instructor": "militzer, matthias"
    },
    {
      "courses_dept": "mtrl",
      "courses_avg": 59.98,
      "courses_pass": 42,
      "courses_fail": 10,
      "courses_audit": 0,
      "courses_instructor": ""
    },
    {
      "courses_dept": "math",
      "courses_avg": 59.6,
      "courses_pass": 43,
      "courses_fail": 15,
      "courses_audit": 0,
      "courses_instructor": "duman, ali"
    },
    {
      "courses_dept": "busi",
      "courses_avg": 59,
      "courses_pass": 49,
      "courses_fail": 20,
      "courses_audit": 0,
      "courses_instructor": ""
    },
    {
      "courses_dept": "busi",
      "courses_avg": 59,
      "courses_pass": 49,
      "courses_fail": 20,
      "courses_audit": 0,
      "courses_instructor": ""
    },
    {
      "courses_dept": "poli",
      "courses_avg": 54.01,
      "courses_pass": 50,
      "courses_fail": 21,
      "courses_audit": 0,
      "courses_instructor": "peterson, jenny"
    },
    {
      "courses_dept": "busi",
      "courses_avg": 57.82,
      "courses_pass": 52,
      "courses_fail": 21,
      "courses_audit": 0,
      "courses_instructor": ""
    },
    {
      "courses_dept": "busi",
      "courses_avg": 57.82,
      "courses_pass": 52,
      "courses_fail": 21,
      "courses_audit": 0,
      "courses_instructor": ""
    },
    {
      "courses_dept": "busi",
      "courses_avg": 56.66,
      "courses_pass": 53,
      "courses_fail": 21,
      "courses_audit": 0,
      "courses_instructor": ""
    },
    {
      "courses_dept": "busi",
      "courses_avg": 58.04,
      "courses_pass": 55,
      "courses_fail": 29,
      "courses_audit": 0,
      "courses_instructor": ""
    },
    {
      "courses_dept": "busi",
      "courses_avg": 57.69,
      "courses_pass": 55,
      "courses_fail": 19,
      "courses_audit": 0,
      "courses_instructor": ""
    },
    {
      "courses_dept": "math",
      "courses_avg": 58.13,
      "courses_pass": 55,
      "courses_fail": 14,
      "courses_audit": 0,
      "courses_instructor": "cheviakov, alexei"
    },
    {
      "courses_dept": "math",
      "courses_avg": 57.56,
      "courses_pass": 57,
      "courses_fail": 22,
      "courses_audit": 0,
      "courses_instructor": "pirvu, traian"
    },
    {
      "courses_dept": "math",
      "courses_avg": 56.6,
      "courses_pass": 60,
      "courses_fail": 20,
      "courses_audit": 0,
      "courses_instructor": "kirsch, stephane"
    },
    {
      "courses_dept": "math",
      "courses_avg": 58.82,
      "courses_pass": 61,
      "courses_fail": 17,
      "courses_audit": 0,
      "courses_instructor": "goldlist, amy"
    },
    {
      "courses_dept": "civl",
      "courses_avg": 58.62,
      "courses_pass": 70,
      "courses_fail": 24,
      "courses_audit": 0,
      "courses_instructor": "laval, bernard"
    },
    {
      "courses_dept": "math",
      "courses_avg": 59.37,
      "courses_pass": 71,
      "courses_fail": 23,
      "courses_audit": 0,
      "courses_instructor": "rose, michael"
    },
    {
      "courses_dept": "lled",
      "courses_avg": 59.43,
      "courses_pass": 76,
      "courses_fail": 13,
      "courses_audit": 0,
      "courses_instructor": ""
    },
    {
      "courses_dept": "busi",
      "courses_avg": 58.64,
      "courses_pass": 106,
      "courses_fail": 37,
      "courses_audit": 0,
      "courses_instructor": ""
    },
    {
      "courses_dept": "busi",
      "courses_avg": 58.87,
      "courses_pass": 106,
      "courses_fail": 36,
      "courses_audit": 0,
      "courses_instructor": ""
    },
    {
      "courses_dept": "poli",
      "courses_avg": 58.23,
      "courses_pass": 107,
      "courses_fail": 31,
      "courses_audit": 0,
      "courses_instructor": ""
    },
    {
      "courses_dept": "biol",
      "courses_avg": 59.45,
      "courses_pass": 175,
      "courses_fail": 35,
      "courses_audit": 0,
      "courses_instructor": "couch, brett"
    },
    {
      "courses_dept": "chem",
      "courses_avg": 59.83,
      "courses_pass": 280,
      "courses_fail": 75,
      "courses_audit": 0,
      "courses_instructor": ""
    },
    {
      "courses_dept": "chem",
      "courses_avg": 59.83,
      "courses_pass": 280,
      "courses_fail": 75,
      "courses_audit": 0,
      "courses_instructor": ""
    }
  ]
}