{
  "title": "AND_4",
  "input": {
    "WHERE": {
      "AND": [
        {
          "LT": {
            "courses_avg": 100
          }
        },
        {
          "IS": {
            "courses_dept": "arge"
          }
        }
      ]
    },
    "OPTIONS": {
      "COLUMNS": [
        "courses_dept",
        "courses_avg",
        "courses_pass",
        "courses_fail",
        "courses_audit",
        "courses_instructor",
        "courses_audit"
      ],
      "ORDER": "courses_avg"
    }
  },
  "errorExpected": false,
  "with": []
}