{
  "errorMsg": "Invalid key type in GT",
  "title": "AND_14_error",
  "input": {
    "WHERE": {
      "AND": [
        {
          "LT": {
            "courses_avg": 40
          }
        },
        {
          "GT": {
            "courses_uuid": "10"
          }
        }
      ]
    },
    "OPTIONS": {
      "COLUMNS": [
        "courses_dept",
        "courses_avg",
        "courses_pass",
        "courses_fail",
        "courses_audit",
        "courses_instructor",
        "courses_audit"
      ],
      "ORDER": "courses_pass"
    }
  },
  "errorExpected": true,
  "with": "InsightError"
}