{
  "title": "APPLY",
  "input": {
    "WHERE": {
      "OR": [
        {
          "IS": {
            "rooms_shortname": "*"
          }
        },
        {
          "GT": {
            "rooms_lat": 40
          }
        }
      ]
    },
    "OPTIONS": {
      "COLUMNS": [
        "rooms_lat",
        "hello"
      ]
    },
    "TRANSFORMATIONS": {
      "GROUP": [
        "rooms_lat"
      ],
      "APPLY": [
        {
          "hello": {
            "MAX": "rooms_lon"
          }
        }
      ]
    }
  },
  "errorExpected": false,
  "with": [
    {
      "rooms_lat": 49.2699,
      "hello": -123.25318
    },
    {
      "rooms_lat": 49.26958,
      "hello": -123.25741
    },
    {
      "rooms_lat": 49.26372,
      "hello": -123.25099
    },
    {
      "rooms_lat": 49.2666,
      "hello": -123.25655
    },
    {
      "rooms_lat": 49.26479,
      "hello": -123.25249
    },
    {
      "rooms_lat": 49.26862,
      "hello": -123.25237
    },
    {
      "rooms_lat": 49.26826,
      "hello": -123.25468
    },
    {
      "rooms_lat": 49.26207,
      "hello": -123.25314
    },
    {
      "rooms_lat": 49.26228,
      "hello": -123.24718
    },
    {
      "rooms_lat": 49.2659,
      "hello": -123.25308
    },
    {
      "rooms_lat": 49.26273,
      "hello": -123.24894
    },
    {
      "rooms_lat": 49.26274,
      "hello": -123.25224
    },
    {
      "rooms_lat": 49.26414,
      "hello": -123.24959
    },
    {
      "rooms_lat": 49.26044,
      "hello": -123.24886
    },
    {
      "rooms_lat": 49.26176,
      "hello": -123.24935
    },
    {
      "rooms_lat": 49.26767,
      "hello": -123.25583
    },
    {
      "rooms_lat": 49.26541,
      "hello": -123.24608
    },
    {
      "rooms_lat": 49.26605,
      "hello": -123.25623
    },
    {
      "rooms_lat": 49.2661,
      "hello": -123.25165
    },
    {
      "rooms_lat": 49.26627,
      "hello": -123.25374
    },
    {
      "rooms_lat": 49.26486,
      "hello": -123.25364
    },
    {
      "rooms_lat": 49.26125,
      "hello": -123.24807
    },
    {
      "rooms_lat": 49.27106,
      "hello": -123.25042
    },
    {
      "rooms_lat": 49.26766,
      "hello": -123.2521
    },
    {
      "rooms_lat": 49.2643,
      "hello": -123.25505
    },
    {
      "rooms_lat": 49.26545,
      "hello": -123.25533
    },
    {
      "rooms_lat": 49.26236,
      "hello": -123.24494
    },
    {
      "rooms_lat": 49.26114,
      "hello": -123.25027
    },
    {
      "rooms_lat": 49.266463,
      "hello": -123.255534
    },
    {
      "rooms_lat": 49.266089,
      "hello": -123.254816
    },
    {
      "rooms_lat": 49.26398,
      "hello": -123.2531
    },
    {
      "rooms_lat": 49.26048,
      "hello": -123.24944
    },
    {
      "rooms_lat": 49.26229,
      "hello": -123.24342
    },
    {
      "rooms_lat": 49.264,
      "hello": -123.2559
    },
    {
      "rooms_lat": 49.26047,
      "hello": -123.24467
    },
    {
      "rooms_lat": 49.2642,
      "hello": -123.24842
    },
    {
      "rooms_lat": 49.2683,
      "hello": -123.24894
    },
    {
      "rooms_lat": 49.26867,
      "hello": -123.25692
    },
    {
      "rooms_lat": 49.2663,
      "hello": -123.2466
    },
    {
      "rooms_lat": 49.26517,
      "hello": -123.24937
    },
    {
      "rooms_lat": 49.26293,
      "hello": -123.25431
    },
    {
      "rooms_lat": 49.26478,
      "hello": -123.24673
    }
  ]
}