{
  "title": "APPly",
  "input": {
    "WHERE": {
      "OR": [
        {
          "LT": {
            "rooms_seats": 40
          }
        },
        {
          "IS": {
            "rooms_shortname": "*A*"
          }
        }
      ]
    },
    "OPTIONS": {
      "COLUMNS": [
        "rooms_shortname",
        "hello"
      ]
    },
    "TRANSFORMATIONS": {
      "GROUP": [
        "rooms_shortname"
      ],
      "APPLY": [
        {
          "hello": {
            "MAX": "rooms_seats"
          }
        }
      ]
    }
  },
  "errorExpected": false,
  "with": [
    {
      "rooms_shortname": "ALRD",
      "hello": 94
    },
    {
      "rooms_shortname": "ANSO",
      "hello": 90
    },
    {
      "rooms_shortname": "AERL",
      "hello": 144
    },
    {
      "rooms_shortname": "AUDX",
      "hello": 21
    },
    {
      "rooms_shortname": "BIOL",
      "hello": 16
    },
    {
      "rooms_shortname": "BRKX",
      "hello": 24
    },
    {
      "rooms_shortname": "BUCH",
      "hello": 32
    },
    {
      "rooms_shortname": "CEME",
      "hello": 34
    },
    {
      "rooms_shortname": "FNH",
      "hello": 28
    },
    {
      "rooms_shortname": "FSC",
      "hello": 36
    },
    {
      "rooms_shortname": "FORW",
      "hello": 35
    },
    {
      "rooms_shortname": "LASR",
      "hello": 94
    },
    {
      "rooms_shortname": "GEOG",
      "hello": 39
    },
    {
      "rooms_shortname": "HENN",
      "hello": 36
    },
    {
      "rooms_shortname": "ANGU",
      "hello": 260
    },
    {
      "rooms_shortname": "IONA",
      "hello": 100
    },
    {
      "rooms_shortname": "IBLC",
      "hello": 30
    },
    {
      "rooms_shortname": "SOWK",
      "hello": 31
    },
    {
      "rooms_shortname": "MCML",
      "hello": 32
    },
    {
      "rooms_shortname": "MATH",
      "hello": 224
    },
    {
      "rooms_shortname": "MATX",
      "hello": 106
    },
    {
      "rooms_shortname": "SCRF",
      "hello": 38
    },
    {
      "rooms_shortname": "ORCH",
      "hello": 25
    },
    {
      "rooms_shortname": "PHRM",
      "hello": 14
    },
    {
      "rooms_shortname": "PCOH",
      "hello": 24
    },
    {
      "rooms_shortname": "OSBO",
      "hello": 39
    },
    {
      "rooms_shortname": "SPPH",
      "hello": 30
    },
    {
      "rooms_shortname": "UCLL",
      "hello": 30
    },
    {
      "rooms_shortname": "MGYM",
      "hello": 25
    },
    {
      "rooms_shortname": "SWNG",
      "hello": 27
    },
    {
      "rooms_shortname": "WOOD",
      "hello": 30
    }
  ]
}