{
  "title": "APPLY",
  "input": {
    "WHERE": {
      "OR": [
        {
          "IS": {
            "rooms_shortname": "*"
          }
        },
        {
          "IS": {
            "rooms_type": "*"
          }
        }
      ]
    },
    "OPTIONS": {
      "COLUMNS": [
        "rooms_shortname",
        "goodbye"
      ]
    },
    "TRANSFORMATIONS": {
      "GROUP": [
        "rooms_shortname"
      ],
      "APPLY": [
        {
          "goodbye": {
            "MAX": "rooms_seats"
          }
        }
      ]
    }
  },
  "errorExpected": false,
  "with": [
    {
      "rooms_shortname": "ALRD",
      "goodbye": 94
    },
    {
      "rooms_shortname": "ANSO",
      "goodbye": 90
    },
    {
      "rooms_shortname": "AERL",
      "goodbye": 144
    },
    {
      "rooms_shortname": "AUDX",
      "goodbye": 21
    },
    {
      "rooms_shortname": "BIOL",
      "goodbye": 228
    },
    {
      "rooms_shortname": "BRKX",
      "goodbye": 70
    },
    {
      "rooms_shortname": "BUCH",
      "goodbye": 275
    },
    {
      "rooms_shortname": "CIRS",
      "goodbye": 426
    },
    {
      "rooms_shortname": "CHBE",
      "goodbye": 200
    },
    {
      "rooms_shortname": "CHEM",
      "goodbye": 265
    },
    {
      "rooms_shortname": "CEME",
      "goodbye": 100
    },
    {
      "rooms_shortname": "EOSM",
      "goodbye": 50
    },
    {
      "rooms_shortname": "ESB",
      "goodbye": 350
    },
    {
      "rooms_shortname": "FNH",
      "goodbye": 99
    },
    {
      "rooms_shortname": "FSC",
      "goodbye": 250
    },
    {
      "rooms_shortname": "FORW",
      "goodbye": 63
    },
    {
      "rooms_shortname": "LASR",
      "goodbye": 94
    },
    {
      "rooms_shortname": "FRDM",
      "goodbye": 160
    },
    {
      "rooms_shortname": "GEOG",
      "goodbye": 225
    },
    {
      "rooms_shortname": "HEBB",
      "goodbye": 375
    },
    {
      "rooms_shortname": "HENN",
      "goodbye": 257
    },
    {
      "rooms_shortname": "ANGU",
      "goodbye": 260
    },
    {
      "rooms_shortname": "DMP",
      "goodbye": 160
    },
    {
      "rooms_shortname": "IONA",
      "goodbye": 100
    },
    {
      "rooms_shortname": "IBLC",
      "goodbye": 154
    },
    {
      "rooms_shortname": "SOWK",
      "goodbye": 68
    },
    {
      "rooms_shortname": "LSK",
      "goodbye": 205
    },
    {
      "rooms_shortname": "LSC",
      "goodbye": 350
    },
    {
      "rooms_shortname": "MCLD",
      "goodbye": 136
    },
    {
      "rooms_shortname": "MCML",
      "goodbye": 200
    },
    {
      "rooms_shortname": "MATH",
      "goodbye": 224
    },
    {
      "rooms_shortname": "MATX",
      "goodbye": 106
    },
    {
      "rooms_shortname": "SCRF",
      "goodbye": 280
    },
    {
      "rooms_shortname": "ORCH",
      "goodbye": 72
    },
    {
      "rooms_shortname": "PHRM",
      "goodbye": 236
    },
    {
      "rooms_shortname": "PCOH",
      "goodbye": 40
    },
    {
      "rooms_shortname": "OSBO",
      "goodbye": 442
    },
    {
      "rooms_shortname": "SPPH",
      "goodbye": 66
    },
    {
      "rooms_shortname": "SRC",
      "goodbye": 299
    },
    {
      "rooms_shortname": "UCLL",
      "goodbye": 55
    },
    {
      "rooms_shortname": "MGYM",
      "goodbye": 40
    },
    {
      "rooms_shortname": "WESB",
      "goodbye": 325
    },
    {
      "rooms_shortname": "SWNG",
      "goodbye": 190
    },
    {
      "rooms_shortname": "WOOD",
      "goodbye": 503
    }
  ]
}