{
  "title": "APPLY",
  "input": {
    "WHERE": {
      "OR": [
        {
          "IS": {
            "rooms_shortname": "*"
          }
        },
        {
          "GT": {
            "rooms_lat": 40
          }
        }
      ]
    },
    "OPTIONS": {
      "COLUMNS": [
        "rooms_lat",
        "goodbye"
      ]
    },
    "TRANSFORMATIONS": {
      "GROUP": [
        "rooms_lat"
      ],
      "APPLY": [
        {
          "goodbye": {
            "MAX": "rooms_lat"
          }
        }
      ]
    }
  },
  "errorExpected": false,
  "with": [
    {
      "rooms_lat": 49.2699,
      "goodbye": 49.2699
    },
    {
      "rooms_lat": 49.26958,
      "goodbye": 49.26958
    },
    {
      "rooms_lat": 49.26372,
      "goodbye": 49.26372
    },
    {
      "rooms_lat": 49.2666,
      "goodbye": 49.2666
    },
    {
      "rooms_lat": 49.26479,
      "goodbye": 49.26479
    },
    {
      "rooms_lat": 49.26862,
      "goodbye": 49.26862
    },
    {
      "rooms_lat": 49.26826,
      "goodbye": 49.26826
    },
    {
      "rooms_lat": 49.26207,
      "goodbye": 49.26207
    },
    {
      "rooms_lat": 49.26228,
      "goodbye": 49.26228
    },
    {
      "rooms_lat": 49.2659,
      "goodbye": 49.2659
    },
    {
      "rooms_lat": 49.26273,
      "goodbye": 49.26273
    },
    {
      "rooms_lat": 49.26274,
      "goodbye": 49.26274
    },
    {
      "rooms_lat": 49.26414,
      "goodbye": 49.26414
    },
    {
      "rooms_lat": 49.26044,
      "goodbye": 49.26044
    },
    {
      "rooms_lat": 49.26176,
      "goodbye": 49.26176
    },
    {
      "rooms_lat": 49.26767,
      "goodbye": 49.26767
    },
    {
      "rooms_lat": 49.26541,
      "goodbye": 49.26541
    },
    {
      "rooms_lat": 49.26605,
      "goodbye": 49.26605
    },
    {
      "rooms_lat": 49.2661,
      "goodbye": 49.2661
    },
    {
      "rooms_lat": 49.26627,
      "goodbye": 49.26627
    },
    {
      "rooms_lat": 49.26486,
      "goodbye": 49.26486
    },
    {
      "rooms_lat": 49.26125,
      "goodbye": 49.26125
    },
    {
      "rooms_lat": 49.27106,
      "goodbye": 49.27106
    },
    {
      "rooms_lat": 49.26766,
      "goodbye": 49.26766
    },
    {
      "rooms_lat": 49.2643,
      "goodbye": 49.2643
    },
    {
      "rooms_lat": 49.26545,
      "goodbye": 49.26545
    },
    {
      "rooms_lat": 49.26236,
      "goodbye": 49.26236
    },
    {
      "rooms_lat": 49.26114,
      "goodbye": 49.26114
    },
    {
      "rooms_lat": 49.266463,
      "goodbye": 49.266463
    },
    {
      "rooms_lat": 49.266089,
      "goodbye": 49.266089
    },
    {
      "rooms_lat": 49.26398,
      "goodbye": 49.26398
    },
    {
      "rooms_lat": 49.26048,
      "goodbye": 49.26048
    },
    {
      "rooms_lat": 49.26229,
      "goodbye": 49.26229
    },
    {
      "rooms_lat": 49.264,
      "goodbye": 49.264
    },
    {
      "rooms_lat": 49.26047,
      "goodbye": 49.26047
    },
    {
      "rooms_lat": 49.2642,
      "goodbye": 49.2642
    },
    {
      "rooms_lat": 49.2683,
      "goodbye": 49.2683
    },
    {
      "rooms_lat": 49.26867,
      "goodbye": 49.26867
    },
    {
      "rooms_lat": 49.2663,
      "goodbye": 49.2663
    },
    {
      "rooms_lat": 49.26517,
      "goodbye": 49.26517
    },
    {
      "rooms_lat": 49.26293,
      "goodbye": 49.26293
    },
    {
      "rooms_lat": 49.26478,
      "goodbye": 49.26478
    }
  ]
}