{
  "errorMsg": "Apply rule should only have 1 key, has 2",
  "title": "APPLY",
  "input": {
    "WHERE": {
      "OR": [
        {
          "IS": {
            "rooms_shortname": "*"
          }
        },
        {
          "IS": {
            "rooms_type": "*"
          }
        }
      ]
    },
    "OPTIONS": {
      "COLUMNS": [
        "rooms_shortname",
        "hello",
        "goodbye"
      ]
    },
    "TRANSFORMATIONS": {
      "GROUP": [
        "rooms_shortname"
      ],
      "APPLY": [
        {
          "hello": {
            "MAX": "rooms_seats"
          },
          "goodbye": {
            "MIN": "rooms_lat"
          }
        }
      ]
    }
  },
  "errorExpected": true,
  "with": "InsightError"
}