{
  "title": "EQ27",
  "input": {
    "WHERE": {
      "EQ": {
        "courses_avg": 97
      }
    },
    "OPTIONS": {
      "COLUMNS": [
        "courses_avg",
        "courses_pass",
        "courses_fail",
        "courses_audit",
        "courses_year",
        "courses_dept",
        "courses_id",
        "courses_instructor",
        "courses_title",
        "courses_uuid"
      ],
      "ORDER": "courses_pass"
    }
  },
  "errorExpected": false,
  "with": [
    {
      "courses_avg": 97,
      "courses_pass": 1,
      "courses_fail": 0,
      "courses_audit": 0,
      "courses_year": 2014,
      "courses_dept": "crwr",
      "courses_id": "599",
      "courses_instructor": "campbell, deborah",
      "courses_title": "thesis",
      "courses_uuid": "26255"
    },
    {
      "courses_avg": 97,
      "courses_pass": 1,
      "courses_fail": 0,
      "courses_audit": 0,
      "courses_year": 2012,
      "courses_dept": "psyc",
      "courses_id": "549",
      "courses_instructor": "",
      "courses_title": "masters thesis",
      "courses_uuid": "54846"
    },
    {
      "courses_avg": 97,
      "courses_pass": 8,
      "courses_fail": 0,
      "courses_audit": 0,
      "courses_year": 2009,
      "courses_dept": "epse",
      "courses_id": "534",
      "courses_instructor": "amaral, deborah;ford, laurie",
      "courses_title": "acad assess schl",
      "courses_uuid": "76310"
    }
  ]
}