{
  "title": "EQ6",
  "input": {
    "WHERE": {
      "EQ": {
        "rooms_lat": 49.26044
      }
    },
    "OPTIONS": {
      "COLUMNS": [
        "rooms_lat"
      ],
      "ORDER": "rooms_lat"
    }
  },
  "errorExpected": false,
  "with": [
    {
      "rooms_lat": 49.26044
    },
    {
      "rooms_lat": 49.26044
    },
    {
      "rooms_lat": 49.26044
    },
    {
      "rooms_lat": 49.26044
    },
    {
      "rooms_lat": 49.26044
    },
    {
      "rooms_lat": 49.26044
    },
    {
      "rooms_lat": 49.26044
    },
    {
      "rooms_lat": 49.26044
    },
    {
      "rooms_lat": 49.26044
    },
    {
      "rooms_lat": 49.26044
    }
  ]
}