{
  "title": "GT_1",
  "input": {
    "WHERE": {
      "GT": {
        "courses_avg": 97
      }
    },
    "OPTIONS": {
      "COLUMNS": [
        "courses_avg",
        "courses_pass",
        "courses_fail",
        "courses_audit",
        "courses_year",
        "courses_dept",
        "courses_id",
        "courses_instructor",
        "courses_title",
        "courses_uuid"
      ],
      "ORDER": "courses_avg"
    }
  },
  "errorExpected": false,
  "with": [
    {
      "courses_avg": 97.09,
      "courses_pass": 11,
      "courses_fail": 0,
      "courses_audit": 0,
      "courses_year": 2007,
      "courses_dept": "epse",
      "courses_id": "596",
      "courses_instructor": "kishor, nand",
      "courses_title": "cor des ed res",
      "courses_uuid": "86962"
    },
    {
      "courses_avg": 97.09,
      "courses_pass": 11,
      "courses_fail": 0,
      "courses_audit": 0,
      "courses_year": 1900,
      "courses_dept": "epse",
      "courses_id": "596",
      "courses_instructor": "",
      "courses_title": "cor des ed res",
      "courses_uuid": "86963"
    },
    {
      "courses_avg": 97.09,
      "courses_pass": 11,
      "courses_fail": 0,
      "courses_audit": 0,
      "courses_year": 2010,
      "courses_dept": "math",
      "courses_id": "541",
      "courses_instructor": "laba, izabella",
      "courses_title": "harmonic anal i",
      "courses_uuid": "73173"
    },
    {
      "courses_avg": 97.09,
      "courses_pass": 11,
      "courses_fail": 0,
      "courses_audit": 0,
      "courses_year": 1900,
      "courses_dept": "math",
      "courses_id": "541",
      "courses_instructor": "",
      "courses_title": "harmonic anal i",
      "courses_uuid": "73174"
    },
    {
      "courses_avg": 97.25,
      "courses_pass": 4,
      "courses_fail": 0,
      "courses_audit": 1,
      "courses_year": 2016,
      "courses_dept": "math",
      "courses_id": "525",
      "courses_instructor": "fraser, ailana",
      "courses_title": "diff geometry i",
      "courses_uuid": "32014"
    },
    {
      "courses_avg": 97.25,
      "courses_pass": 4,
      "courses_fail": 0,
      "courses_audit": 1,
      "courses_year": 1900,
      "courses_dept": "math",
      "courses_id": "525",
      "courses_instructor": "",
      "courses_title": "diff geometry i",
      "courses_uuid": "32015"
    },
    {
      "courses_avg": 97.29,
      "courses_pass": 14,
      "courses_fail": 0,
      "courses_audit": 0,
      "courses_year": 2010,
      "courses_dept": "epse",
      "courses_id": "421",
      "courses_instructor": "cole, kenneth",
      "courses_title": "assess lrn diffi",
      "courses_uuid": "35870"
    },
    {
      "courses_avg": 97.29,
      "courses_pass": 14,
      "courses_fail": 0,
      "courses_audit": 0,
      "courses_year": 1900,
      "courses_dept": "epse",
      "courses_id": "421",
      "courses_instructor": "",
      "courses_title": "assess lrn diffi",
      "courses_uuid": "35871"
    },
    {
      "courses_avg": 97.33,
      "courses_pass": 12,
      "courses_fail": 0,
      "courses_audit": 0,
      "courses_year": 2010,
      "courses_dept": "nurs",
      "courses_id": "591",
      "courses_instructor": "brew, nancy",
      "courses_title": "eth&profl issues",
      "courses_uuid": "96261"
    },
    {
      "courses_avg": 97.33,
      "courses_pass": 12,
      "courses_fail": 0,
      "courses_audit": 0,
      "courses_year": 1900,
      "courses_dept": "nurs",
      "courses_id": "591",
      "courses_instructor": "",
      "courses_title": "eth&profl issues",
      "courses_uuid": "96262"
    },
    {
      "courses_avg": 97.41,
      "courses_pass": 17,
      "courses_fail": 0,
      "courses_audit": 0,
      "courses_year": 2011,
      "courses_dept": "epse",
      "courses_id": "449",
      "courses_instructor": "wilk, diana",
      "courses_title": "educ stds autism",
      "courses_uuid": "28943"
    },
    {
      "courses_avg": 97.41,
      "courses_pass": 17,
      "courses_fail": 0,
      "courses_audit": 0,
      "courses_year": 1900,
      "courses_dept": "epse",
      "courses_id": "534",
      "courses_instructor": "",
      "courses_title": "acad assess schl",
      "courses_uuid": "76311"
    },
    {
      "courses_avg": 97.47,
      "courses_pass": 15,
      "courses_fail": 0,
      "courses_audit": 0,
      "courses_year": 2009,
      "courses_dept": "cnps",
      "courses_id": "574",
      "courses_instructor": "neault, roberta a",
      "courses_title": "career planning",
      "courses_uuid": "87779"
    },
    {
      "courses_avg": 97.47,
      "courses_pass": 15,
      "courses_fail": 0,
      "courses_audit": 0,
      "courses_year": 1900,
      "courses_dept": "cnps",
      "courses_id": "574",
      "courses_instructor": "",
      "courses_title": "career planning",
      "courses_uuid": "87780"
    },
    {
      "courses_avg": 97.48,
      "courses_pass": 21,
      "courses_fail": 0,
      "courses_audit": 0,
      "courses_year": 2010,
      "courses_dept": "math",
      "courses_id": "532",
      "courses_instructor": "karu, kalle",
      "courses_title": "algb geometry i",
      "courses_uuid": "73165"
    },
    {
      "courses_avg": 97.48,
      "courses_pass": 21,
      "courses_fail": 0,
      "courses_audit": 0,
      "courses_year": 1900,
      "courses_dept": "math",
      "courses_id": "532",
      "courses_instructor": "",
      "courses_title": "algb geometry i",
      "courses_uuid": "73166"
    },
    {
      "courses_avg": 97.5,
      "courses_pass": 14,
      "courses_fail": 0,
      "courses_audit": 0,
      "courses_year": 2015,
      "courses_dept": "educ",
      "courses_id": "500",
      "courses_instructor": "morgan, tannis",
      "courses_title": "res mthd in educ",
      "courses_uuid": "50495"
    },
    {
      "courses_avg": 97.53,
      "courses_pass": 17,
      "courses_fail": 0,
      "courses_audit": 0,
      "courses_year": 2015,
      "courses_dept": "nurs",
      "courses_id": "578",
      "courses_instructor": "burrows, marlene;harding, jillian;krist, jennifer;mccuaig, fairleth",
      "courses_title": "fam nrs pract",
      "courses_uuid": "73665"
    },
    {
      "courses_avg": 97.53,
      "courses_pass": 17,
      "courses_fail": 0,
      "courses_audit": 0,
      "courses_year": 1900,
      "courses_dept": "nurs",
      "courses_id": "578",
      "courses_instructor": "",
      "courses_title": "fam nrs pract",
      "courses_uuid": "73666"
    },
    {
      "courses_avg": 97.67,
      "courses_pass": 9,
      "courses_fail": 0,
      "courses_audit": 0,
      "courses_year": 2007,
      "courses_dept": "epse",
      "courses_id": "606",
      "courses_instructor": "porath, marion",
      "courses_title": "coll&uni teachng",
      "courses_uuid": "86966"
    },
    {
      "courses_avg": 97.69,
      "courses_pass": 16,
      "courses_fail": 0,
      "courses_audit": 0,
      "courses_year": 2013,
      "courses_dept": "epse",
      "courses_id": "549",
      "courses_instructor": "grow, laura",
      "courses_title": "sem in autism",
      "courses_uuid": "3228"
    },
    {
      "courses_avg": 97.78,
      "courses_pass": 9,
      "courses_fail": 0,
      "courses_audit": 0,
      "courses_year": 2009,
      "courses_dept": "epse",
      "courses_id": "534",
      "courses_instructor": "amaral, deborah;ford, laurie",
      "courses_title": "acad assess schl",
      "courses_uuid": "76309"
    },
    {
      "courses_avg": 98,
      "courses_pass": 1,
      "courses_fail": 0,
      "courses_audit": 0,
      "courses_year": 2013,
      "courses_dept": "crwr",
      "courses_id": "599",
      "courses_instructor": "maillard, keith",
      "courses_title": "thesis",
      "courses_uuid": "46405"
    },
    {
      "courses_avg": 98,
      "courses_pass": 1,
      "courses_fail": 0,
      "courses_audit": 0,
      "courses_year": 2013,
      "courses_dept": "crwr",
      "courses_id": "599",
      "courses_instructor": "grady, albert wayne",
      "courses_title": "thesis",
      "courses_uuid": "46412"
    },
    {
      "courses_avg": 98.08,
      "courses_pass": 12,
      "courses_fail": 0,
      "courses_audit": 0,
      "courses_year": 2009,
      "courses_dept": "epse",
      "courses_id": "421",
      "courses_instructor": "cole, kenneth",
      "courses_title": "assess lrn diffi",
      "courses_uuid": "33779"
    },
    {
      "courses_avg": 98.21,
      "courses_pass": 14,
      "courses_fail": 0,
      "courses_audit": 0,
      "courses_year": 2015,
      "courses_dept": "nurs",
      "courses_id": "509",
      "courses_instructor": "krist, jennifer",
      "courses_title": "cl pro prim care",
      "courses_uuid": "73638"
    },
    {
      "courses_avg": 98.21,
      "courses_pass": 14,
      "courses_fail": 0,
      "courses_audit": 0,
      "courses_year": 1900,
      "courses_dept": "nurs",
      "courses_id": "509",
      "courses_instructor": "",
      "courses_title": "cl pro prim care",
      "courses_uuid": "73639"
    },
    {
      "courses_avg": 98.36,
      "courses_pass": 22,
      "courses_fail": 0,
      "courses_audit": 0,
      "courses_year": 1900,
      "courses_dept": "epse",
      "courses_id": "421",
      "courses_instructor": "",
      "courses_title": "assess lrn diffi",
      "courses_uuid": "33781"
    },
    {
      "courses_avg": 98.45,
      "courses_pass": 11,
      "courses_fail": 0,
      "courses_audit": 0,
      "courses_year": 2011,
      "courses_dept": "epse",
      "courses_id": "519",
      "courses_instructor": "cannon, joanna",
      "courses_title": "dev el sk df&hrd",
      "courses_uuid": "49677"
    },
    {
      "courses_avg": 98.45,
      "courses_pass": 11,
      "courses_fail": 0,
      "courses_audit": 0,
      "courses_year": 1900,
      "courses_dept": "epse",
      "courses_id": "519",
      "courses_instructor": "",
      "courses_title": "dev el sk df&hrd",
      "courses_uuid": "49678"
    },
    {
      "courses_avg": 98.5,
      "courses_pass": 16,
      "courses_fail": 0,
      "courses_audit": 0,
      "courses_year": 2013,
      "courses_dept": "nurs",
      "courses_id": "578",
      "courses_instructor": "burrows, marlene;harding, jillian;krist, jennifer;mccuaig, fairleth",
      "courses_title": "fam nrs pract",
      "courses_uuid": "88151"
    },
    {
      "courses_avg": 98.5,
      "courses_pass": 16,
      "courses_fail": 0,
      "courses_audit": 0,
      "courses_year": 1900,
      "courses_dept": "nurs",
      "courses_id": "578",
      "courses_instructor": "",
      "courses_title": "fam nrs pract",
      "courses_uuid": "88152"
    },
    {
      "courses_avg": 98.58,
      "courses_pass": 24,
      "courses_fail": 0,
      "courses_audit": 0,
      "courses_year": 2012,
      "courses_dept": "epse",
      "courses_id": "449",
      "courses_instructor": "grow, laura",
      "courses_title": "educ stds autism",
      "courses_uuid": "29255"
    },
    {
      "courses_avg": 98.58,
      "courses_pass": 24,
      "courses_fail": 0,
      "courses_audit": 0,
      "courses_year": 1900,
      "courses_dept": "epse",
      "courses_id": "449",
      "courses_instructor": "",
      "courses_title": "educ stds autism",
      "courses_uuid": "29256"
    },
    {
      "courses_avg": 98.58,
      "courses_pass": 12,
      "courses_fail": 0,
      "courses_audit": 0,
      "courses_year": 2010,
      "courses_dept": "nurs",
      "courses_id": "578",
      "courses_instructor": "",
      "courses_title": "fam nrs pract",
      "courses_uuid": "96250"
    },
    {
      "courses_avg": 98.58,
      "courses_pass": 12,
      "courses_fail": 0,
      "courses_audit": 0,
      "courses_year": 1900,
      "courses_dept": "nurs",
      "courses_id": "578",
      "courses_instructor": "",
      "courses_title": "fam nrs pract",
      "courses_uuid": "96251"
    },
    {
      "courses_avg": 98.7,
      "courses_pass": 10,
      "courses_fail": 0,
      "courses_audit": 0,
      "courses_year": 2009,
      "courses_dept": "epse",
      "courses_id": "421",
      "courses_instructor": "cole, kenneth",
      "courses_title": "assess lrn diffi",
      "courses_uuid": "33780"
    },
    {
      "courses_avg": 98.71,
      "courses_pass": 14,
      "courses_fail": 0,
      "courses_audit": 0,
      "courses_year": 2011,
      "courses_dept": "nurs",
      "courses_id": "509",
      "courses_instructor": "brew, nancy",
      "courses_title": "cl pro prim care",
      "courses_uuid": "15343"
    },
    {
      "courses_avg": 98.71,
      "courses_pass": 14,
      "courses_fail": 0,
      "courses_audit": 0,
      "courses_year": 1900,
      "courses_dept": "nurs",
      "courses_id": "509",
      "courses_instructor": "",
      "courses_title": "cl pro prim care",
      "courses_uuid": "15344"
    },
    {
      "courses_avg": 98.75,
      "courses_pass": 12,
      "courses_fail": 0,
      "courses_audit": 0,
      "courses_year": 2009,
      "courses_dept": "eece",
      "courses_id": "541",
      "courses_instructor": "coria, lino",
      "courses_title": "multimedia sys",
      "courses_uuid": "10235"
    },
    {
      "courses_avg": 98.75,
      "courses_pass": 12,
      "courses_fail": 0,
      "courses_audit": 0,
      "courses_year": 1900,
      "courses_dept": "eece",
      "courses_id": "541",
      "courses_instructor": "",
      "courses_title": "multimedia sys",
      "courses_uuid": "10236"
    },
    {
      "courses_avg": 98.76,
      "courses_pass": 17,
      "courses_fail": 0,
      "courses_audit": 0,
      "courses_year": 2012,
      "courses_dept": "epse",
      "courses_id": "449",
      "courses_instructor": "grow, laura",
      "courses_title": "educ stds autism",
      "courses_uuid": "44816"
    },
    {
      "courses_avg": 98.76,
      "courses_pass": 17,
      "courses_fail": 0,
      "courses_audit": 0,
      "courses_year": 1900,
      "courses_dept": "epse",
      "courses_id": "449",
      "courses_instructor": "",
      "courses_title": "educ stds autism",
      "courses_uuid": "44817"
    },
    {
      "courses_avg": 98.8,
      "courses_pass": 25,
      "courses_fail": 0,
      "courses_audit": 0,
      "courses_year": 2014,
      "courses_dept": "epse",
      "courses_id": "449",
      "courses_instructor": "grow, laura",
      "courses_title": "educ stds autism",
      "courses_uuid": "6320"
    },
    {
      "courses_avg": 98.98,
      "courses_pass": 82,
      "courses_fail": 0,
      "courses_audit": 0,
      "courses_year": 2015,
      "courses_dept": "spph",
      "courses_id": "300",
      "courses_instructor": "frank, erica",
      "courses_title": "work int health",
      "courses_uuid": "65069"
    },
    {
      "courses_avg": 98.98,
      "courses_pass": 82,
      "courses_fail": 0,
      "courses_audit": 0,
      "courses_year": 1900,
      "courses_dept": "spph",
      "courses_id": "300",
      "courses_instructor": "",
      "courses_title": "work int health",
      "courses_uuid": "65070"
    },
    {
      "courses_avg": 99.19,
      "courses_pass": 16,
      "courses_fail": 0,
      "courses_audit": 0,
      "courses_year": 2012,
      "courses_dept": "cnps",
      "courses_id": "574",
      "courses_instructor": "cox, daniel",
      "courses_title": "career planning",
      "courses_uuid": "26777"
    },
    {
      "courses_avg": 99.78,
      "courses_pass": 9,
      "courses_fail": 0,
      "courses_audit": 0,
      "courses_year": 2009,
      "courses_dept": "math",
      "courses_id": "527",
      "courses_instructor": "gomez, jose",
      "courses_title": "algb topology i",
      "courses_uuid": "5373"
    },
    {
      "courses_avg": 99.78,
      "courses_pass": 9,
      "courses_fail": 0,
      "courses_audit": 0,
      "courses_year": 1900,
      "courses_dept": "math",
      "courses_id": "527",
      "courses_instructor": "",
      "courses_title": "algb topology i",
      "courses_uuid": "5374"
    }
  ]
}