{
  "title": "GT_16",
  "input": {
    "WHERE": {
      "GT": {
        "rooms_seats": 40
      }
    },
    "OPTIONS": {
      "COLUMNS": [
        "rooms_lat",
        "rooms_lon",
        "rooms_fullname",
        "rooms_seats"
      ],
      "ORDER": "rooms_seats"
    }
  },
  "errorExpected": false,
  "with": [
    {
      "rooms_lat": 49.26486,
      "rooms_lon": -123.25364,
      "rooms_fullname": "Henry Angus",
      "rooms_seats": 41
    },
    {
      "rooms_lat": 49.26486,
      "rooms_lon": -123.25364,
      "rooms_fullname": "Henry Angus",
      "rooms_seats": 41
    },
    {
      "rooms_lat": 49.26486,
      "rooms_lon": -123.25364,
      "rooms_fullname": "Henry Angus",
      "rooms_seats": 41
    },
    {
      "rooms_lat": 49.26826,
      "rooms_lon": -123.25468,
      "rooms_fullname": "Buchanan",
      "rooms_seats": 42
    },
    {
      "rooms_lat": 49.26605,
      "rooms_lon": -123.25623,
      "rooms_fullname": "Geography",
      "rooms_seats": 42
    },
    {
      "rooms_lat": 49.26545,
      "rooms_lon": -123.25533,
      "rooms_fullname": "Leonard S. Klinck (also known as CSCI)",
      "rooms_seats": 42
    },
    {
      "rooms_lat": 49.26414,
      "rooms_lon": -123.24959,
      "rooms_fullname": "Food, Nutrition and Health",
      "rooms_seats": 43
    },
    {
      "rooms_lat": 49.2699,
      "rooms_lon": -123.25318,
      "rooms_fullname": "Allard Hall (LAW)",
      "rooms_seats": 44
    },
    {
      "rooms_lat": 49.26176,
      "rooms_lon": -123.25179,
      "rooms_fullname": "Frank Forward",
      "rooms_seats": 44
    },
    {
      "rooms_lat": 49.26486,
      "rooms_lon": -123.25364,
      "rooms_fullname": "Henry Angus",
      "rooms_seats": 44
    },
    {
      "rooms_lat": 49.26486,
      "rooms_lon": -123.25364,
      "rooms_fullname": "Henry Angus",
      "rooms_seats": 44
    },
    {
      "rooms_lat": 49.26273,
      "rooms_lon": -123.24894,
      "rooms_fullname": "Civil and Mechanical Engineering",
      "rooms_seats": 45
    },
    {
      "rooms_lat": 49.26114,
      "rooms_lon": -123.25027,
      "rooms_fullname": "MacMillan",
      "rooms_seats": 47
    },
    {
      "rooms_lat": 49.26293,
      "rooms_lon": -123.25431,
      "rooms_fullname": "West Mall Swing Space",
      "rooms_seats": 47
    },
    {
      "rooms_lat": 49.26293,
      "rooms_lon": -123.25431,
      "rooms_fullname": "West Mall Swing Space",
      "rooms_seats": 47
    },
    {
      "rooms_lat": 49.26293,
      "rooms_lon": -123.25431,
      "rooms_fullname": "West Mall Swing Space",
      "rooms_seats": 47
    },
    {
      "rooms_lat": 49.26293,
      "rooms_lon": -123.25431,
      "rooms_fullname": "West Mall Swing Space",
      "rooms_seats": 47
    },
    {
      "rooms_lat": 49.26293,
      "rooms_lon": -123.25431,
      "rooms_fullname": "West Mall Swing Space",
      "rooms_seats": 47
    },
    {
      "rooms_lat": 49.26293,
      "rooms_lon": -123.25431,
      "rooms_fullname": "West Mall Swing Space",
      "rooms_seats": 47
    },
    {
      "rooms_lat": 49.26293,
      "rooms_lon": -123.25431,
      "rooms_fullname": "West Mall Swing Space",
      "rooms_seats": 47
    },
    {
      "rooms_lat": 49.26293,
      "rooms_lon": -123.25431,
      "rooms_fullname": "West Mall Swing Space",
      "rooms_seats": 47
    },
    {
      "rooms_lat": 49.26293,
      "rooms_lon": -123.25431,
      "rooms_fullname": "West Mall Swing Space",
      "rooms_seats": 47
    },
    {
      "rooms_lat": 49.26826,
      "rooms_lon": -123.25468,
      "rooms_fullname": "Buchanan",
      "rooms_seats": 48
    },
    {
      "rooms_lat": 49.266463,
      "rooms_lon": -123.255534,
      "rooms_fullname": "Mathematics",
      "rooms_seats": 48
    },
    {
      "rooms_lat": 49.266463,
      "rooms_lon": -123.255534,
      "rooms_fullname": "Mathematics",
      "rooms_seats": 48
    },
    {
      "rooms_lat": 49.26048,
      "rooms_lon": -123.24944,
      "rooms_fullname": "Orchard Commons",
      "rooms_seats": 48
    },
    {
      "rooms_lat": 49.26048,
      "rooms_lon": -123.24944,
      "rooms_fullname": "Orchard Commons",
      "rooms_seats": 48
    },
    {
      "rooms_lat": 49.26867,
      "rooms_lon": -123.25692,
      "rooms_fullname": "The Leon and Thea Koerner University Centre",
      "rooms_seats": 48
    },
    {
      "rooms_lat": 49.2699,
      "rooms_lon": -123.25318,
      "rooms_fullname": "Allard Hall (LAW)",
      "rooms_seats": 50
    },
    {
      "rooms_lat": 49.26826,
      "rooms_lon": -123.25468,
      "rooms_fullname": "Buchanan",
      "rooms_seats": 50
    },
    {
      "rooms_lat": 49.26826,
      "rooms_lon": -123.25468,
      "rooms_fullname": "Buchanan",
      "rooms_seats": 50
    },
    {
      "rooms_lat": 49.26826,
      "rooms_lon": -123.25468,
      "rooms_fullname": "Buchanan",
      "rooms_seats": 50
    },
    {
      "rooms_lat": 49.26228,
      "rooms_lon": -123.25198,
      "rooms_fullname": "Earth and Ocean Sciences - Main",
      "rooms_seats": 50
    },
    {
      "rooms_lat": 49.27106,
      "rooms_lon": -123.25042,
      "rooms_fullname": "Iona Building",
      "rooms_seats": 50
    },
    {
      "rooms_lat": 49.26766,
      "rooms_lon": -123.2521,
      "rooms_fullname": "Irving K Barber Learning Centre",
      "rooms_seats": 50
    },
    {
      "rooms_lat": 49.26767,
      "rooms_lon": -123.25583,
      "rooms_fullname": "Frederic Lasserre",
      "rooms_seats": 51
    },
    {
      "rooms_lat": 49.26486,
      "rooms_lon": -123.25364,
      "rooms_fullname": "Henry Angus",
      "rooms_seats": 53
    },
    {
      "rooms_lat": 49.26414,
      "rooms_lon": -123.24959,
      "rooms_fullname": "Food, Nutrition and Health",
      "rooms_seats": 54
    },
    {
      "rooms_lat": 49.2661,
      "rooms_lon": -123.25165,
      "rooms_fullname": "Hebb",
      "rooms_seats": 54
    },
    {
      "rooms_lat": 49.2661,
      "rooms_lon": -123.25165,
      "rooms_fullname": "Hebb",
      "rooms_seats": 54
    },
    {
      "rooms_lat": 49.2661,
      "rooms_lon": -123.25165,
      "rooms_fullname": "Hebb",
      "rooms_seats": 54
    },
    {
      "rooms_lat": 49.26486,
      "rooms_lon": -123.25364,
      "rooms_fullname": "Henry Angus",
      "rooms_seats": 54
    },
    {
      "rooms_lat": 49.26486,
      "rooms_lon": -123.25364,
      "rooms_fullname": "Henry Angus",
      "rooms_seats": 54
    },
    {
      "rooms_lat": 49.26486,
      "rooms_lon": -123.25364,
      "rooms_fullname": "Henry Angus",
      "rooms_seats": 54
    },
    {
      "rooms_lat": 49.26486,
      "rooms_lon": -123.25364,
      "rooms_fullname": "Henry Angus",
      "rooms_seats": 54
    },
    {
      "rooms_lat": 49.26867,
      "rooms_lon": -123.25692,
      "rooms_fullname": "The Leon and Thea Koerner University Centre",
      "rooms_seats": 55
    },
    {
      "rooms_lat": 49.26826,
      "rooms_lon": -123.25468,
      "rooms_fullname": "Buchanan",
      "rooms_seats": 56
    },
    {
      "rooms_lat": 49.26486,
      "rooms_lon": -123.25364,
      "rooms_fullname": "Henry Angus",
      "rooms_seats": 58
    },
    {
      "rooms_lat": 49.26228,
      "rooms_lon": -123.24718,
      "rooms_fullname": "Chemical and Biological Engineering Building",
      "rooms_seats": 60
    },
    {
      "rooms_lat": 49.26767,
      "rooms_lon": -123.25583,
      "rooms_fullname": "Frederic Lasserre",
      "rooms_seats": 60
    },
    {
      "rooms_lat": 49.26605,
      "rooms_lon": -123.25623,
      "rooms_fullname": "Geography",
      "rooms_seats": 60
    },
    {
      "rooms_lat": 49.26605,
      "rooms_lon": -123.25623,
      "rooms_fullname": "Geography",
      "rooms_seats": 60
    },
    {
      "rooms_lat": 49.26486,
      "rooms_lon": -123.25364,
      "rooms_fullname": "Henry Angus",
      "rooms_seats": 60
    },
    {
      "rooms_lat": 49.26486,
      "rooms_lon": -123.25364,
      "rooms_fullname": "Henry Angus",
      "rooms_seats": 60
    },
    {
      "rooms_lat": 49.26176,
      "rooms_lon": -123.24935,
      "rooms_fullname": "MacLeod",
      "rooms_seats": 60
    },
    {
      "rooms_lat": 49.26176,
      "rooms_lon": -123.24935,
      "rooms_fullname": "MacLeod",
      "rooms_seats": 60
    },
    {
      "rooms_lat": 49.266463,
      "rooms_lon": -123.255534,
      "rooms_fullname": "Mathematics",
      "rooms_seats": 60
    },
    {
      "rooms_lat": 49.26398,
      "rooms_lon": -123.2531,
      "rooms_fullname": "Neville Scarfe",
      "rooms_seats": 60
    },
    {
      "rooms_lat": 49.26273,
      "rooms_lon": -123.24894,
      "rooms_fullname": "Civil and Mechanical Engineering",
      "rooms_seats": 62
    },
    {
      "rooms_lat": 49.26176,
      "rooms_lon": -123.25179,
      "rooms_fullname": "Frank Forward",
      "rooms_seats": 63
    },
    {
      "rooms_lat": 49.26826,
      "rooms_lon": -123.25468,
      "rooms_fullname": "Buchanan",
      "rooms_seats": 65
    },
    {
      "rooms_lat": 49.26826,
      "rooms_lon": -123.25468,
      "rooms_fullname": "Buchanan",
      "rooms_seats": 65
    },
    {
      "rooms_lat": 49.26826,
      "rooms_lon": -123.25468,
      "rooms_fullname": "Buchanan",
      "rooms_seats": 65
    },
    {
      "rooms_lat": 49.26826,
      "rooms_lon": -123.25468,
      "rooms_fullname": "Buchanan",
      "rooms_seats": 65
    },
    {
      "rooms_lat": 49.26044,
      "rooms_lon": -123.24886,
      "rooms_fullname": "Forest Sciences Centre",
      "rooms_seats": 65
    },
    {
      "rooms_lat": 49.26044,
      "rooms_lon": -123.24886,
      "rooms_fullname": "Forest Sciences Centre",
      "rooms_seats": 65
    },
    {
      "rooms_lat": 49.2642,
      "rooms_lon": -123.24842,
      "rooms_fullname": "School of Population and Public Health",
      "rooms_seats": 66
    },
    {
      "rooms_lat": 49.26486,
      "rooms_lon": -123.25364,
      "rooms_fullname": "Henry Angus",
      "rooms_seats": 68
    },
    {
      "rooms_lat": 49.26486,
      "rooms_lon": -123.25364,
      "rooms_fullname": "Henry Angus",
      "rooms_seats": 68
    },
    {
      "rooms_lat": 49.26486,
      "rooms_lon": -123.25364,
      "rooms_fullname": "Henry Angus",
      "rooms_seats": 68
    },
    {
      "rooms_lat": 49.2643,
      "rooms_lon": -123.25505,
      "rooms_fullname": "Jack Bell Building for the School of Social Work",
      "rooms_seats": 68
    },
    {
      "rooms_lat": 49.26862,
      "rooms_lon": -123.25237,
      "rooms_fullname": "Brock Hall Annex",
      "rooms_seats": 70
    },
    {
      "rooms_lat": 49.26486,
      "rooms_lon": -123.25364,
      "rooms_fullname": "Henry Angus",
      "rooms_seats": 70
    },
    {
      "rooms_lat": 49.26486,
      "rooms_lon": -123.25364,
      "rooms_fullname": "Henry Angus",
      "rooms_seats": 70
    },
    {
      "rooms_lat": 49.26605,
      "rooms_lon": -123.25623,
      "rooms_fullname": "Geography",
      "rooms_seats": 72
    },
    {
      "rooms_lat": 49.26114,
      "rooms_lon": -123.25027,
      "rooms_fullname": "MacMillan",
      "rooms_seats": 72
    },
    {
      "rooms_lat": 49.26048,
      "rooms_lon": -123.24944,
      "rooms_fullname": "Orchard Commons",
      "rooms_seats": 72
    },
    {
      "rooms_lat": 49.26048,
      "rooms_lon": -123.24944,
      "rooms_fullname": "Orchard Commons",
      "rooms_seats": 72
    },
    {
      "rooms_lat": 49.26048,
      "rooms_lon": -123.24944,
      "rooms_fullname": "Orchard Commons",
      "rooms_seats": 72
    },
    {
      "rooms_lat": 49.26229,
      "rooms_lon": -123.24342,
      "rooms_fullname": "Pharmaceutical Sciences Building",
      "rooms_seats": 72
    },
    {
      "rooms_lat": 49.26114,
      "rooms_lon": -123.25027,
      "rooms_fullname": "MacMillan",
      "rooms_seats": 74
    },
    {
      "rooms_lat": 49.26545,
      "rooms_lon": -123.25533,
      "rooms_fullname": "Leonard S. Klinck (also known as CSCI)",
      "rooms_seats": 75
    },
    {
      "rooms_lat": 49.26479,
      "rooms_lon": -123.25249,
      "rooms_fullname": "Biological Sciences",
      "rooms_seats": 76
    },
    {
      "rooms_lat": 49.26826,
      "rooms_lon": -123.25468,
      "rooms_fullname": "Buchanan",
      "rooms_seats": 78
    },
    {
      "rooms_lat": 49.26826,
      "rooms_lon": -123.25468,
      "rooms_fullname": "Buchanan",
      "rooms_seats": 78
    },
    {
      "rooms_lat": 49.26826,
      "rooms_lon": -123.25468,
      "rooms_fullname": "Buchanan",
      "rooms_seats": 78
    },
    {
      "rooms_lat": 49.26826,
      "rooms_lon": -123.25468,
      "rooms_fullname": "Buchanan",
      "rooms_seats": 78
    },
    {
      "rooms_lat": 49.26274,
      "rooms_lon": -123.25224,
      "rooms_fullname": "Earth Sciences Building",
      "rooms_seats": 80
    },
    {
      "rooms_lat": 49.26767,
      "rooms_lon": -123.25583,
      "rooms_fullname": "Frederic Lasserre",
      "rooms_seats": 80
    },
    {
      "rooms_lat": 49.26486,
      "rooms_lon": -123.25364,
      "rooms_fullname": "Henry Angus",
      "rooms_seats": 80
    },
    {
      "rooms_lat": 49.26125,
      "rooms_lon": -123.24807,
      "rooms_fullname": "Hugh Dempster Pavilion",
      "rooms_seats": 80
    },
    {
      "rooms_lat": 49.26176,
      "rooms_lon": -123.24935,
      "rooms_fullname": "MacLeod",
      "rooms_seats": 84
    },
    {
      "rooms_lat": 49.26478,
      "rooms_lon": -123.24673,
      "rooms_fullname": "Woodward (Instructional Resources Centre-IRC)",
      "rooms_seats": 88
    },
    {
      "rooms_lat": 49.26958,
      "rooms_lon": -123.25741,
      "rooms_fullname": "Anthropology and Sociology",
      "rooms_seats": 90
    },
    {
      "rooms_lat": 49.2659,
      "rooms_lon": -123.25308,
      "rooms_fullname": "Chemistry",
      "rooms_seats": 90
    },
    {
      "rooms_lat": 49.2659,
      "rooms_lon": -123.25308,
      "rooms_fullname": "Chemistry",
      "rooms_seats": 90
    },
    {
      "rooms_lat": 49.2699,
      "rooms_lon": -123.25318,
      "rooms_fullname": "Allard Hall (LAW)",
      "rooms_seats": 94
    },
    {
      "rooms_lat": 49.26228,
      "rooms_lon": -123.24718,
      "rooms_fullname": "Chemical and Biological Engineering Building",
      "rooms_seats": 94
    },
    {
      "rooms_lat": 49.26767,
      "rooms_lon": -123.25583,
      "rooms_fullname": "Frederic Lasserre",
      "rooms_seats": 94
    },
    {
      "rooms_lat": 49.26414,
      "rooms_lon": -123.24959,
      "rooms_fullname": "Food, Nutrition and Health",
      "rooms_seats": 99
    },
    {
      "rooms_lat": 49.26044,
      "rooms_lon": -123.24886,
      "rooms_fullname": "Forest Sciences Centre",
      "rooms_seats": 99
    },
    {
      "rooms_lat": 49.26273,
      "rooms_lon": -123.24894,
      "rooms_fullname": "Civil and Mechanical Engineering",
      "rooms_seats": 100
    },
    {
      "rooms_lat": 49.26605,
      "rooms_lon": -123.25623,
      "rooms_fullname": "Geography",
      "rooms_seats": 100
    },
    {
      "rooms_lat": 49.27106,
      "rooms_lon": -123.25042,
      "rooms_fullname": "Iona Building",
      "rooms_seats": 100
    },
    {
      "rooms_lat": 49.26517,
      "rooms_lon": -123.24937,
      "rooms_fullname": "Wesbrook",
      "rooms_seats": 102
    },
    {
      "rooms_lat": 49.266089,
      "rooms_lon": -123.254816,
      "rooms_fullname": "Mathematics Annex",
      "rooms_seats": 106
    },
    {
      "rooms_lat": 49.26826,
      "rooms_lon": -123.25468,
      "rooms_fullname": "Buchanan",
      "rooms_seats": 108
    },
    {
      "rooms_lat": 49.26826,
      "rooms_lon": -123.25468,
      "rooms_fullname": "Buchanan",
      "rooms_seats": 108
    },
    {
      "rooms_lat": 49.26766,
      "rooms_lon": -123.2521,
      "rooms_fullname": "Irving K Barber Learning Centre",
      "rooms_seats": 112
    },
    {
      "rooms_lat": 49.2659,
      "rooms_lon": -123.25308,
      "rooms_fullname": "Chemistry",
      "rooms_seats": 114
    },
    {
      "rooms_lat": 49.2659,
      "rooms_lon": -123.25308,
      "rooms_fullname": "Chemistry",
      "rooms_seats": 114
    },
    {
      "rooms_lat": 49.26125,
      "rooms_lon": -123.24807,
      "rooms_fullname": "Hugh Dempster Pavilion",
      "rooms_seats": 120
    },
    {
      "rooms_lat": 49.26478,
      "rooms_lon": -123.24673,
      "rooms_fullname": "Woodward (Instructional Resources Centre-IRC)",
      "rooms_seats": 120
    },
    {
      "rooms_lat": 49.26478,
      "rooms_lon": -123.24673,
      "rooms_fullname": "Woodward (Instructional Resources Centre-IRC)",
      "rooms_seats": 120
    },
    {
      "rooms_lat": 49.26478,
      "rooms_lon": -123.24673,
      "rooms_fullname": "Woodward (Instructional Resources Centre-IRC)",
      "rooms_seats": 120
    },
    {
      "rooms_lat": 49.26176,
      "rooms_lon": -123.24935,
      "rooms_fullname": "MacLeod",
      "rooms_seats": 123
    },
    {
      "rooms_lat": 49.26236,
      "rooms_lon": -123.24494,
      "rooms_fullname": "Life Sciences Centre",
      "rooms_seats": 125
    },
    {
      "rooms_lat": 49.26826,
      "rooms_lon": -123.25468,
      "rooms_fullname": "Buchanan",
      "rooms_seats": 131
    },
    {
      "rooms_lat": 49.26176,
      "rooms_lon": -123.24935,
      "rooms_fullname": "MacLeod",
      "rooms_seats": 136
    },
    {
      "rooms_lat": 49.26372,
      "rooms_lon": -123.25099,
      "rooms_fullname": "Aquatic Ecosystems Research Laboratory",
      "rooms_seats": 144
    },
    {
      "rooms_lat": 49.26826,
      "rooms_lon": -123.25468,
      "rooms_fullname": "Buchanan",
      "rooms_seats": 150
    },
    {
      "rooms_lat": 49.26826,
      "rooms_lon": -123.25468,
      "rooms_fullname": "Buchanan",
      "rooms_seats": 150
    },
    {
      "rooms_lat": 49.26274,
      "rooms_lon": -123.25224,
      "rooms_fullname": "Earth Sciences Building",
      "rooms_seats": 150
    },
    {
      "rooms_lat": 49.26627,
      "rooms_lon": -123.25374,
      "rooms_fullname": "Hennings",
      "rooms_seats": 150
    },
    {
      "rooms_lat": 49.26766,
      "rooms_lon": -123.2521,
      "rooms_fullname": "Irving K Barber Learning Centre",
      "rooms_seats": 154
    },
    {
      "rooms_lat": 49.26627,
      "rooms_lon": -123.25374,
      "rooms_fullname": "Hennings",
      "rooms_seats": 155
    },
    {
      "rooms_lat": 49.26541,
      "rooms_lon": -123.24608,
      "rooms_fullname": "Friedman Building",
      "rooms_seats": 160
    },
    {
      "rooms_lat": 49.26125,
      "rooms_lon": -123.24807,
      "rooms_fullname": "Hugh Dempster Pavilion",
      "rooms_seats": 160
    },
    {
      "rooms_lat": 49.26229,
      "rooms_lon": -123.24342,
      "rooms_fullname": "Pharmaceutical Sciences Building",
      "rooms_seats": 167
    },
    {
      "rooms_lat": 49.26826,
      "rooms_lon": -123.25468,
      "rooms_fullname": "Buchanan",
      "rooms_seats": 181
    },
    {
      "rooms_lat": 49.26478,
      "rooms_lon": -123.24673,
      "rooms_fullname": "Woodward (Instructional Resources Centre-IRC)",
      "rooms_seats": 181
    },
    {
      "rooms_lat": 49.26545,
      "rooms_lon": -123.25533,
      "rooms_fullname": "Leonard S. Klinck (also known as CSCI)",
      "rooms_seats": 183
    },
    {
      "rooms_lat": 49.26293,
      "rooms_lon": -123.25431,
      "rooms_fullname": "West Mall Swing Space",
      "rooms_seats": 187
    },
    {
      "rooms_lat": 49.26293,
      "rooms_lon": -123.25431,
      "rooms_fullname": "West Mall Swing Space",
      "rooms_seats": 188
    },
    {
      "rooms_lat": 49.26293,
      "rooms_lon": -123.25431,
      "rooms_fullname": "West Mall Swing Space",
      "rooms_seats": 190
    },
    {
      "rooms_lat": 49.26293,
      "rooms_lon": -123.25431,
      "rooms_fullname": "West Mall Swing Space",
      "rooms_seats": 190
    },
    {
      "rooms_lat": 49.26228,
      "rooms_lon": -123.24718,
      "rooms_fullname": "Chemical and Biological Engineering Building",
      "rooms_seats": 200
    },
    {
      "rooms_lat": 49.26114,
      "rooms_lon": -123.25027,
      "rooms_fullname": "MacMillan",
      "rooms_seats": 200
    },
    {
      "rooms_lat": 49.26545,
      "rooms_lon": -123.25533,
      "rooms_fullname": "Leonard S. Klinck (also known as CSCI)",
      "rooms_seats": 205
    },
    {
      "rooms_lat": 49.266463,
      "rooms_lon": -123.255534,
      "rooms_fullname": "Mathematics",
      "rooms_seats": 224
    },
    {
      "rooms_lat": 49.26605,
      "rooms_lon": -123.25623,
      "rooms_fullname": "Geography",
      "rooms_seats": 225
    },
    {
      "rooms_lat": 49.26479,
      "rooms_lon": -123.25249,
      "rooms_fullname": "Biological Sciences",
      "rooms_seats": 228
    },
    {
      "rooms_lat": 49.26229,
      "rooms_lon": -123.24342,
      "rooms_fullname": "Pharmaceutical Sciences Building",
      "rooms_seats": 236
    },
    {
      "rooms_lat": 49.2659,
      "rooms_lon": -123.25308,
      "rooms_fullname": "Chemistry",
      "rooms_seats": 240
    },
    {
      "rooms_lat": 49.26044,
      "rooms_lon": -123.24886,
      "rooms_fullname": "Forest Sciences Centre",
      "rooms_seats": 250
    },
    {
      "rooms_lat": 49.26627,
      "rooms_lon": -123.25374,
      "rooms_fullname": "Hennings",
      "rooms_seats": 257
    },
    {
      "rooms_lat": 49.26486,
      "rooms_lon": -123.25364,
      "rooms_fullname": "Henry Angus",
      "rooms_seats": 260
    },
    {
      "rooms_lat": 49.2659,
      "rooms_lon": -123.25308,
      "rooms_fullname": "Chemistry",
      "rooms_seats": 265
    },
    {
      "rooms_lat": 49.26826,
      "rooms_lon": -123.25468,
      "rooms_fullname": "Buchanan",
      "rooms_seats": 275
    },
    {
      "rooms_lat": 49.26398,
      "rooms_lon": -123.2531,
      "rooms_fullname": "Neville Scarfe",
      "rooms_seats": 280
    },
    {
      "rooms_lat": 49.2683,
      "rooms_lon": -123.24894,
      "rooms_fullname": "Student Recreation Centre",
      "rooms_seats": 299
    },
    {
      "rooms_lat": 49.2683,
      "rooms_lon": -123.24894,
      "rooms_fullname": "Student Recreation Centre",
      "rooms_seats": 299
    },
    {
      "rooms_lat": 49.2683,
      "rooms_lon": -123.24894,
      "rooms_fullname": "Student Recreation Centre",
      "rooms_seats": 299
    },
    {
      "rooms_lat": 49.26517,
      "rooms_lon": -123.24937,
      "rooms_fullname": "Wesbrook",
      "rooms_seats": 325
    },
    {
      "rooms_lat": 49.26274,
      "rooms_lon": -123.25224,
      "rooms_fullname": "Earth Sciences Building",
      "rooms_seats": 350
    },
    {
      "rooms_lat": 49.26236,
      "rooms_lon": -123.24494,
      "rooms_fullname": "Life Sciences Centre",
      "rooms_seats": 350
    },
    {
      "rooms_lat": 49.26236,
      "rooms_lon": -123.24494,
      "rooms_fullname": "Life Sciences Centre",
      "rooms_seats": 350
    },
    {
      "rooms_lat": 49.2661,
      "rooms_lon": -123.25165,
      "rooms_fullname": "Hebb",
      "rooms_seats": 375
    },
    {
      "rooms_lat": 49.26207,
      "rooms_lon": -123.25314,
      "rooms_fullname": "Centre for Interactive  Research on Sustainability",
      "rooms_seats": 426
    },
    {
      "rooms_lat": 49.26047,
      "rooms_lon": -123.24467,
      "rooms_fullname": "Robert F. Osborne Centre",
      "rooms_seats": 442
    },
    {
      "rooms_lat": 49.26478,
      "rooms_lon": -123.24673,
      "rooms_fullname": "Woodward (Instructional Resources Centre-IRC)",
      "rooms_seats": 503
    }
  ]
}