{
  "title": "GT_29_error",
  "input": {
    "WHERE": {
      "GT": {
        "rooms_lat": 40
      }
    },
    "OPTIONS": {
      "COLUMNS": [
        "rooms_lat",
        "rooms_lon",
        "rooms_fullname",
        "rooms_seats",
        "rooms_href"
      ],
      "ORDER": "rooms_href"
    }
  },
  "errorExpected": false,
  "with": [
    {
      "rooms_lat": 49.26372,
      "rooms_lon": -123.25099,
      "rooms_fullname": "Aquatic Ecosystems Research Laboratory",
      "rooms_seats": 144,
      "rooms_href": "http://students.ubc.ca/campus/discover/buildings-and-classrooms/room/AERL-120"
    },
    {
      "rooms_lat": 49.2699,
      "rooms_lon": -123.25318,
      "rooms_fullname": "Allard Hall (LAW)",
      "rooms_seats": 94,
      "rooms_href": "http://students.ubc.ca/campus/discover/buildings-and-classrooms/room/ALRD-105"
    },
    {
      "rooms_lat": 49.2699,
      "rooms_lon": -123.25318,
      "rooms_fullname": "Allard Hall (LAW)",
      "rooms_seats": 20,
      "rooms_href": "http://students.ubc.ca/campus/discover/buildings-and-classrooms/room/ALRD-112"
    },
    {
      "rooms_lat": 49.2699,
      "rooms_lon": -123.25318,
      "rooms_fullname": "Allard Hall (LAW)",
      "rooms_seats": 20,
      "rooms_href": "http://students.ubc.ca/campus/discover/buildings-and-classrooms/room/ALRD-113"
    },
    {
      "rooms_lat": 49.2699,
      "rooms_lon": -123.25318,
      "rooms_fullname": "Allard Hall (LAW)",
      "rooms_seats": 50,
      "rooms_href": "http://students.ubc.ca/campus/discover/buildings-and-classrooms/room/ALRD-121"
    },
    {
      "rooms_lat": 49.2699,
      "rooms_lon": -123.25318,
      "rooms_fullname": "Allard Hall (LAW)",
      "rooms_seats": 44,
      "rooms_href": "http://students.ubc.ca/campus/discover/buildings-and-classrooms/room/ALRD-B101"
    },
    {
      "rooms_lat": 49.26486,
      "rooms_lon": -123.25364,
      "rooms_fullname": "Henry Angus",
      "rooms_seats": 54,
      "rooms_href": "http://students.ubc.ca/campus/discover/buildings-and-classrooms/room/ANGU-037"
    },
    {
      "rooms_lat": 49.26486,
      "rooms_lon": -123.25364,
      "rooms_fullname": "Henry Angus",
      "rooms_seats": 54,
      "rooms_href": "http://students.ubc.ca/campus/discover/buildings-and-classrooms/room/ANGU-039"
    },
    {
      "rooms_lat": 49.26486,
      "rooms_lon": -123.25364,
      "rooms_fullname": "Henry Angus",
      "rooms_seats": 260,
      "rooms_href": "http://students.ubc.ca/campus/discover/buildings-and-classrooms/room/ANGU-098"
    },
    {
      "rooms_lat": 49.26486,
      "rooms_lon": -123.25364,
      "rooms_fullname": "Henry Angus",
      "rooms_seats": 16,
      "rooms_href": "http://students.ubc.ca/campus/discover/buildings-and-classrooms/room/ANGU-232"
    },
    {
      "rooms_lat": 49.26486,
      "rooms_lon": -123.25364,
      "rooms_fullname": "Henry Angus",
      "rooms_seats": 60,
      "rooms_href": "http://students.ubc.ca/campus/discover/buildings-and-classrooms/room/ANGU-234"
    },
    {
      "rooms_lat": 49.26486,
      "rooms_lon": -123.25364,
      "rooms_fullname": "Henry Angus",
      "rooms_seats": 41,
      "rooms_href": "http://students.ubc.ca/campus/discover/buildings-and-classrooms/room/ANGU-235"
    },
    {
      "rooms_lat": 49.26486,
      "rooms_lon": -123.25364,
      "rooms_fullname": "Henry Angus",
      "rooms_seats": 41,
      "rooms_href": "http://students.ubc.ca/campus/discover/buildings-and-classrooms/room/ANGU-237"
    },
    {
      "rooms_lat": 49.26486,
      "rooms_lon": -123.25364,
      "rooms_fullname": "Henry Angus",
      "rooms_seats": 70,
      "rooms_href": "http://students.ubc.ca/campus/discover/buildings-and-classrooms/room/ANGU-241"
    },
    {
      "rooms_lat": 49.26486,
      "rooms_lon": -123.25364,
      "rooms_fullname": "Henry Angus",
      "rooms_seats": 68,
      "rooms_href": "http://students.ubc.ca/campus/discover/buildings-and-classrooms/room/ANGU-243"
    },
    {
      "rooms_lat": 49.26486,
      "rooms_lon": -123.25364,
      "rooms_fullname": "Henry Angus",
      "rooms_seats": 80,
      "rooms_href": "http://students.ubc.ca/campus/discover/buildings-and-classrooms/room/ANGU-254"
    },
    {
      "rooms_lat": 49.26486,
      "rooms_lon": -123.25364,
      "rooms_fullname": "Henry Angus",
      "rooms_seats": 54,
      "rooms_href": "http://students.ubc.ca/campus/discover/buildings-and-classrooms/room/ANGU-291"
    },
    {
      "rooms_lat": 49.26486,
      "rooms_lon": -123.25364,
      "rooms_fullname": "Henry Angus",
      "rooms_seats": 35,
      "rooms_href": "http://students.ubc.ca/campus/discover/buildings-and-classrooms/room/ANGU-292"
    },
    {
      "rooms_lat": 49.26486,
      "rooms_lon": -123.25364,
      "rooms_fullname": "Henry Angus",
      "rooms_seats": 32,
      "rooms_href": "http://students.ubc.ca/campus/discover/buildings-and-classrooms/room/ANGU-293"
    },
    {
      "rooms_lat": 49.26486,
      "rooms_lon": -123.25364,
      "rooms_fullname": "Henry Angus",
      "rooms_seats": 54,
      "rooms_href": "http://students.ubc.ca/campus/discover/buildings-and-classrooms/room/ANGU-295"
    },
    {
      "rooms_lat": 49.26486,
      "rooms_lon": -123.25364,
      "rooms_fullname": "Henry Angus",
      "rooms_seats": 37,
      "rooms_href": "http://students.ubc.ca/campus/discover/buildings-and-classrooms/room/ANGU-296"
    },
    {
      "rooms_lat": 49.26486,
      "rooms_lon": -123.25364,
      "rooms_fullname": "Henry Angus",
      "rooms_seats": 16,
      "rooms_href": "http://students.ubc.ca/campus/discover/buildings-and-classrooms/room/ANGU-332"
    },
    {
      "rooms_lat": 49.26486,
      "rooms_lon": -123.25364,
      "rooms_fullname": "Henry Angus",
      "rooms_seats": 60,
      "rooms_href": "http://students.ubc.ca/campus/discover/buildings-and-classrooms/room/ANGU-334"
    },
    {
      "rooms_lat": 49.26486,
      "rooms_lon": -123.25364,
      "rooms_fullname": "Henry Angus",
      "rooms_seats": 41,
      "rooms_href": "http://students.ubc.ca/campus/discover/buildings-and-classrooms/room/ANGU-335"
    },
    {
      "rooms_lat": 49.26486,
      "rooms_lon": -123.25364,
      "rooms_fullname": "Henry Angus",
      "rooms_seats": 20,
      "rooms_href": "http://students.ubc.ca/campus/discover/buildings-and-classrooms/room/ANGU-339"
    },
    {
      "rooms_lat": 49.26486,
      "rooms_lon": -123.25364,
      "rooms_fullname": "Henry Angus",
      "rooms_seats": 68,
      "rooms_href": "http://students.ubc.ca/campus/discover/buildings-and-classrooms/room/ANGU-343"
    },
    {
      "rooms_lat": 49.26486,
      "rooms_lon": -123.25364,
      "rooms_fullname": "Henry Angus",
      "rooms_seats": 68,
      "rooms_href": "http://students.ubc.ca/campus/discover/buildings-and-classrooms/room/ANGU-345"
    },
    {
      "rooms_lat": 49.26486,
      "rooms_lon": -123.25364,
      "rooms_fullname": "Henry Angus",
      "rooms_seats": 70,
      "rooms_href": "http://students.ubc.ca/campus/discover/buildings-and-classrooms/room/ANGU-347"
    },
    {
      "rooms_lat": 49.26486,
      "rooms_lon": -123.25364,
      "rooms_fullname": "Henry Angus",
      "rooms_seats": 58,
      "rooms_href": "http://students.ubc.ca/campus/discover/buildings-and-classrooms/room/ANGU-350"
    },
    {
      "rooms_lat": 49.26486,
      "rooms_lon": -123.25364,
      "rooms_fullname": "Henry Angus",
      "rooms_seats": 44,
      "rooms_href": "http://students.ubc.ca/campus/discover/buildings-and-classrooms/room/ANGU-354"
    },
    {
      "rooms_lat": 49.26486,
      "rooms_lon": -123.25364,
      "rooms_fullname": "Henry Angus",
      "rooms_seats": 16,
      "rooms_href": "http://students.ubc.ca/campus/discover/buildings-and-classrooms/room/ANGU-432"
    },
    {
      "rooms_lat": 49.26486,
      "rooms_lon": -123.25364,
      "rooms_fullname": "Henry Angus",
      "rooms_seats": 44,
      "rooms_href": "http://students.ubc.ca/campus/discover/buildings-and-classrooms/room/ANGU-434"
    },
    {
      "rooms_lat": 49.26486,
      "rooms_lon": -123.25364,
      "rooms_fullname": "Henry Angus",
      "rooms_seats": 53,
      "rooms_href": "http://students.ubc.ca/campus/discover/buildings-and-classrooms/room/ANGU-435"
    },
    {
      "rooms_lat": 49.26486,
      "rooms_lon": -123.25364,
      "rooms_fullname": "Henry Angus",
      "rooms_seats": 32,
      "rooms_href": "http://students.ubc.ca/campus/discover/buildings-and-classrooms/room/ANGU-437"
    },
    {
      "rooms_lat": 49.26958,
      "rooms_lon": -123.25741,
      "rooms_fullname": "Anthropology and Sociology",
      "rooms_seats": 26,
      "rooms_href": "http://students.ubc.ca/campus/discover/buildings-and-classrooms/room/ANSO-202"
    },
    {
      "rooms_lat": 49.26958,
      "rooms_lon": -123.25741,
      "rooms_fullname": "Anthropology and Sociology",
      "rooms_seats": 33,
      "rooms_href": "http://students.ubc.ca/campus/discover/buildings-and-classrooms/room/ANSO-203"
    },
    {
      "rooms_lat": 49.26958,
      "rooms_lon": -123.25741,
      "rooms_fullname": "Anthropology and Sociology",
      "rooms_seats": 37,
      "rooms_href": "http://students.ubc.ca/campus/discover/buildings-and-classrooms/room/ANSO-205"
    },
    {
      "rooms_lat": 49.26958,
      "rooms_lon": -123.25741,
      "rooms_fullname": "Anthropology and Sociology",
      "rooms_seats": 90,
      "rooms_href": "http://students.ubc.ca/campus/discover/buildings-and-classrooms/room/ANSO-207"
    },
    {
      "rooms_lat": 49.2666,
      "rooms_lon": -123.25655,
      "rooms_fullname": "Auditorium Annex",
      "rooms_seats": 20,
      "rooms_href": "http://students.ubc.ca/campus/discover/buildings-and-classrooms/room/AUDX-142"
    },
    {
      "rooms_lat": 49.2666,
      "rooms_lon": -123.25655,
      "rooms_fullname": "Auditorium Annex",
      "rooms_seats": 21,
      "rooms_href": "http://students.ubc.ca/campus/discover/buildings-and-classrooms/room/AUDX-157"
    },
    {
      "rooms_lat": 49.26479,
      "rooms_lon": -123.25249,
      "rooms_fullname": "Biological Sciences",
      "rooms_seats": 16,
      "rooms_href": "http://students.ubc.ca/campus/discover/buildings-and-classrooms/room/BIOL-1503"
    },
    {
      "rooms_lat": 49.26479,
      "rooms_lon": -123.25249,
      "rooms_fullname": "Biological Sciences",
      "rooms_seats": 228,
      "rooms_href": "http://students.ubc.ca/campus/discover/buildings-and-classrooms/room/BIOL-2000"
    },
    {
      "rooms_lat": 49.26479,
      "rooms_lon": -123.25249,
      "rooms_fullname": "Biological Sciences",
      "rooms_seats": 76,
      "rooms_href": "http://students.ubc.ca/campus/discover/buildings-and-classrooms/room/BIOL-2200"
    },
    {
      "rooms_lat": 49.26479,
      "rooms_lon": -123.25249,
      "rooms_fullname": "Biological Sciences",
      "rooms_seats": 16,
      "rooms_href": "http://students.ubc.ca/campus/discover/buildings-and-classrooms/room/BIOL-2519"
    },
    {
      "rooms_lat": 49.26862,
      "rooms_lon": -123.25237,
      "rooms_fullname": "Brock Hall Annex",
      "rooms_seats": 70,
      "rooms_href": "http://students.ubc.ca/campus/discover/buildings-and-classrooms/room/BRKX-2365"
    },
    {
      "rooms_lat": 49.26862,
      "rooms_lon": -123.25237,
      "rooms_fullname": "Brock Hall Annex",
      "rooms_seats": 24,
      "rooms_href": "http://students.ubc.ca/campus/discover/buildings-and-classrooms/room/BRKX-2367"
    },
    {
      "rooms_lat": 49.26826,
      "rooms_lon": -123.25468,
      "rooms_fullname": "Buchanan",
      "rooms_seats": 275,
      "rooms_href": "http://students.ubc.ca/campus/discover/buildings-and-classrooms/room/BUCH-A101"
    },
    {
      "rooms_lat": 49.26826,
      "rooms_lon": -123.25468,
      "rooms_fullname": "Buchanan",
      "rooms_seats": 150,
      "rooms_href": "http://students.ubc.ca/campus/discover/buildings-and-classrooms/room/BUCH-A102"
    },
    {
      "rooms_lat": 49.26826,
      "rooms_lon": -123.25468,
      "rooms_fullname": "Buchanan",
      "rooms_seats": 131,
      "rooms_href": "http://students.ubc.ca/campus/discover/buildings-and-classrooms/room/BUCH-A103"
    },
    {
      "rooms_lat": 49.26826,
      "rooms_lon": -123.25468,
      "rooms_fullname": "Buchanan",
      "rooms_seats": 150,
      "rooms_href": "http://students.ubc.ca/campus/discover/buildings-and-classrooms/room/BUCH-A104"
    },
    {
      "rooms_lat": 49.26826,
      "rooms_lon": -123.25468,
      "rooms_fullname": "Buchanan",
      "rooms_seats": 181,
      "rooms_href": "http://students.ubc.ca/campus/discover/buildings-and-classrooms/room/BUCH-A201"
    },
    {
      "rooms_lat": 49.26826,
      "rooms_lon": -123.25468,
      "rooms_fullname": "Buchanan",
      "rooms_seats": 108,
      "rooms_href": "http://students.ubc.ca/campus/discover/buildings-and-classrooms/room/BUCH-A202"
    },
    {
      "rooms_lat": 49.26826,
      "rooms_lon": -123.25468,
      "rooms_fullname": "Buchanan",
      "rooms_seats": 108,
      "rooms_href": "http://students.ubc.ca/campus/discover/buildings-and-classrooms/room/BUCH-A203"
    },
    {
      "rooms_lat": 49.26826,
      "rooms_lon": -123.25468,
      "rooms_fullname": "Buchanan",
      "rooms_seats": 42,
      "rooms_href": "http://students.ubc.ca/campus/discover/buildings-and-classrooms/room/BUCH-B141"
    },
    {
      "rooms_lat": 49.26826,
      "rooms_lon": -123.25468,
      "rooms_fullname": "Buchanan",
      "rooms_seats": 26,
      "rooms_href": "http://students.ubc.ca/campus/discover/buildings-and-classrooms/room/BUCH-B142"
    },
    {
      "rooms_lat": 49.26826,
      "rooms_lon": -123.25468,
      "rooms_fullname": "Buchanan",
      "rooms_seats": 56,
      "rooms_href": "http://students.ubc.ca/campus/discover/buildings-and-classrooms/room/BUCH-B208"
    },
    {
      "rooms_lat": 49.26826,
      "rooms_lon": -123.25468,
      "rooms_fullname": "Buchanan",
      "rooms_seats": 40,
      "rooms_href": "http://students.ubc.ca/campus/discover/buildings-and-classrooms/room/BUCH-B209"
    },
    {
      "rooms_lat": 49.26826,
      "rooms_lon": -123.25468,
      "rooms_fullname": "Buchanan",
      "rooms_seats": 48,
      "rooms_href": "http://students.ubc.ca/campus/discover/buildings-and-classrooms/room/BUCH-B210"
    },
    {
      "rooms_lat": 49.26826,
      "rooms_lon": -123.25468,
      "rooms_fullname": "Buchanan",
      "rooms_seats": 40,
      "rooms_href": "http://students.ubc.ca/campus/discover/buildings-and-classrooms/room/BUCH-B211"
    },
    {
      "rooms_lat": 49.26826,
      "rooms_lon": -123.25468,
      "rooms_fullname": "Buchanan",
      "rooms_seats": 78,
      "rooms_href": "http://students.ubc.ca/campus/discover/buildings-and-classrooms/room/BUCH-B213"
    },
    {
      "rooms_lat": 49.26826,
      "rooms_lon": -123.25468,
      "rooms_fullname": "Buchanan",
      "rooms_seats": 78,
      "rooms_href": "http://students.ubc.ca/campus/discover/buildings-and-classrooms/room/BUCH-B215"
    },
    {
      "rooms_lat": 49.26826,
      "rooms_lon": -123.25468,
      "rooms_fullname": "Buchanan",
      "rooms_seats": 22,
      "rooms_href": "http://students.ubc.ca/campus/discover/buildings-and-classrooms/room/BUCH-B216"
    },
    {
      "rooms_lat": 49.26826,
      "rooms_lon": -123.25468,
      "rooms_fullname": "Buchanan",
      "rooms_seats": 40,
      "rooms_href": "http://students.ubc.ca/campus/discover/buildings-and-classrooms/room/BUCH-B218"
    },
    {
      "rooms_lat": 49.26826,
      "rooms_lon": -123.25468,
      "rooms_fullname": "Buchanan",
      "rooms_seats": 24,
      "rooms_href": "http://students.ubc.ca/campus/discover/buildings-and-classrooms/room/BUCH-B219"
    },
    {
      "rooms_lat": 49.26826,
      "rooms_lon": -123.25468,
      "rooms_fullname": "Buchanan",
      "rooms_seats": 32,
      "rooms_href": "http://students.ubc.ca/campus/discover/buildings-and-classrooms/room/BUCH-B302"
    },
    {
      "rooms_lat": 49.26826,
      "rooms_lon": -123.25468,
      "rooms_fullname": "Buchanan",
      "rooms_seats": 40,
      "rooms_href": "http://students.ubc.ca/campus/discover/buildings-and-classrooms/room/BUCH-B303"
    },
    {
      "rooms_lat": 49.26826,
      "rooms_lon": -123.25468,
      "rooms_fullname": "Buchanan",
      "rooms_seats": 32,
      "rooms_href": "http://students.ubc.ca/campus/discover/buildings-and-classrooms/room/BUCH-B304"
    },
    {
      "rooms_lat": 49.26826,
      "rooms_lon": -123.25468,
      "rooms_fullname": "Buchanan",
      "rooms_seats": 32,
      "rooms_href": "http://students.ubc.ca/campus/discover/buildings-and-classrooms/room/BUCH-B306"
    },
    {
      "rooms_lat": 49.26826,
      "rooms_lon": -123.25468,
      "rooms_fullname": "Buchanan",
      "rooms_seats": 32,
      "rooms_href": "http://students.ubc.ca/campus/discover/buildings-and-classrooms/room/BUCH-B307"
    },
    {
      "rooms_lat": 49.26826,
      "rooms_lon": -123.25468,
      "rooms_fullname": "Buchanan",
      "rooms_seats": 32,
      "rooms_href": "http://students.ubc.ca/campus/discover/buildings-and-classrooms/room/BUCH-B308"
    },
    {
      "rooms_lat": 49.26826,
      "rooms_lon": -123.25468,
      "rooms_fullname": "Buchanan",
      "rooms_seats": 40,
      "rooms_href": "http://students.ubc.ca/campus/discover/buildings-and-classrooms/room/BUCH-B309"
    },
    {
      "rooms_lat": 49.26826,
      "rooms_lon": -123.25468,
      "rooms_fullname": "Buchanan",
      "rooms_seats": 32,
      "rooms_href": "http://students.ubc.ca/campus/discover/buildings-and-classrooms/room/BUCH-B310"
    },
    {
      "rooms_lat": 49.26826,
      "rooms_lon": -123.25468,
      "rooms_fullname": "Buchanan",
      "rooms_seats": 18,
      "rooms_href": "http://students.ubc.ca/campus/discover/buildings-and-classrooms/room/BUCH-B312"
    },
    {
      "rooms_lat": 49.26826,
      "rooms_lon": -123.25468,
      "rooms_fullname": "Buchanan",
      "rooms_seats": 78,
      "rooms_href": "http://students.ubc.ca/campus/discover/buildings-and-classrooms/room/BUCH-B313"
    },
    {
      "rooms_lat": 49.26826,
      "rooms_lon": -123.25468,
      "rooms_fullname": "Buchanan",
      "rooms_seats": 78,
      "rooms_href": "http://students.ubc.ca/campus/discover/buildings-and-classrooms/room/BUCH-B315"
    },
    {
      "rooms_lat": 49.26826,
      "rooms_lon": -123.25468,
      "rooms_fullname": "Buchanan",
      "rooms_seats": 22,
      "rooms_href": "http://students.ubc.ca/campus/discover/buildings-and-classrooms/room/BUCH-B316"
    },
    {
      "rooms_lat": 49.26826,
      "rooms_lon": -123.25468,
      "rooms_fullname": "Buchanan",
      "rooms_seats": 40,
      "rooms_href": "http://students.ubc.ca/campus/discover/buildings-and-classrooms/room/BUCH-B318"
    },
    {
      "rooms_lat": 49.26826,
      "rooms_lon": -123.25468,
      "rooms_fullname": "Buchanan",
      "rooms_seats": 24,
      "rooms_href": "http://students.ubc.ca/campus/discover/buildings-and-classrooms/room/BUCH-B319"
    },
    {
      "rooms_lat": 49.26826,
      "rooms_lon": -123.25468,
      "rooms_fullname": "Buchanan",
      "rooms_seats": 40,
      "rooms_href": "http://students.ubc.ca/campus/discover/buildings-and-classrooms/room/BUCH-D201"
    },
    {
      "rooms_lat": 49.26826,
      "rooms_lon": -123.25468,
      "rooms_fullname": "Buchanan",
      "rooms_seats": 40,
      "rooms_href": "http://students.ubc.ca/campus/discover/buildings-and-classrooms/room/BUCH-D204"
    },
    {
      "rooms_lat": 49.26826,
      "rooms_lon": -123.25468,
      "rooms_fullname": "Buchanan",
      "rooms_seats": 30,
      "rooms_href": "http://students.ubc.ca/campus/discover/buildings-and-classrooms/room/BUCH-D205"
    },
    {
      "rooms_lat": 49.26826,
      "rooms_lon": -123.25468,
      "rooms_fullname": "Buchanan",
      "rooms_seats": 30,
      "rooms_href": "http://students.ubc.ca/campus/discover/buildings-and-classrooms/room/BUCH-D207"
    },
    {
      "rooms_lat": 49.26826,
      "rooms_lon": -123.25468,
      "rooms_fullname": "Buchanan",
      "rooms_seats": 22,
      "rooms_href": "http://students.ubc.ca/campus/discover/buildings-and-classrooms/room/BUCH-D209"
    },
    {
      "rooms_lat": 49.26826,
      "rooms_lon": -123.25468,
      "rooms_fullname": "Buchanan",
      "rooms_seats": 30,
      "rooms_href": "http://students.ubc.ca/campus/discover/buildings-and-classrooms/room/BUCH-D213"
    },
    {
      "rooms_lat": 49.26826,
      "rooms_lon": -123.25468,
      "rooms_fullname": "Buchanan",
      "rooms_seats": 22,
      "rooms_href": "http://students.ubc.ca/campus/discover/buildings-and-classrooms/room/BUCH-D214"
    },
    {
      "rooms_lat": 49.26826,
      "rooms_lon": -123.25468,
      "rooms_fullname": "Buchanan",
      "rooms_seats": 24,
      "rooms_href": "http://students.ubc.ca/campus/discover/buildings-and-classrooms/room/BUCH-D216"
    },
    {
      "rooms_lat": 49.26826,
      "rooms_lon": -123.25468,
      "rooms_fullname": "Buchanan",
      "rooms_seats": 65,
      "rooms_href": "http://students.ubc.ca/campus/discover/buildings-and-classrooms/room/BUCH-D217"
    },
    {
      "rooms_lat": 49.26826,
      "rooms_lon": -123.25468,
      "rooms_fullname": "Buchanan",
      "rooms_seats": 65,
      "rooms_href": "http://students.ubc.ca/campus/discover/buildings-and-classrooms/room/BUCH-D218"
    },
    {
      "rooms_lat": 49.26826,
      "rooms_lon": -123.25468,
      "rooms_fullname": "Buchanan",
      "rooms_seats": 65,
      "rooms_href": "http://students.ubc.ca/campus/discover/buildings-and-classrooms/room/BUCH-D219"
    },
    {
      "rooms_lat": 49.26826,
      "rooms_lon": -123.25468,
      "rooms_fullname": "Buchanan",
      "rooms_seats": 30,
      "rooms_href": "http://students.ubc.ca/campus/discover/buildings-and-classrooms/room/BUCH-D221"
    },
    {
      "rooms_lat": 49.26826,
      "rooms_lon": -123.25468,
      "rooms_fullname": "Buchanan",
      "rooms_seats": 65,
      "rooms_href": "http://students.ubc.ca/campus/discover/buildings-and-classrooms/room/BUCH-D222"
    },
    {
      "rooms_lat": 49.26826,
      "rooms_lon": -123.25468,
      "rooms_fullname": "Buchanan",
      "rooms_seats": 24,
      "rooms_href": "http://students.ubc.ca/campus/discover/buildings-and-classrooms/room/BUCH-D228"
    },
    {
      "rooms_lat": 49.26826,
      "rooms_lon": -123.25468,
      "rooms_fullname": "Buchanan",
      "rooms_seats": 30,
      "rooms_href": "http://students.ubc.ca/campus/discover/buildings-and-classrooms/room/BUCH-D229"
    },
    {
      "rooms_lat": 49.26826,
      "rooms_lon": -123.25468,
      "rooms_fullname": "Buchanan",
      "rooms_seats": 40,
      "rooms_href": "http://students.ubc.ca/campus/discover/buildings-and-classrooms/room/BUCH-D301"
    },
    {
      "rooms_lat": 49.26826,
      "rooms_lon": -123.25468,
      "rooms_fullname": "Buchanan",
      "rooms_seats": 30,
      "rooms_href": "http://students.ubc.ca/campus/discover/buildings-and-classrooms/room/BUCH-D304"
    },
    {
      "rooms_lat": 49.26826,
      "rooms_lon": -123.25468,
      "rooms_fullname": "Buchanan",
      "rooms_seats": 22,
      "rooms_href": "http://students.ubc.ca/campus/discover/buildings-and-classrooms/room/BUCH-D306"
    },
    {
      "rooms_lat": 49.26826,
      "rooms_lon": -123.25468,
      "rooms_fullname": "Buchanan",
      "rooms_seats": 30,
      "rooms_href": "http://students.ubc.ca/campus/discover/buildings-and-classrooms/room/BUCH-D307"
    },
    {
      "rooms_lat": 49.26826,
      "rooms_lon": -123.25468,
      "rooms_fullname": "Buchanan",
      "rooms_seats": 40,
      "rooms_href": "http://students.ubc.ca/campus/discover/buildings-and-classrooms/room/BUCH-D312"
    },
    {
      "rooms_lat": 49.26826,
      "rooms_lon": -123.25468,
      "rooms_fullname": "Buchanan",
      "rooms_seats": 30,
      "rooms_href": "http://students.ubc.ca/campus/discover/buildings-and-classrooms/room/BUCH-D313"
    },
    {
      "rooms_lat": 49.26826,
      "rooms_lon": -123.25468,
      "rooms_fullname": "Buchanan",
      "rooms_seats": 40,
      "rooms_href": "http://students.ubc.ca/campus/discover/buildings-and-classrooms/room/BUCH-D314"
    },
    {
      "rooms_lat": 49.26826,
      "rooms_lon": -123.25468,
      "rooms_fullname": "Buchanan",
      "rooms_seats": 22,
      "rooms_href": "http://students.ubc.ca/campus/discover/buildings-and-classrooms/room/BUCH-D315"
    },
    {
      "rooms_lat": 49.26826,
      "rooms_lon": -123.25468,
      "rooms_fullname": "Buchanan",
      "rooms_seats": 50,
      "rooms_href": "http://students.ubc.ca/campus/discover/buildings-and-classrooms/room/BUCH-D316"
    },
    {
      "rooms_lat": 49.26826,
      "rooms_lon": -123.25468,
      "rooms_fullname": "Buchanan",
      "rooms_seats": 50,
      "rooms_href": "http://students.ubc.ca/campus/discover/buildings-and-classrooms/room/BUCH-D317"
    },
    {
      "rooms_lat": 49.26826,
      "rooms_lon": -123.25468,
      "rooms_fullname": "Buchanan",
      "rooms_seats": 22,
      "rooms_href": "http://students.ubc.ca/campus/discover/buildings-and-classrooms/room/BUCH-D319"
    },
    {
      "rooms_lat": 49.26826,
      "rooms_lon": -123.25468,
      "rooms_fullname": "Buchanan",
      "rooms_seats": 50,
      "rooms_href": "http://students.ubc.ca/campus/discover/buildings-and-classrooms/room/BUCH-D322"
    },
    {
      "rooms_lat": 49.26826,
      "rooms_lon": -123.25468,
      "rooms_fullname": "Buchanan",
      "rooms_seats": 31,
      "rooms_href": "http://students.ubc.ca/campus/discover/buildings-and-classrooms/room/BUCH-D323"
    },
    {
      "rooms_lat": 49.26826,
      "rooms_lon": -123.25468,
      "rooms_fullname": "Buchanan",
      "rooms_seats": 22,
      "rooms_href": "http://students.ubc.ca/campus/discover/buildings-and-classrooms/room/BUCH-D325"
    },
    {
      "rooms_lat": 49.26273,
      "rooms_lon": -123.24894,
      "rooms_fullname": "Civil and Mechanical Engineering",
      "rooms_seats": 100,
      "rooms_href": "http://students.ubc.ca/campus/discover/buildings-and-classrooms/room/CEME-1202"
    },
    {
      "rooms_lat": 49.26273,
      "rooms_lon": -123.24894,
      "rooms_fullname": "Civil and Mechanical Engineering",
      "rooms_seats": 62,
      "rooms_href": "http://students.ubc.ca/campus/discover/buildings-and-classrooms/room/CEME-1204"
    },
    {
      "rooms_lat": 49.26273,
      "rooms_lon": -123.24894,
      "rooms_fullname": "Civil and Mechanical Engineering",
      "rooms_seats": 26,
      "rooms_href": "http://students.ubc.ca/campus/discover/buildings-and-classrooms/room/CEME-1206"
    },
    {
      "rooms_lat": 49.26273,
      "rooms_lon": -123.24894,
      "rooms_fullname": "Civil and Mechanical Engineering",
      "rooms_seats": 22,
      "rooms_href": "http://students.ubc.ca/campus/discover/buildings-and-classrooms/room/CEME-1210"
    },
    {
      "rooms_lat": 49.26273,
      "rooms_lon": -123.24894,
      "rooms_fullname": "Civil and Mechanical Engineering",
      "rooms_seats": 34,
      "rooms_href": "http://students.ubc.ca/campus/discover/buildings-and-classrooms/room/CEME-1212"
    },
    {
      "rooms_lat": 49.26273,
      "rooms_lon": -123.24894,
      "rooms_fullname": "Civil and Mechanical Engineering",
      "rooms_seats": 45,
      "rooms_href": "http://students.ubc.ca/campus/discover/buildings-and-classrooms/room/CEME-1215"
    },
    {
      "rooms_lat": 49.26228,
      "rooms_lon": -123.24718,
      "rooms_fullname": "Chemical and Biological Engineering Building",
      "rooms_seats": 200,
      "rooms_href": "http://students.ubc.ca/campus/discover/buildings-and-classrooms/room/CHBE-101"
    },
    {
      "rooms_lat": 49.26228,
      "rooms_lon": -123.24718,
      "rooms_fullname": "Chemical and Biological Engineering Building",
      "rooms_seats": 94,
      "rooms_href": "http://students.ubc.ca/campus/discover/buildings-and-classrooms/room/CHBE-102"
    },
    {
      "rooms_lat": 49.26228,
      "rooms_lon": -123.24718,
      "rooms_fullname": "Chemical and Biological Engineering Building",
      "rooms_seats": 60,
      "rooms_href": "http://students.ubc.ca/campus/discover/buildings-and-classrooms/room/CHBE-103"
    },
    {
      "rooms_lat": 49.2659,
      "rooms_lon": -123.25308,
      "rooms_fullname": "Chemistry",
      "rooms_seats": 265,
      "rooms_href": "http://students.ubc.ca/campus/discover/buildings-and-classrooms/room/CHEM-B150"
    },
    {
      "rooms_lat": 49.2659,
      "rooms_lon": -123.25308,
      "rooms_fullname": "Chemistry",
      "rooms_seats": 240,
      "rooms_href": "http://students.ubc.ca/campus/discover/buildings-and-classrooms/room/CHEM-B250"
    },
    {
      "rooms_lat": 49.2659,
      "rooms_lon": -123.25308,
      "rooms_fullname": "Chemistry",
      "rooms_seats": 90,
      "rooms_href": "http://students.ubc.ca/campus/discover/buildings-and-classrooms/room/CHEM-C124"
    },
    {
      "rooms_lat": 49.2659,
      "rooms_lon": -123.25308,
      "rooms_fullname": "Chemistry",
      "rooms_seats": 90,
      "rooms_href": "http://students.ubc.ca/campus/discover/buildings-and-classrooms/room/CHEM-C126"
    },
    {
      "rooms_lat": 49.2659,
      "rooms_lon": -123.25308,
      "rooms_fullname": "Chemistry",
      "rooms_seats": 114,
      "rooms_href": "http://students.ubc.ca/campus/discover/buildings-and-classrooms/room/CHEM-D200"
    },
    {
      "rooms_lat": 49.2659,
      "rooms_lon": -123.25308,
      "rooms_fullname": "Chemistry",
      "rooms_seats": 114,
      "rooms_href": "http://students.ubc.ca/campus/discover/buildings-and-classrooms/room/CHEM-D300"
    },
    {
      "rooms_lat": 49.26207,
      "rooms_lon": -123.25314,
      "rooms_fullname": "Centre for Interactive  Research on Sustainability",
      "rooms_seats": 426,
      "rooms_href": "http://students.ubc.ca/campus/discover/buildings-and-classrooms/room/CIRS-1250"
    },
    {
      "rooms_lat": 49.26125,
      "rooms_lon": -123.24807,
      "rooms_fullname": "Hugh Dempster Pavilion",
      "rooms_seats": 40,
      "rooms_href": "http://students.ubc.ca/campus/discover/buildings-and-classrooms/room/DMP-101"
    },
    {
      "rooms_lat": 49.26125,
      "rooms_lon": -123.24807,
      "rooms_fullname": "Hugh Dempster Pavilion",
      "rooms_seats": 120,
      "rooms_href": "http://students.ubc.ca/campus/discover/buildings-and-classrooms/room/DMP-110"
    },
    {
      "rooms_lat": 49.26125,
      "rooms_lon": -123.24807,
      "rooms_fullname": "Hugh Dempster Pavilion",
      "rooms_seats": 40,
      "rooms_href": "http://students.ubc.ca/campus/discover/buildings-and-classrooms/room/DMP-201"
    },
    {
      "rooms_lat": 49.26125,
      "rooms_lon": -123.24807,
      "rooms_fullname": "Hugh Dempster Pavilion",
      "rooms_seats": 80,
      "rooms_href": "http://students.ubc.ca/campus/discover/buildings-and-classrooms/room/DMP-301"
    },
    {
      "rooms_lat": 49.26125,
      "rooms_lon": -123.24807,
      "rooms_fullname": "Hugh Dempster Pavilion",
      "rooms_seats": 160,
      "rooms_href": "http://students.ubc.ca/campus/discover/buildings-and-classrooms/room/DMP-310"
    },
    {
      "rooms_lat": 49.26228,
      "rooms_lon": -123.25198,
      "rooms_fullname": "Earth and Ocean Sciences - Main",
      "rooms_seats": 50,
      "rooms_href": "http://students.ubc.ca/campus/discover/buildings-and-classrooms/room/EOSM-135"
    },
    {
      "rooms_lat": 49.26274,
      "rooms_lon": -123.25224,
      "rooms_fullname": "Earth Sciences Building",
      "rooms_seats": 150,
      "rooms_href": "http://students.ubc.ca/campus/discover/buildings-and-classrooms/room/ESB-1012"
    },
    {
      "rooms_lat": 49.26274,
      "rooms_lon": -123.25224,
      "rooms_fullname": "Earth Sciences Building",
      "rooms_seats": 350,
      "rooms_href": "http://students.ubc.ca/campus/discover/buildings-and-classrooms/room/ESB-1013"
    },
    {
      "rooms_lat": 49.26274,
      "rooms_lon": -123.25224,
      "rooms_fullname": "Earth Sciences Building",
      "rooms_seats": 80,
      "rooms_href": "http://students.ubc.ca/campus/discover/buildings-and-classrooms/room/ESB-2012"
    },
    {
      "rooms_lat": 49.26414,
      "rooms_lon": -123.24959,
      "rooms_fullname": "Food, Nutrition and Health",
      "rooms_seats": 12,
      "rooms_href": "http://students.ubc.ca/campus/discover/buildings-and-classrooms/room/FNH-20"
    },
    {
      "rooms_lat": 49.26414,
      "rooms_lon": -123.24959,
      "rooms_fullname": "Food, Nutrition and Health",
      "rooms_seats": 28,
      "rooms_href": "http://students.ubc.ca/campus/discover/buildings-and-classrooms/room/FNH-30"
    },
    {
      "rooms_lat": 49.26414,
      "rooms_lon": -123.24959,
      "rooms_fullname": "Food, Nutrition and Health",
      "rooms_seats": 27,
      "rooms_href": "http://students.ubc.ca/campus/discover/buildings-and-classrooms/room/FNH-320"
    },
    {
      "rooms_lat": 49.26414,
      "rooms_lon": -123.24959,
      "rooms_fullname": "Food, Nutrition and Health",
      "rooms_seats": 54,
      "rooms_href": "http://students.ubc.ca/campus/discover/buildings-and-classrooms/room/FNH-40"
    },
    {
      "rooms_lat": 49.26414,
      "rooms_lon": -123.24959,
      "rooms_fullname": "Food, Nutrition and Health",
      "rooms_seats": 43,
      "rooms_href": "http://students.ubc.ca/campus/discover/buildings-and-classrooms/room/FNH-50"
    },
    {
      "rooms_lat": 49.26414,
      "rooms_lon": -123.24959,
      "rooms_fullname": "Food, Nutrition and Health",
      "rooms_seats": 99,
      "rooms_href": "http://students.ubc.ca/campus/discover/buildings-and-classrooms/room/FNH-60"
    },
    {
      "rooms_lat": 49.26176,
      "rooms_lon": -123.25179,
      "rooms_fullname": "Frank Forward",
      "rooms_seats": 63,
      "rooms_href": "http://students.ubc.ca/campus/discover/buildings-and-classrooms/room/FORW-303"
    },
    {
      "rooms_lat": 49.26176,
      "rooms_lon": -123.25179,
      "rooms_fullname": "Frank Forward",
      "rooms_seats": 44,
      "rooms_href": "http://students.ubc.ca/campus/discover/buildings-and-classrooms/room/FORW-317"
    },
    {
      "rooms_lat": 49.26176,
      "rooms_lon": -123.25179,
      "rooms_fullname": "Frank Forward",
      "rooms_seats": 35,
      "rooms_href": "http://students.ubc.ca/campus/discover/buildings-and-classrooms/room/FORW-519"
    },
    {
      "rooms_lat": 49.26541,
      "rooms_lon": -123.24608,
      "rooms_fullname": "Friedman Building",
      "rooms_seats": 160,
      "rooms_href": "http://students.ubc.ca/campus/discover/buildings-and-classrooms/room/FRDM-153"
    },
    {
      "rooms_lat": 49.26044,
      "rooms_lon": -123.24886,
      "rooms_fullname": "Forest Sciences Centre",
      "rooms_seats": 65,
      "rooms_href": "http://students.ubc.ca/campus/discover/buildings-and-classrooms/room/FSC-1001"
    },
    {
      "rooms_lat": 49.26044,
      "rooms_lon": -123.24886,
      "rooms_fullname": "Forest Sciences Centre",
      "rooms_seats": 24,
      "rooms_href": "http://students.ubc.ca/campus/discover/buildings-and-classrooms/room/FSC-1002"
    },
    {
      "rooms_lat": 49.26044,
      "rooms_lon": -123.24886,
      "rooms_fullname": "Forest Sciences Centre",
      "rooms_seats": 65,
      "rooms_href": "http://students.ubc.ca/campus/discover/buildings-and-classrooms/room/FSC-1003"
    },
    {
      "rooms_lat": 49.26044,
      "rooms_lon": -123.24886,
      "rooms_fullname": "Forest Sciences Centre",
      "rooms_seats": 250,
      "rooms_href": "http://students.ubc.ca/campus/discover/buildings-and-classrooms/room/FSC-1005"
    },
    {
      "rooms_lat": 49.26044,
      "rooms_lon": -123.24886,
      "rooms_fullname": "Forest Sciences Centre",
      "rooms_seats": 99,
      "rooms_href": "http://students.ubc.ca/campus/discover/buildings-and-classrooms/room/FSC-1221"
    },
    {
      "rooms_lat": 49.26044,
      "rooms_lon": -123.24886,
      "rooms_fullname": "Forest Sciences Centre",
      "rooms_seats": 18,
      "rooms_href": "http://students.ubc.ca/campus/discover/buildings-and-classrooms/room/FSC-1402"
    },
    {
      "rooms_lat": 49.26044,
      "rooms_lon": -123.24886,
      "rooms_fullname": "Forest Sciences Centre",
      "rooms_seats": 24,
      "rooms_href": "http://students.ubc.ca/campus/discover/buildings-and-classrooms/room/FSC-1611"
    },
    {
      "rooms_lat": 49.26044,
      "rooms_lon": -123.24886,
      "rooms_fullname": "Forest Sciences Centre",
      "rooms_seats": 36,
      "rooms_href": "http://students.ubc.ca/campus/discover/buildings-and-classrooms/room/FSC-1613"
    },
    {
      "rooms_lat": 49.26044,
      "rooms_lon": -123.24886,
      "rooms_fullname": "Forest Sciences Centre",
      "rooms_seats": 20,
      "rooms_href": "http://students.ubc.ca/campus/discover/buildings-and-classrooms/room/FSC-1615"
    },
    {
      "rooms_lat": 49.26044,
      "rooms_lon": -123.24886,
      "rooms_fullname": "Forest Sciences Centre",
      "rooms_seats": 20,
      "rooms_href": "http://students.ubc.ca/campus/discover/buildings-and-classrooms/room/FSC-1617"
    },
    {
      "rooms_lat": 49.26605,
      "rooms_lon": -123.25623,
      "rooms_fullname": "Geography",
      "rooms_seats": 225,
      "rooms_href": "http://students.ubc.ca/campus/discover/buildings-and-classrooms/room/GEOG-100"
    },
    {
      "rooms_lat": 49.26605,
      "rooms_lon": -123.25623,
      "rooms_fullname": "Geography",
      "rooms_seats": 60,
      "rooms_href": "http://students.ubc.ca/campus/discover/buildings-and-classrooms/room/GEOG-101"
    },
    {
      "rooms_lat": 49.26605,
      "rooms_lon": -123.25623,
      "rooms_fullname": "Geography",
      "rooms_seats": 60,
      "rooms_href": "http://students.ubc.ca/campus/discover/buildings-and-classrooms/room/GEOG-147"
    },
    {
      "rooms_lat": 49.26605,
      "rooms_lon": -123.25623,
      "rooms_fullname": "Geography",
      "rooms_seats": 100,
      "rooms_href": "http://students.ubc.ca/campus/discover/buildings-and-classrooms/room/GEOG-200"
    },
    {
      "rooms_lat": 49.26605,
      "rooms_lon": -123.25623,
      "rooms_fullname": "Geography",
      "rooms_seats": 42,
      "rooms_href": "http://students.ubc.ca/campus/discover/buildings-and-classrooms/room/GEOG-201"
    },
    {
      "rooms_lat": 49.26605,
      "rooms_lon": -123.25623,
      "rooms_fullname": "Geography",
      "rooms_seats": 72,
      "rooms_href": "http://students.ubc.ca/campus/discover/buildings-and-classrooms/room/GEOG-212"
    },
    {
      "rooms_lat": 49.26605,
      "rooms_lon": -123.25623,
      "rooms_fullname": "Geography",
      "rooms_seats": 39,
      "rooms_href": "http://students.ubc.ca/campus/discover/buildings-and-classrooms/room/GEOG-214"
    },
    {
      "rooms_lat": 49.26605,
      "rooms_lon": -123.25623,
      "rooms_fullname": "Geography",
      "rooms_seats": 21,
      "rooms_href": "http://students.ubc.ca/campus/discover/buildings-and-classrooms/room/GEOG-242"
    },
    {
      "rooms_lat": 49.2661,
      "rooms_lon": -123.25165,
      "rooms_fullname": "Hebb",
      "rooms_seats": 54,
      "rooms_href": "http://students.ubc.ca/campus/discover/buildings-and-classrooms/room/HEBB-10"
    },
    {
      "rooms_lat": 49.2661,
      "rooms_lon": -123.25165,
      "rooms_fullname": "Hebb",
      "rooms_seats": 375,
      "rooms_href": "http://students.ubc.ca/campus/discover/buildings-and-classrooms/room/HEBB-100"
    },
    {
      "rooms_lat": 49.2661,
      "rooms_lon": -123.25165,
      "rooms_fullname": "Hebb",
      "rooms_seats": 54,
      "rooms_href": "http://students.ubc.ca/campus/discover/buildings-and-classrooms/room/HEBB-12"
    },
    {
      "rooms_lat": 49.2661,
      "rooms_lon": -123.25165,
      "rooms_fullname": "Hebb",
      "rooms_seats": 54,
      "rooms_href": "http://students.ubc.ca/campus/discover/buildings-and-classrooms/room/HEBB-13"
    },
    {
      "rooms_lat": 49.26627,
      "rooms_lon": -123.25374,
      "rooms_fullname": "Hennings",
      "rooms_seats": 257,
      "rooms_href": "http://students.ubc.ca/campus/discover/buildings-and-classrooms/room/HENN-200"
    },
    {
      "rooms_lat": 49.26627,
      "rooms_lon": -123.25374,
      "rooms_fullname": "Hennings",
      "rooms_seats": 155,
      "rooms_href": "http://students.ubc.ca/campus/discover/buildings-and-classrooms/room/HENN-201"
    },
    {
      "rooms_lat": 49.26627,
      "rooms_lon": -123.25374,
      "rooms_fullname": "Hennings",
      "rooms_seats": 150,
      "rooms_href": "http://students.ubc.ca/campus/discover/buildings-and-classrooms/room/HENN-202"
    },
    {
      "rooms_lat": 49.26627,
      "rooms_lon": -123.25374,
      "rooms_fullname": "Hennings",
      "rooms_seats": 30,
      "rooms_href": "http://students.ubc.ca/campus/discover/buildings-and-classrooms/room/HENN-301"
    },
    {
      "rooms_lat": 49.26627,
      "rooms_lon": -123.25374,
      "rooms_fullname": "Hennings",
      "rooms_seats": 30,
      "rooms_href": "http://students.ubc.ca/campus/discover/buildings-and-classrooms/room/HENN-302"
    },
    {
      "rooms_lat": 49.26627,
      "rooms_lon": -123.25374,
      "rooms_fullname": "Hennings",
      "rooms_seats": 36,
      "rooms_href": "http://students.ubc.ca/campus/discover/buildings-and-classrooms/room/HENN-304"
    },
    {
      "rooms_lat": 49.26766,
      "rooms_lon": -123.2521,
      "rooms_fullname": "Irving K Barber Learning Centre",
      "rooms_seats": 50,
      "rooms_href": "http://students.ubc.ca/campus/discover/buildings-and-classrooms/room/IBLC-155"
    },
    {
      "rooms_lat": 49.26766,
      "rooms_lon": -123.2521,
      "rooms_fullname": "Irving K Barber Learning Centre",
      "rooms_seats": 24,
      "rooms_href": "http://students.ubc.ca/campus/discover/buildings-and-classrooms/room/IBLC-156"
    },
    {
      "rooms_lat": 49.26766,
      "rooms_lon": -123.2521,
      "rooms_fullname": "Irving K Barber Learning Centre",
      "rooms_seats": 24,
      "rooms_href": "http://students.ubc.ca/campus/discover/buildings-and-classrooms/room/IBLC-157"
    },
    {
      "rooms_lat": 49.26766,
      "rooms_lon": -123.2521,
      "rooms_fullname": "Irving K Barber Learning Centre",
      "rooms_seats": 24,
      "rooms_href": "http://students.ubc.ca/campus/discover/buildings-and-classrooms/room/IBLC-158"
    },
    {
      "rooms_lat": 49.26766,
      "rooms_lon": -123.2521,
      "rooms_fullname": "Irving K Barber Learning Centre",
      "rooms_seats": 154,
      "rooms_href": "http://students.ubc.ca/campus/discover/buildings-and-classrooms/room/IBLC-182"
    },
    {
      "rooms_lat": 49.26766,
      "rooms_lon": -123.2521,
      "rooms_fullname": "Irving K Barber Learning Centre",
      "rooms_seats": 40,
      "rooms_href": "http://students.ubc.ca/campus/discover/buildings-and-classrooms/room/IBLC-185"
    },
    {
      "rooms_lat": 49.26766,
      "rooms_lon": -123.2521,
      "rooms_fullname": "Irving K Barber Learning Centre",
      "rooms_seats": 24,
      "rooms_href": "http://students.ubc.ca/campus/discover/buildings-and-classrooms/room/IBLC-191"
    },
    {
      "rooms_lat": 49.26766,
      "rooms_lon": -123.2521,
      "rooms_fullname": "Irving K Barber Learning Centre",
      "rooms_seats": 8,
      "rooms_href": "http://students.ubc.ca/campus/discover/buildings-and-classrooms/room/IBLC-192"
    },
    {
      "rooms_lat": 49.26766,
      "rooms_lon": -123.2521,
      "rooms_fullname": "Irving K Barber Learning Centre",
      "rooms_seats": 8,
      "rooms_href": "http://students.ubc.ca/campus/discover/buildings-and-classrooms/room/IBLC-193"
    },
    {
      "rooms_lat": 49.26766,
      "rooms_lon": -123.2521,
      "rooms_fullname": "Irving K Barber Learning Centre",
      "rooms_seats": 8,
      "rooms_href": "http://students.ubc.ca/campus/discover/buildings-and-classrooms/room/IBLC-194"
    },
    {
      "rooms_lat": 49.26766,
      "rooms_lon": -123.2521,
      "rooms_fullname": "Irving K Barber Learning Centre",
      "rooms_seats": 8,
      "rooms_href": "http://students.ubc.ca/campus/discover/buildings-and-classrooms/room/IBLC-195"
    },
    {
      "rooms_lat": 49.26766,
      "rooms_lon": -123.2521,
      "rooms_fullname": "Irving K Barber Learning Centre",
      "rooms_seats": 112,
      "rooms_href": "http://students.ubc.ca/campus/discover/buildings-and-classrooms/room/IBLC-261"
    },
    {
      "rooms_lat": 49.26766,
      "rooms_lon": -123.2521,
      "rooms_fullname": "Irving K Barber Learning Centre",
      "rooms_seats": 8,
      "rooms_href": "http://students.ubc.ca/campus/discover/buildings-and-classrooms/room/IBLC-263"
    },
    {
      "rooms_lat": 49.26766,
      "rooms_lon": -123.2521,
      "rooms_fullname": "Irving K Barber Learning Centre",
      "rooms_seats": 12,
      "rooms_href": "http://students.ubc.ca/campus/discover/buildings-and-classrooms/room/IBLC-264"
    },
    {
      "rooms_lat": 49.26766,
      "rooms_lon": -123.2521,
      "rooms_fullname": "Irving K Barber Learning Centre",
      "rooms_seats": 10,
      "rooms_href": "http://students.ubc.ca/campus/discover/buildings-and-classrooms/room/IBLC-265"
    },
    {
      "rooms_lat": 49.26766,
      "rooms_lon": -123.2521,
      "rooms_fullname": "Irving K Barber Learning Centre",
      "rooms_seats": 8,
      "rooms_href": "http://students.ubc.ca/campus/discover/buildings-and-classrooms/room/IBLC-266"
    },
    {
      "rooms_lat": 49.26766,
      "rooms_lon": -123.2521,
      "rooms_fullname": "Irving K Barber Learning Centre",
      "rooms_seats": 16,
      "rooms_href": "http://students.ubc.ca/campus/discover/buildings-and-classrooms/room/IBLC-460"
    },
    {
      "rooms_lat": 49.26766,
      "rooms_lon": -123.2521,
      "rooms_fullname": "Irving K Barber Learning Centre",
      "rooms_seats": 30,
      "rooms_href": "http://students.ubc.ca/campus/discover/buildings-and-classrooms/room/IBLC-461"
    },
    {
      "rooms_lat": 49.27106,
      "rooms_lon": -123.25042,
      "rooms_fullname": "Iona Building",
      "rooms_seats": 100,
      "rooms_href": "http://students.ubc.ca/campus/discover/buildings-and-classrooms/room/IONA-301"
    },
    {
      "rooms_lat": 49.27106,
      "rooms_lon": -123.25042,
      "rooms_fullname": "Iona Building",
      "rooms_seats": 50,
      "rooms_href": "http://students.ubc.ca/campus/discover/buildings-and-classrooms/room/IONA-633"
    },
    {
      "rooms_lat": 49.26767,
      "rooms_lon": -123.25583,
      "rooms_fullname": "Frederic Lasserre",
      "rooms_seats": 80,
      "rooms_href": "http://students.ubc.ca/campus/discover/buildings-and-classrooms/room/LASR-102"
    },
    {
      "rooms_lat": 49.26767,
      "rooms_lon": -123.25583,
      "rooms_fullname": "Frederic Lasserre",
      "rooms_seats": 94,
      "rooms_href": "http://students.ubc.ca/campus/discover/buildings-and-classrooms/room/LASR-104"
    },
    {
      "rooms_lat": 49.26767,
      "rooms_lon": -123.25583,
      "rooms_fullname": "Frederic Lasserre",
      "rooms_seats": 60,
      "rooms_href": "http://students.ubc.ca/campus/discover/buildings-and-classrooms/room/LASR-105"
    },
    {
      "rooms_lat": 49.26767,
      "rooms_lon": -123.25583,
      "rooms_fullname": "Frederic Lasserre",
      "rooms_seats": 51,
      "rooms_href": "http://students.ubc.ca/campus/discover/buildings-and-classrooms/room/LASR-107"
    },
    {
      "rooms_lat": 49.26767,
      "rooms_lon": -123.25583,
      "rooms_fullname": "Frederic Lasserre",
      "rooms_seats": 20,
      "rooms_href": "http://students.ubc.ca/campus/discover/buildings-and-classrooms/room/LASR-211"
    },
    {
      "rooms_lat": 49.26767,
      "rooms_lon": -123.25583,
      "rooms_fullname": "Frederic Lasserre",
      "rooms_seats": 20,
      "rooms_href": "http://students.ubc.ca/campus/discover/buildings-and-classrooms/room/LASR-5C"
    },
    {
      "rooms_lat": 49.26236,
      "rooms_lon": -123.24494,
      "rooms_fullname": "Life Sciences Centre",
      "rooms_seats": 350,
      "rooms_href": "http://students.ubc.ca/campus/discover/buildings-and-classrooms/room/LSC-1001"
    },
    {
      "rooms_lat": 49.26236,
      "rooms_lon": -123.24494,
      "rooms_fullname": "Life Sciences Centre",
      "rooms_seats": 350,
      "rooms_href": "http://students.ubc.ca/campus/discover/buildings-and-classrooms/room/LSC-1002"
    },
    {
      "rooms_lat": 49.26236,
      "rooms_lon": -123.24494,
      "rooms_fullname": "Life Sciences Centre",
      "rooms_seats": 125,
      "rooms_href": "http://students.ubc.ca/campus/discover/buildings-and-classrooms/room/LSC-1003"
    },
    {
      "rooms_lat": 49.26545,
      "rooms_lon": -123.25533,
      "rooms_fullname": "Leonard S. Klinck (also known as CSCI)",
      "rooms_seats": 205,
      "rooms_href": "http://students.ubc.ca/campus/discover/buildings-and-classrooms/room/LSK-200"
    },
    {
      "rooms_lat": 49.26545,
      "rooms_lon": -123.25533,
      "rooms_fullname": "Leonard S. Klinck (also known as CSCI)",
      "rooms_seats": 183,
      "rooms_href": "http://students.ubc.ca/campus/discover/buildings-and-classrooms/room/LSK-201"
    },
    {
      "rooms_lat": 49.26545,
      "rooms_lon": -123.25533,
      "rooms_fullname": "Leonard S. Klinck (also known as CSCI)",
      "rooms_seats": 75,
      "rooms_href": "http://students.ubc.ca/campus/discover/buildings-and-classrooms/room/LSK-460"
    },
    {
      "rooms_lat": 49.26545,
      "rooms_lon": -123.25533,
      "rooms_fullname": "Leonard S. Klinck (also known as CSCI)",
      "rooms_seats": 42,
      "rooms_href": "http://students.ubc.ca/campus/discover/buildings-and-classrooms/room/LSK-462"
    },
    {
      "rooms_lat": 49.266463,
      "rooms_lon": -123.255534,
      "rooms_fullname": "Mathematics",
      "rooms_seats": 224,
      "rooms_href": "http://students.ubc.ca/campus/discover/buildings-and-classrooms/room/MATH-100"
    },
    {
      "rooms_lat": 49.266463,
      "rooms_lon": -123.255534,
      "rooms_fullname": "Mathematics",
      "rooms_seats": 60,
      "rooms_href": "http://students.ubc.ca/campus/discover/buildings-and-classrooms/room/MATH-102"
    },
    {
      "rooms_lat": 49.266463,
      "rooms_lon": -123.255534,
      "rooms_fullname": "Mathematics",
      "rooms_seats": 48,
      "rooms_href": "http://students.ubc.ca/campus/discover/buildings-and-classrooms/room/MATH-104"
    },
    {
      "rooms_lat": 49.266463,
      "rooms_lon": -123.255534,
      "rooms_fullname": "Mathematics",
      "rooms_seats": 30,
      "rooms_href": "http://students.ubc.ca/campus/discover/buildings-and-classrooms/room/MATH-105"
    },
    {
      "rooms_lat": 49.266463,
      "rooms_lon": -123.255534,
      "rooms_fullname": "Mathematics",
      "rooms_seats": 30,
      "rooms_href": "http://students.ubc.ca/campus/discover/buildings-and-classrooms/room/MATH-202"
    },
    {
      "rooms_lat": 49.266463,
      "rooms_lon": -123.255534,
      "rooms_fullname": "Mathematics",
      "rooms_seats": 48,
      "rooms_href": "http://students.ubc.ca/campus/discover/buildings-and-classrooms/room/MATH-203"
    },
    {
      "rooms_lat": 49.266463,
      "rooms_lon": -123.255534,
      "rooms_fullname": "Mathematics",
      "rooms_seats": 30,
      "rooms_href": "http://students.ubc.ca/campus/discover/buildings-and-classrooms/room/MATH-204"
    },
    {
      "rooms_lat": 49.266463,
      "rooms_lon": -123.255534,
      "rooms_fullname": "Mathematics",
      "rooms_seats": 25,
      "rooms_href": "http://students.ubc.ca/campus/discover/buildings-and-classrooms/room/MATH-225"
    },
    {
      "rooms_lat": 49.266089,
      "rooms_lon": -123.254816,
      "rooms_fullname": "Mathematics Annex",
      "rooms_seats": 106,
      "rooms_href": "http://students.ubc.ca/campus/discover/buildings-and-classrooms/room/MATX-1100"
    },
    {
      "rooms_lat": 49.26176,
      "rooms_lon": -123.24935,
      "rooms_fullname": "MacLeod",
      "rooms_seats": 123,
      "rooms_href": "http://students.ubc.ca/campus/discover/buildings-and-classrooms/room/MCLD-202"
    },
    {
      "rooms_lat": 49.26176,
      "rooms_lon": -123.24935,
      "rooms_fullname": "MacLeod",
      "rooms_seats": 60,
      "rooms_href": "http://students.ubc.ca/campus/discover/buildings-and-classrooms/room/MCLD-214"
    },
    {
      "rooms_lat": 49.26176,
      "rooms_lon": -123.24935,
      "rooms_fullname": "MacLeod",
      "rooms_seats": 40,
      "rooms_href": "http://students.ubc.ca/campus/discover/buildings-and-classrooms/room/MCLD-220"
    },
    {
      "rooms_lat": 49.26176,
      "rooms_lon": -123.24935,
      "rooms_fullname": "MacLeod",
      "rooms_seats": 136,
      "rooms_href": "http://students.ubc.ca/campus/discover/buildings-and-classrooms/room/MCLD-228"
    },
    {
      "rooms_lat": 49.26176,
      "rooms_lon": -123.24935,
      "rooms_fullname": "MacLeod",
      "rooms_seats": 60,
      "rooms_href": "http://students.ubc.ca/campus/discover/buildings-and-classrooms/room/MCLD-242"
    },
    {
      "rooms_lat": 49.26176,
      "rooms_lon": -123.24935,
      "rooms_fullname": "MacLeod",
      "rooms_seats": 84,
      "rooms_href": "http://students.ubc.ca/campus/discover/buildings-and-classrooms/room/MCLD-254"
    },
    {
      "rooms_lat": 49.26114,
      "rooms_lon": -123.25027,
      "rooms_fullname": "MacMillan",
      "rooms_seats": 47,
      "rooms_href": "http://students.ubc.ca/campus/discover/buildings-and-classrooms/room/MCML-154"
    },
    {
      "rooms_lat": 49.26114,
      "rooms_lon": -123.25027,
      "rooms_fullname": "MacMillan",
      "rooms_seats": 74,
      "rooms_href": "http://students.ubc.ca/campus/discover/buildings-and-classrooms/room/MCML-158"
    },
    {
      "rooms_lat": 49.26114,
      "rooms_lon": -123.25027,
      "rooms_fullname": "MacMillan",
      "rooms_seats": 72,
      "rooms_href": "http://students.ubc.ca/campus/discover/buildings-and-classrooms/room/MCML-160"
    },
    {
      "rooms_lat": 49.26114,
      "rooms_lon": -123.25027,
      "rooms_fullname": "MacMillan",
      "rooms_seats": 200,
      "rooms_href": "http://students.ubc.ca/campus/discover/buildings-and-classrooms/room/MCML-166"
    },
    {
      "rooms_lat": 49.26114,
      "rooms_lon": -123.25027,
      "rooms_fullname": "MacMillan",
      "rooms_seats": 32,
      "rooms_href": "http://students.ubc.ca/campus/discover/buildings-and-classrooms/room/MCML-256"
    },
    {
      "rooms_lat": 49.26114,
      "rooms_lon": -123.25027,
      "rooms_fullname": "MacMillan",
      "rooms_seats": 32,
      "rooms_href": "http://students.ubc.ca/campus/discover/buildings-and-classrooms/room/MCML-260"
    },
    {
      "rooms_lat": 49.26114,
      "rooms_lon": -123.25027,
      "rooms_fullname": "MacMillan",
      "rooms_seats": 24,
      "rooms_href": "http://students.ubc.ca/campus/discover/buildings-and-classrooms/room/MCML-358"
    },
    {
      "rooms_lat": 49.26114,
      "rooms_lon": -123.25027,
      "rooms_fullname": "MacMillan",
      "rooms_seats": 6,
      "rooms_href": "http://students.ubc.ca/campus/discover/buildings-and-classrooms/room/MCML-360A"
    },
    {
      "rooms_lat": 49.26114,
      "rooms_lon": -123.25027,
      "rooms_fullname": "MacMillan",
      "rooms_seats": 6,
      "rooms_href": "http://students.ubc.ca/campus/discover/buildings-and-classrooms/room/MCML-360B"
    },
    {
      "rooms_lat": 49.26114,
      "rooms_lon": -123.25027,
      "rooms_fullname": "MacMillan",
      "rooms_seats": 8,
      "rooms_href": "http://students.ubc.ca/campus/discover/buildings-and-classrooms/room/MCML-360C"
    },
    {
      "rooms_lat": 49.26114,
      "rooms_lon": -123.25027,
      "rooms_fullname": "MacMillan",
      "rooms_seats": 8,
      "rooms_href": "http://students.ubc.ca/campus/discover/buildings-and-classrooms/room/MCML-360D"
    },
    {
      "rooms_lat": 49.26114,
      "rooms_lon": -123.25027,
      "rooms_fullname": "MacMillan",
      "rooms_seats": 8,
      "rooms_href": "http://students.ubc.ca/campus/discover/buildings-and-classrooms/room/MCML-360E"
    },
    {
      "rooms_lat": 49.26114,
      "rooms_lon": -123.25027,
      "rooms_fullname": "MacMillan",
      "rooms_seats": 8,
      "rooms_href": "http://students.ubc.ca/campus/discover/buildings-and-classrooms/room/MCML-360F"
    },
    {
      "rooms_lat": 49.26114,
      "rooms_lon": -123.25027,
      "rooms_fullname": "MacMillan",
      "rooms_seats": 8,
      "rooms_href": "http://students.ubc.ca/campus/discover/buildings-and-classrooms/room/MCML-360G"
    },
    {
      "rooms_lat": 49.26114,
      "rooms_lon": -123.25027,
      "rooms_fullname": "MacMillan",
      "rooms_seats": 8,
      "rooms_href": "http://students.ubc.ca/campus/discover/buildings-and-classrooms/room/MCML-360H"
    },
    {
      "rooms_lat": 49.26114,
      "rooms_lon": -123.25027,
      "rooms_fullname": "MacMillan",
      "rooms_seats": 8,
      "rooms_href": "http://students.ubc.ca/campus/discover/buildings-and-classrooms/room/MCML-360J"
    },
    {
      "rooms_lat": 49.26114,
      "rooms_lon": -123.25027,
      "rooms_fullname": "MacMillan",
      "rooms_seats": 8,
      "rooms_href": "http://students.ubc.ca/campus/discover/buildings-and-classrooms/room/MCML-360K"
    },
    {
      "rooms_lat": 49.26114,
      "rooms_lon": -123.25027,
      "rooms_fullname": "MacMillan",
      "rooms_seats": 8,
      "rooms_href": "http://students.ubc.ca/campus/discover/buildings-and-classrooms/room/MCML-360L"
    },
    {
      "rooms_lat": 49.26114,
      "rooms_lon": -123.25027,
      "rooms_fullname": "MacMillan",
      "rooms_seats": 8,
      "rooms_href": "http://students.ubc.ca/campus/discover/buildings-and-classrooms/room/MCML-360M"
    },
    {
      "rooms_lat": 49.2663,
      "rooms_lon": -123.2466,
      "rooms_fullname": "War Memorial Gymnasium",
      "rooms_seats": 25,
      "rooms_href": "http://students.ubc.ca/campus/discover/buildings-and-classrooms/room/MGYM-206"
    },
    {
      "rooms_lat": 49.2663,
      "rooms_lon": -123.2466,
      "rooms_fullname": "War Memorial Gymnasium",
      "rooms_seats": 40,
      "rooms_href": "http://students.ubc.ca/campus/discover/buildings-and-classrooms/room/MGYM-208"
    },
    {
      "rooms_lat": 49.26048,
      "rooms_lon": -123.24944,
      "rooms_fullname": "Orchard Commons",
      "rooms_seats": 72,
      "rooms_href": "http://students.ubc.ca/campus/discover/buildings-and-classrooms/room/ORCH-1001"
    },
    {
      "rooms_lat": 49.26048,
      "rooms_lon": -123.24944,
      "rooms_fullname": "Orchard Commons",
      "rooms_seats": 25,
      "rooms_href": "http://students.ubc.ca/campus/discover/buildings-and-classrooms/room/ORCH-3002"
    },
    {
      "rooms_lat": 49.26048,
      "rooms_lon": -123.24944,
      "rooms_fullname": "Orchard Commons",
      "rooms_seats": 25,
      "rooms_href": "http://students.ubc.ca/campus/discover/buildings-and-classrooms/room/ORCH-3004"
    },
    {
      "rooms_lat": 49.26048,
      "rooms_lon": -123.24944,
      "rooms_fullname": "Orchard Commons",
      "rooms_seats": 25,
      "rooms_href": "http://students.ubc.ca/campus/discover/buildings-and-classrooms/room/ORCH-3016"
    },
    {
      "rooms_lat": 49.26048,
      "rooms_lon": -123.24944,
      "rooms_fullname": "Orchard Commons",
      "rooms_seats": 48,
      "rooms_href": "http://students.ubc.ca/campus/discover/buildings-and-classrooms/room/ORCH-3018"
    },
    {
      "rooms_lat": 49.26048,
      "rooms_lon": -123.24944,
      "rooms_fullname": "Orchard Commons",
      "rooms_seats": 25,
      "rooms_href": "http://students.ubc.ca/campus/discover/buildings-and-classrooms/room/ORCH-3052"
    },
    {
      "rooms_lat": 49.26048,
      "rooms_lon": -123.24944,
      "rooms_fullname": "Orchard Commons",
      "rooms_seats": 25,
      "rooms_href": "http://students.ubc.ca/campus/discover/buildings-and-classrooms/room/ORCH-3058"
    },
    {
      "rooms_lat": 49.26048,
      "rooms_lon": -123.24944,
      "rooms_fullname": "Orchard Commons",
      "rooms_seats": 16,
      "rooms_href": "http://students.ubc.ca/campus/discover/buildings-and-classrooms/room/ORCH-3062"
    },
    {
      "rooms_lat": 49.26048,
      "rooms_lon": -123.24944,
      "rooms_fullname": "Orchard Commons",
      "rooms_seats": 16,
      "rooms_href": "http://students.ubc.ca/campus/discover/buildings-and-classrooms/room/ORCH-3068"
    },
    {
      "rooms_lat": 49.26048,
      "rooms_lon": -123.24944,
      "rooms_fullname": "Orchard Commons",
      "rooms_seats": 16,
      "rooms_href": "http://students.ubc.ca/campus/discover/buildings-and-classrooms/room/ORCH-3072"
    },
    {
      "rooms_lat": 49.26048,
      "rooms_lon": -123.24944,
      "rooms_fullname": "Orchard Commons",
      "rooms_seats": 72,
      "rooms_href": "http://students.ubc.ca/campus/discover/buildings-and-classrooms/room/ORCH-3074"
    },
    {
      "rooms_lat": 49.26048,
      "rooms_lon": -123.24944,
      "rooms_fullname": "Orchard Commons",
      "rooms_seats": 25,
      "rooms_href": "http://students.ubc.ca/campus/discover/buildings-and-classrooms/room/ORCH-4002"
    },
    {
      "rooms_lat": 49.26048,
      "rooms_lon": -123.24944,
      "rooms_fullname": "Orchard Commons",
      "rooms_seats": 25,
      "rooms_href": "http://students.ubc.ca/campus/discover/buildings-and-classrooms/room/ORCH-4004"
    },
    {
      "rooms_lat": 49.26048,
      "rooms_lon": -123.24944,
      "rooms_fullname": "Orchard Commons",
      "rooms_seats": 25,
      "rooms_href": "http://students.ubc.ca/campus/discover/buildings-and-classrooms/room/ORCH-4016"
    },
    {
      "rooms_lat": 49.26048,
      "rooms_lon": -123.24944,
      "rooms_fullname": "Orchard Commons",
      "rooms_seats": 48,
      "rooms_href": "http://students.ubc.ca/campus/discover/buildings-and-classrooms/room/ORCH-4018"
    },
    {
      "rooms_lat": 49.26048,
      "rooms_lon": -123.24944,
      "rooms_fullname": "Orchard Commons",
      "rooms_seats": 25,
      "rooms_href": "http://students.ubc.ca/campus/discover/buildings-and-classrooms/room/ORCH-4052"
    },
    {
      "rooms_lat": 49.26048,
      "rooms_lon": -123.24944,
      "rooms_fullname": "Orchard Commons",
      "rooms_seats": 25,
      "rooms_href": "http://students.ubc.ca/campus/discover/buildings-and-classrooms/room/ORCH-4058"
    },
    {
      "rooms_lat": 49.26048,
      "rooms_lon": -123.24944,
      "rooms_fullname": "Orchard Commons",
      "rooms_seats": 16,
      "rooms_href": "http://students.ubc.ca/campus/discover/buildings-and-classrooms/room/ORCH-4062"
    },
    {
      "rooms_lat": 49.26048,
      "rooms_lon": -123.24944,
      "rooms_fullname": "Orchard Commons",
      "rooms_seats": 16,
      "rooms_href": "http://students.ubc.ca/campus/discover/buildings-and-classrooms/room/ORCH-4068"
    },
    {
      "rooms_lat": 49.26048,
      "rooms_lon": -123.24944,
      "rooms_fullname": "Orchard Commons",
      "rooms_seats": 20,
      "rooms_href": "http://students.ubc.ca/campus/discover/buildings-and-classrooms/room/ORCH-4072"
    },
    {
      "rooms_lat": 49.26048,
      "rooms_lon": -123.24944,
      "rooms_fullname": "Orchard Commons",
      "rooms_seats": 72,
      "rooms_href": "http://students.ubc.ca/campus/discover/buildings-and-classrooms/room/ORCH-4074"
    },
    {
      "rooms_lat": 49.26047,
      "rooms_lon": -123.24467,
      "rooms_fullname": "Robert F. Osborne Centre",
      "rooms_seats": 40,
      "rooms_href": "http://students.ubc.ca/campus/discover/buildings-and-classrooms/room/OSBO-203A"
    },
    {
      "rooms_lat": 49.26047,
      "rooms_lon": -123.24467,
      "rooms_fullname": "Robert F. Osborne Centre",
      "rooms_seats": 39,
      "rooms_href": "http://students.ubc.ca/campus/discover/buildings-and-classrooms/room/OSBO-203B"
    },
    {
      "rooms_lat": 49.26047,
      "rooms_lon": -123.24467,
      "rooms_fullname": "Robert F. Osborne Centre",
      "rooms_seats": 442,
      "rooms_href": "http://students.ubc.ca/campus/discover/buildings-and-classrooms/room/OSBO-A"
    },
    {
      "rooms_lat": 49.264,
      "rooms_lon": -123.2559,
      "rooms_fullname": "Ponderosa Commons: Oak House",
      "rooms_seats": 40,
      "rooms_href": "http://students.ubc.ca/campus/discover/buildings-and-classrooms/room/PCOH-1001"
    },
    {
      "rooms_lat": 49.264,
      "rooms_lon": -123.2559,
      "rooms_fullname": "Ponderosa Commons: Oak House",
      "rooms_seats": 40,
      "rooms_href": "http://students.ubc.ca/campus/discover/buildings-and-classrooms/room/PCOH-1002"
    },
    {
      "rooms_lat": 49.264,
      "rooms_lon": -123.2559,
      "rooms_fullname": "Ponderosa Commons: Oak House",
      "rooms_seats": 40,
      "rooms_href": "http://students.ubc.ca/campus/discover/buildings-and-classrooms/room/PCOH-1003"
    },
    {
      "rooms_lat": 49.264,
      "rooms_lon": -123.2559,
      "rooms_fullname": "Ponderosa Commons: Oak House",
      "rooms_seats": 24,
      "rooms_href": "http://students.ubc.ca/campus/discover/buildings-and-classrooms/room/PCOH-1008"
    },
    {
      "rooms_lat": 49.264,
      "rooms_lon": -123.2559,
      "rooms_fullname": "Ponderosa Commons: Oak House",
      "rooms_seats": 24,
      "rooms_href": "http://students.ubc.ca/campus/discover/buildings-and-classrooms/room/PCOH-1009"
    },
    {
      "rooms_lat": 49.264,
      "rooms_lon": -123.2559,
      "rooms_fullname": "Ponderosa Commons: Oak House",
      "rooms_seats": 24,
      "rooms_href": "http://students.ubc.ca/campus/discover/buildings-and-classrooms/room/PCOH-1011"
    },
    {
      "rooms_lat": 49.264,
      "rooms_lon": -123.2559,
      "rooms_fullname": "Ponderosa Commons: Oak House",
      "rooms_seats": 24,
      "rooms_href": "http://students.ubc.ca/campus/discover/buildings-and-classrooms/room/PCOH-1215"
    },
    {
      "rooms_lat": 49.264,
      "rooms_lon": -123.2559,
      "rooms_fullname": "Ponderosa Commons: Oak House",
      "rooms_seats": 24,
      "rooms_href": "http://students.ubc.ca/campus/discover/buildings-and-classrooms/room/PCOH-1302"
    },
    {
      "rooms_lat": 49.26229,
      "rooms_lon": -123.24342,
      "rooms_fullname": "Pharmaceutical Sciences Building",
      "rooms_seats": 236,
      "rooms_href": "http://students.ubc.ca/campus/discover/buildings-and-classrooms/room/PHRM-1101"
    },
    {
      "rooms_lat": 49.26229,
      "rooms_lon": -123.24342,
      "rooms_fullname": "Pharmaceutical Sciences Building",
      "rooms_seats": 167,
      "rooms_href": "http://students.ubc.ca/campus/discover/buildings-and-classrooms/room/PHRM-1201"
    },
    {
      "rooms_lat": 49.26229,
      "rooms_lon": -123.24342,
      "rooms_fullname": "Pharmaceutical Sciences Building",
      "rooms_seats": 7,
      "rooms_href": "http://students.ubc.ca/campus/discover/buildings-and-classrooms/room/PHRM-3112"
    },
    {
      "rooms_lat": 49.26229,
      "rooms_lon": -123.24342,
      "rooms_fullname": "Pharmaceutical Sciences Building",
      "rooms_seats": 7,
      "rooms_href": "http://students.ubc.ca/campus/discover/buildings-and-classrooms/room/PHRM-3114"
    },
    {
      "rooms_lat": 49.26229,
      "rooms_lon": -123.24342,
      "rooms_fullname": "Pharmaceutical Sciences Building",
      "rooms_seats": 7,
      "rooms_href": "http://students.ubc.ca/campus/discover/buildings-and-classrooms/room/PHRM-3115"
    },
    {
      "rooms_lat": 49.26229,
      "rooms_lon": -123.24342,
      "rooms_fullname": "Pharmaceutical Sciences Building",
      "rooms_seats": 14,
      "rooms_href": "http://students.ubc.ca/campus/discover/buildings-and-classrooms/room/PHRM-3116"
    },
    {
      "rooms_lat": 49.26229,
      "rooms_lon": -123.24342,
      "rooms_fullname": "Pharmaceutical Sciences Building",
      "rooms_seats": 7,
      "rooms_href": "http://students.ubc.ca/campus/discover/buildings-and-classrooms/room/PHRM-3118"
    },
    {
      "rooms_lat": 49.26229,
      "rooms_lon": -123.24342,
      "rooms_fullname": "Pharmaceutical Sciences Building",
      "rooms_seats": 7,
      "rooms_href": "http://students.ubc.ca/campus/discover/buildings-and-classrooms/room/PHRM-3120"
    },
    {
      "rooms_lat": 49.26229,
      "rooms_lon": -123.24342,
      "rooms_fullname": "Pharmaceutical Sciences Building",
      "rooms_seats": 7,
      "rooms_href": "http://students.ubc.ca/campus/discover/buildings-and-classrooms/room/PHRM-3122"
    },
    {
      "rooms_lat": 49.26229,
      "rooms_lon": -123.24342,
      "rooms_fullname": "Pharmaceutical Sciences Building",
      "rooms_seats": 7,
      "rooms_href": "http://students.ubc.ca/campus/discover/buildings-and-classrooms/room/PHRM-3124"
    },
    {
      "rooms_lat": 49.26229,
      "rooms_lon": -123.24342,
      "rooms_fullname": "Pharmaceutical Sciences Building",
      "rooms_seats": 72,
      "rooms_href": "http://students.ubc.ca/campus/discover/buildings-and-classrooms/room/PHRM-3208"
    },
    {
      "rooms_lat": 49.26398,
      "rooms_lon": -123.2531,
      "rooms_fullname": "Neville Scarfe",
      "rooms_seats": 280,
      "rooms_href": "http://students.ubc.ca/campus/discover/buildings-and-classrooms/room/SCRF-100"
    },
    {
      "rooms_lat": 49.26398,
      "rooms_lon": -123.2531,
      "rooms_fullname": "Neville Scarfe",
      "rooms_seats": 40,
      "rooms_href": "http://students.ubc.ca/campus/discover/buildings-and-classrooms/room/SCRF-1003"
    },
    {
      "rooms_lat": 49.26398,
      "rooms_lon": -123.2531,
      "rooms_fullname": "Neville Scarfe",
      "rooms_seats": 40,
      "rooms_href": "http://students.ubc.ca/campus/discover/buildings-and-classrooms/room/SCRF-1004"
    },
    {
      "rooms_lat": 49.26398,
      "rooms_lon": -123.2531,
      "rooms_fullname": "Neville Scarfe",
      "rooms_seats": 40,
      "rooms_href": "http://students.ubc.ca/campus/discover/buildings-and-classrooms/room/SCRF-1005"
    },
    {
      "rooms_lat": 49.26398,
      "rooms_lon": -123.2531,
      "rooms_fullname": "Neville Scarfe",
      "rooms_seats": 24,
      "rooms_href": "http://students.ubc.ca/campus/discover/buildings-and-classrooms/room/SCRF-1020"
    },
    {
      "rooms_lat": 49.26398,
      "rooms_lon": -123.2531,
      "rooms_fullname": "Neville Scarfe",
      "rooms_seats": 20,
      "rooms_href": "http://students.ubc.ca/campus/discover/buildings-and-classrooms/room/SCRF-1021"
    },
    {
      "rooms_lat": 49.26398,
      "rooms_lon": -123.2531,
      "rooms_fullname": "Neville Scarfe",
      "rooms_seats": 20,
      "rooms_href": "http://students.ubc.ca/campus/discover/buildings-and-classrooms/room/SCRF-1022"
    },
    {
      "rooms_lat": 49.26398,
      "rooms_lon": -123.2531,
      "rooms_fullname": "Neville Scarfe",
      "rooms_seats": 20,
      "rooms_href": "http://students.ubc.ca/campus/discover/buildings-and-classrooms/room/SCRF-1023"
    },
    {
      "rooms_lat": 49.26398,
      "rooms_lon": -123.2531,
      "rooms_fullname": "Neville Scarfe",
      "rooms_seats": 20,
      "rooms_href": "http://students.ubc.ca/campus/discover/buildings-and-classrooms/room/SCRF-1024"
    },
    {
      "rooms_lat": 49.26398,
      "rooms_lon": -123.2531,
      "rooms_fullname": "Neville Scarfe",
      "rooms_seats": 38,
      "rooms_href": "http://students.ubc.ca/campus/discover/buildings-and-classrooms/room/SCRF-1328"
    },
    {
      "rooms_lat": 49.26398,
      "rooms_lon": -123.2531,
      "rooms_fullname": "Neville Scarfe",
      "rooms_seats": 40,
      "rooms_href": "http://students.ubc.ca/campus/discover/buildings-and-classrooms/room/SCRF-200"
    },
    {
      "rooms_lat": 49.26398,
      "rooms_lon": -123.2531,
      "rooms_fullname": "Neville Scarfe",
      "rooms_seats": 40,
      "rooms_href": "http://students.ubc.ca/campus/discover/buildings-and-classrooms/room/SCRF-201"
    },
    {
      "rooms_lat": 49.26398,
      "rooms_lon": -123.2531,
      "rooms_fullname": "Neville Scarfe",
      "rooms_seats": 40,
      "rooms_href": "http://students.ubc.ca/campus/discover/buildings-and-classrooms/room/SCRF-202"
    },
    {
      "rooms_lat": 49.26398,
      "rooms_lon": -123.2531,
      "rooms_fullname": "Neville Scarfe",
      "rooms_seats": 40,
      "rooms_href": "http://students.ubc.ca/campus/discover/buildings-and-classrooms/room/SCRF-203"
    },
    {
      "rooms_lat": 49.26398,
      "rooms_lon": -123.2531,
      "rooms_fullname": "Neville Scarfe",
      "rooms_seats": 40,
      "rooms_href": "http://students.ubc.ca/campus/discover/buildings-and-classrooms/room/SCRF-204"
    },
    {
      "rooms_lat": 49.26398,
      "rooms_lon": -123.2531,
      "rooms_fullname": "Neville Scarfe",
      "rooms_seats": 24,
      "rooms_href": "http://students.ubc.ca/campus/discover/buildings-and-classrooms/room/SCRF-204A"
    },
    {
      "rooms_lat": 49.26398,
      "rooms_lon": -123.2531,
      "rooms_fullname": "Neville Scarfe",
      "rooms_seats": 34,
      "rooms_href": "http://students.ubc.ca/campus/discover/buildings-and-classrooms/room/SCRF-205"
    },
    {
      "rooms_lat": 49.26398,
      "rooms_lon": -123.2531,
      "rooms_fullname": "Neville Scarfe",
      "rooms_seats": 40,
      "rooms_href": "http://students.ubc.ca/campus/discover/buildings-and-classrooms/room/SCRF-206"
    },
    {
      "rooms_lat": 49.26398,
      "rooms_lon": -123.2531,
      "rooms_fullname": "Neville Scarfe",
      "rooms_seats": 40,
      "rooms_href": "http://students.ubc.ca/campus/discover/buildings-and-classrooms/room/SCRF-207"
    },
    {
      "rooms_lat": 49.26398,
      "rooms_lon": -123.2531,
      "rooms_fullname": "Neville Scarfe",
      "rooms_seats": 40,
      "rooms_href": "http://students.ubc.ca/campus/discover/buildings-and-classrooms/room/SCRF-208"
    },
    {
      "rooms_lat": 49.26398,
      "rooms_lon": -123.2531,
      "rooms_fullname": "Neville Scarfe",
      "rooms_seats": 60,
      "rooms_href": "http://students.ubc.ca/campus/discover/buildings-and-classrooms/room/SCRF-209"
    },
    {
      "rooms_lat": 49.26398,
      "rooms_lon": -123.2531,
      "rooms_fullname": "Neville Scarfe",
      "rooms_seats": 24,
      "rooms_href": "http://students.ubc.ca/campus/discover/buildings-and-classrooms/room/SCRF-210"
    },
    {
      "rooms_lat": 49.2643,
      "rooms_lon": -123.25505,
      "rooms_fullname": "Jack Bell Building for the School of Social Work",
      "rooms_seats": 12,
      "rooms_href": "http://students.ubc.ca/campus/discover/buildings-and-classrooms/room/SOWK-122"
    },
    {
      "rooms_lat": 49.2643,
      "rooms_lon": -123.25505,
      "rooms_fullname": "Jack Bell Building for the School of Social Work",
      "rooms_seats": 68,
      "rooms_href": "http://students.ubc.ca/campus/discover/buildings-and-classrooms/room/SOWK-124"
    },
    {
      "rooms_lat": 49.2643,
      "rooms_lon": -123.25505,
      "rooms_fullname": "Jack Bell Building for the School of Social Work",
      "rooms_seats": 29,
      "rooms_href": "http://students.ubc.ca/campus/discover/buildings-and-classrooms/room/SOWK-222"
    },
    {
      "rooms_lat": 49.2643,
      "rooms_lon": -123.25505,
      "rooms_fullname": "Jack Bell Building for the School of Social Work",
      "rooms_seats": 29,
      "rooms_href": "http://students.ubc.ca/campus/discover/buildings-and-classrooms/room/SOWK-223"
    },
    {
      "rooms_lat": 49.2643,
      "rooms_lon": -123.25505,
      "rooms_fullname": "Jack Bell Building for the School of Social Work",
      "rooms_seats": 31,
      "rooms_href": "http://students.ubc.ca/campus/discover/buildings-and-classrooms/room/SOWK-224"
    },
    {
      "rooms_lat": 49.2643,
      "rooms_lon": -123.25505,
      "rooms_fullname": "Jack Bell Building for the School of Social Work",
      "rooms_seats": 16,
      "rooms_href": "http://students.ubc.ca/campus/discover/buildings-and-classrooms/room/SOWK-324"
    },
    {
      "rooms_lat": 49.2643,
      "rooms_lon": -123.25505,
      "rooms_fullname": "Jack Bell Building for the School of Social Work",
      "rooms_seats": 16,
      "rooms_href": "http://students.ubc.ca/campus/discover/buildings-and-classrooms/room/SOWK-326"
    },
    {
      "rooms_lat": 49.2642,
      "rooms_lon": -123.24842,
      "rooms_fullname": "School of Population and Public Health",
      "rooms_seats": 28,
      "rooms_href": "http://students.ubc.ca/campus/discover/buildings-and-classrooms/room/SPPH-143"
    },
    {
      "rooms_lat": 49.2642,
      "rooms_lon": -123.24842,
      "rooms_fullname": "School of Population and Public Health",
      "rooms_seats": 30,
      "rooms_href": "http://students.ubc.ca/campus/discover/buildings-and-classrooms/room/SPPH-B108"
    },
    {
      "rooms_lat": 49.2642,
      "rooms_lon": -123.24842,
      "rooms_fullname": "School of Population and Public Health",
      "rooms_seats": 16,
      "rooms_href": "http://students.ubc.ca/campus/discover/buildings-and-classrooms/room/SPPH-B112"
    },
    {
      "rooms_lat": 49.2642,
      "rooms_lon": -123.24842,
      "rooms_fullname": "School of Population and Public Health",
      "rooms_seats": 12,
      "rooms_href": "http://students.ubc.ca/campus/discover/buildings-and-classrooms/room/SPPH-B136"
    },
    {
      "rooms_lat": 49.2642,
      "rooms_lon": -123.24842,
      "rooms_fullname": "School of Population and Public Health",
      "rooms_seats": 14,
      "rooms_href": "http://students.ubc.ca/campus/discover/buildings-and-classrooms/room/SPPH-B138"
    },
    {
      "rooms_lat": 49.2642,
      "rooms_lon": -123.24842,
      "rooms_fullname": "School of Population and Public Health",
      "rooms_seats": 66,
      "rooms_href": "http://students.ubc.ca/campus/discover/buildings-and-classrooms/room/SPPH-B151"
    },
    {
      "rooms_lat": 49.2683,
      "rooms_lon": -123.24894,
      "rooms_fullname": "Student Recreation Centre",
      "rooms_seats": 299,
      "rooms_href": "http://students.ubc.ca/campus/discover/buildings-and-classrooms/room/SRC-220A"
    },
    {
      "rooms_lat": 49.2683,
      "rooms_lon": -123.24894,
      "rooms_fullname": "Student Recreation Centre",
      "rooms_seats": 299,
      "rooms_href": "http://students.ubc.ca/campus/discover/buildings-and-classrooms/room/SRC-220B"
    },
    {
      "rooms_lat": 49.2683,
      "rooms_lon": -123.24894,
      "rooms_fullname": "Student Recreation Centre",
      "rooms_seats": 299,
      "rooms_href": "http://students.ubc.ca/campus/discover/buildings-and-classrooms/room/SRC-220C"
    },
    {
      "rooms_lat": 49.26293,
      "rooms_lon": -123.25431,
      "rooms_fullname": "West Mall Swing Space",
      "rooms_seats": 47,
      "rooms_href": "http://students.ubc.ca/campus/discover/buildings-and-classrooms/room/SWNG-105"
    },
    {
      "rooms_lat": 49.26293,
      "rooms_lon": -123.25431,
      "rooms_fullname": "West Mall Swing Space",
      "rooms_seats": 27,
      "rooms_href": "http://students.ubc.ca/campus/discover/buildings-and-classrooms/room/SWNG-106"
    },
    {
      "rooms_lat": 49.26293,
      "rooms_lon": -123.25431,
      "rooms_fullname": "West Mall Swing Space",
      "rooms_seats": 47,
      "rooms_href": "http://students.ubc.ca/campus/discover/buildings-and-classrooms/room/SWNG-107"
    },
    {
      "rooms_lat": 49.26293,
      "rooms_lon": -123.25431,
      "rooms_fullname": "West Mall Swing Space",
      "rooms_seats": 27,
      "rooms_href": "http://students.ubc.ca/campus/discover/buildings-and-classrooms/room/SWNG-108"
    },
    {
      "rooms_lat": 49.26293,
      "rooms_lon": -123.25431,
      "rooms_fullname": "West Mall Swing Space",
      "rooms_seats": 47,
      "rooms_href": "http://students.ubc.ca/campus/discover/buildings-and-classrooms/room/SWNG-109"
    },
    {
      "rooms_lat": 49.26293,
      "rooms_lon": -123.25431,
      "rooms_fullname": "West Mall Swing Space",
      "rooms_seats": 27,
      "rooms_href": "http://students.ubc.ca/campus/discover/buildings-and-classrooms/room/SWNG-110"
    },
    {
      "rooms_lat": 49.26293,
      "rooms_lon": -123.25431,
      "rooms_fullname": "West Mall Swing Space",
      "rooms_seats": 187,
      "rooms_href": "http://students.ubc.ca/campus/discover/buildings-and-classrooms/room/SWNG-121"
    },
    {
      "rooms_lat": 49.26293,
      "rooms_lon": -123.25431,
      "rooms_fullname": "West Mall Swing Space",
      "rooms_seats": 188,
      "rooms_href": "http://students.ubc.ca/campus/discover/buildings-and-classrooms/room/SWNG-122"
    },
    {
      "rooms_lat": 49.26293,
      "rooms_lon": -123.25431,
      "rooms_fullname": "West Mall Swing Space",
      "rooms_seats": 190,
      "rooms_href": "http://students.ubc.ca/campus/discover/buildings-and-classrooms/room/SWNG-221"
    },
    {
      "rooms_lat": 49.26293,
      "rooms_lon": -123.25431,
      "rooms_fullname": "West Mall Swing Space",
      "rooms_seats": 190,
      "rooms_href": "http://students.ubc.ca/campus/discover/buildings-and-classrooms/room/SWNG-222"
    },
    {
      "rooms_lat": 49.26293,
      "rooms_lon": -123.25431,
      "rooms_fullname": "West Mall Swing Space",
      "rooms_seats": 47,
      "rooms_href": "http://students.ubc.ca/campus/discover/buildings-and-classrooms/room/SWNG-305"
    },
    {
      "rooms_lat": 49.26293,
      "rooms_lon": -123.25431,
      "rooms_fullname": "West Mall Swing Space",
      "rooms_seats": 27,
      "rooms_href": "http://students.ubc.ca/campus/discover/buildings-and-classrooms/room/SWNG-306"
    },
    {
      "rooms_lat": 49.26293,
      "rooms_lon": -123.25431,
      "rooms_fullname": "West Mall Swing Space",
      "rooms_seats": 47,
      "rooms_href": "http://students.ubc.ca/campus/discover/buildings-and-classrooms/room/SWNG-307"
    },
    {
      "rooms_lat": 49.26293,
      "rooms_lon": -123.25431,
      "rooms_fullname": "West Mall Swing Space",
      "rooms_seats": 27,
      "rooms_href": "http://students.ubc.ca/campus/discover/buildings-and-classrooms/room/SWNG-308"
    },
    {
      "rooms_lat": 49.26293,
      "rooms_lon": -123.25431,
      "rooms_fullname": "West Mall Swing Space",
      "rooms_seats": 47,
      "rooms_href": "http://students.ubc.ca/campus/discover/buildings-and-classrooms/room/SWNG-309"
    },
    {
      "rooms_lat": 49.26293,
      "rooms_lon": -123.25431,
      "rooms_fullname": "West Mall Swing Space",
      "rooms_seats": 27,
      "rooms_href": "http://students.ubc.ca/campus/discover/buildings-and-classrooms/room/SWNG-310"
    },
    {
      "rooms_lat": 49.26293,
      "rooms_lon": -123.25431,
      "rooms_fullname": "West Mall Swing Space",
      "rooms_seats": 47,
      "rooms_href": "http://students.ubc.ca/campus/discover/buildings-and-classrooms/room/SWNG-405"
    },
    {
      "rooms_lat": 49.26293,
      "rooms_lon": -123.25431,
      "rooms_fullname": "West Mall Swing Space",
      "rooms_seats": 27,
      "rooms_href": "http://students.ubc.ca/campus/discover/buildings-and-classrooms/room/SWNG-406"
    },
    {
      "rooms_lat": 49.26293,
      "rooms_lon": -123.25431,
      "rooms_fullname": "West Mall Swing Space",
      "rooms_seats": 47,
      "rooms_href": "http://students.ubc.ca/campus/discover/buildings-and-classrooms/room/SWNG-407"
    },
    {
      "rooms_lat": 49.26293,
      "rooms_lon": -123.25431,
      "rooms_fullname": "West Mall Swing Space",
      "rooms_seats": 27,
      "rooms_href": "http://students.ubc.ca/campus/discover/buildings-and-classrooms/room/SWNG-408"
    },
    {
      "rooms_lat": 49.26293,
      "rooms_lon": -123.25431,
      "rooms_fullname": "West Mall Swing Space",
      "rooms_seats": 47,
      "rooms_href": "http://students.ubc.ca/campus/discover/buildings-and-classrooms/room/SWNG-409"
    },
    {
      "rooms_lat": 49.26293,
      "rooms_lon": -123.25431,
      "rooms_fullname": "West Mall Swing Space",
      "rooms_seats": 27,
      "rooms_href": "http://students.ubc.ca/campus/discover/buildings-and-classrooms/room/SWNG-410"
    },
    {
      "rooms_lat": 49.26867,
      "rooms_lon": -123.25692,
      "rooms_fullname": "The Leon and Thea Koerner University Centre",
      "rooms_seats": 30,
      "rooms_href": "http://students.ubc.ca/campus/discover/buildings-and-classrooms/room/UCLL-101"
    },
    {
      "rooms_lat": 49.26867,
      "rooms_lon": -123.25692,
      "rooms_fullname": "The Leon and Thea Koerner University Centre",
      "rooms_seats": 55,
      "rooms_href": "http://students.ubc.ca/campus/discover/buildings-and-classrooms/room/UCLL-103"
    },
    {
      "rooms_lat": 49.26867,
      "rooms_lon": -123.25692,
      "rooms_fullname": "The Leon and Thea Koerner University Centre",
      "rooms_seats": 48,
      "rooms_href": "http://students.ubc.ca/campus/discover/buildings-and-classrooms/room/UCLL-107"
    },
    {
      "rooms_lat": 49.26867,
      "rooms_lon": -123.25692,
      "rooms_fullname": "The Leon and Thea Koerner University Centre",
      "rooms_seats": 30,
      "rooms_href": "http://students.ubc.ca/campus/discover/buildings-and-classrooms/room/UCLL-109"
    },
    {
      "rooms_lat": 49.26517,
      "rooms_lon": -123.24937,
      "rooms_fullname": "Wesbrook",
      "rooms_seats": 325,
      "rooms_href": "http://students.ubc.ca/campus/discover/buildings-and-classrooms/room/WESB-100"
    },
    {
      "rooms_lat": 49.26517,
      "rooms_lon": -123.24937,
      "rooms_fullname": "Wesbrook",
      "rooms_seats": 102,
      "rooms_href": "http://students.ubc.ca/campus/discover/buildings-and-classrooms/room/WESB-201"
    },
    {
      "rooms_lat": 49.26478,
      "rooms_lon": -123.24673,
      "rooms_fullname": "Woodward (Instructional Resources Centre-IRC)",
      "rooms_seats": 120,
      "rooms_href": "http://students.ubc.ca/campus/discover/buildings-and-classrooms/room/WOOD-1"
    },
    {
      "rooms_lat": 49.26478,
      "rooms_lon": -123.24673,
      "rooms_fullname": "Woodward (Instructional Resources Centre-IRC)",
      "rooms_seats": 503,
      "rooms_href": "http://students.ubc.ca/campus/discover/buildings-and-classrooms/room/WOOD-2"
    },
    {
      "rooms_lat": 49.26478,
      "rooms_lon": -123.24673,
      "rooms_fullname": "Woodward (Instructional Resources Centre-IRC)",
      "rooms_seats": 88,
      "rooms_href": "http://students.ubc.ca/campus/discover/buildings-and-classrooms/room/WOOD-3"
    },
    {
      "rooms_lat": 49.26478,
      "rooms_lon": -123.24673,
      "rooms_fullname": "Woodward (Instructional Resources Centre-IRC)",
      "rooms_seats": 120,
      "rooms_href": "http://students.ubc.ca/campus/discover/buildings-and-classrooms/room/WOOD-4"
    },
    {
      "rooms_lat": 49.26478,
      "rooms_lon": -123.24673,
      "rooms_fullname": "Woodward (Instructional Resources Centre-IRC)",
      "rooms_seats": 120,
      "rooms_href": "http://students.ubc.ca/campus/discover/buildings-and-classrooms/room/WOOD-5"
    },
    {
      "rooms_lat": 49.26478,
      "rooms_lon": -123.24673,
      "rooms_fullname": "Woodward (Instructional Resources Centre-IRC)",
      "rooms_seats": 181,
      "rooms_href": "http://students.ubc.ca/campus/discover/buildings-and-classrooms/room/WOOD-6"
    },
    {
      "rooms_lat": 49.26478,
      "rooms_lon": -123.24673,
      "rooms_fullname": "Woodward (Instructional Resources Centre-IRC)",
      "rooms_seats": 30,
      "rooms_href": "http://students.ubc.ca/campus/discover/buildings-and-classrooms/room/WOOD-B75"
    },
    {
      "rooms_lat": 49.26478,
      "rooms_lon": -123.24673,
      "rooms_fullname": "Woodward (Instructional Resources Centre-IRC)",
      "rooms_seats": 21,
      "rooms_href": "http://students.ubc.ca/campus/discover/buildings-and-classrooms/room/WOOD-B79"
    },
    {
      "rooms_lat": 49.26478,
      "rooms_lon": -123.24673,
      "rooms_fullname": "Woodward (Instructional Resources Centre-IRC)",
      "rooms_seats": 30,
      "rooms_href": "http://students.ubc.ca/campus/discover/buildings-and-classrooms/room/WOOD-G41"
    },
    {
      "rooms_lat": 49.26478,
      "rooms_lon": -123.24673,
      "rooms_fullname": "Woodward (Instructional Resources Centre-IRC)",
      "rooms_seats": 14,
      "rooms_href": "http://students.ubc.ca/campus/discover/buildings-and-classrooms/room/WOOD-G44"
    },
    {
      "rooms_lat": 49.26478,
      "rooms_lon": -123.24673,
      "rooms_fullname": "Woodward (Instructional Resources Centre-IRC)",
      "rooms_seats": 10,
      "rooms_href": "http://students.ubc.ca/campus/discover/buildings-and-classrooms/room/WOOD-G53"
    },
    {
      "rooms_lat": 49.26478,
      "rooms_lon": -123.24673,
      "rooms_fullname": "Woodward (Instructional Resources Centre-IRC)",
      "rooms_seats": 10,
      "rooms_href": "http://students.ubc.ca/campus/discover/buildings-and-classrooms/room/WOOD-G55"
    },
    {
      "rooms_lat": 49.26478,
      "rooms_lon": -123.24673,
      "rooms_fullname": "Woodward (Instructional Resources Centre-IRC)",
      "rooms_seats": 12,
      "rooms_href": "http://students.ubc.ca/campus/discover/buildings-and-classrooms/room/WOOD-G57"
    },
    {
      "rooms_lat": 49.26478,
      "rooms_lon": -123.24673,
      "rooms_fullname": "Woodward (Instructional Resources Centre-IRC)",
      "rooms_seats": 10,
      "rooms_href": "http://students.ubc.ca/campus/discover/buildings-and-classrooms/room/WOOD-G59"
    },
    {
      "rooms_lat": 49.26478,
      "rooms_lon": -123.24673,
      "rooms_fullname": "Woodward (Instructional Resources Centre-IRC)",
      "rooms_seats": 12,
      "rooms_href": "http://students.ubc.ca/campus/discover/buildings-and-classrooms/room/WOOD-G65"
    },
    {
      "rooms_lat": 49.26478,
      "rooms_lon": -123.24673,
      "rooms_fullname": "Woodward (Instructional Resources Centre-IRC)",
      "rooms_seats": 16,
      "rooms_href": "http://students.ubc.ca/campus/discover/buildings-and-classrooms/room/WOOD-G66"
    }
  ]
}