{
  "title": "GT_3",
  "input": {
    "WHERE": {
      "GT": {
        "courses_fail": 97
      }
    },
    "OPTIONS": {
      "COLUMNS": [
        "courses_avg",
        "courses_pass",
        "courses_fail",
        "courses_audit",
        "courses_year",
        "courses_dept",
        "courses_id",
        "courses_instructor",
        "courses_title",
        "courses_uuid"
      ],
      "ORDER": "courses_fail"
    }
  },
  "errorExpected": false,
  "with": [
    {
      "courses_avg": 76.31,
      "courses_pass": 698,
      "courses_fail": 98,
      "courses_audit": 0,
      "courses_year": 1900,
      "courses_dept": "apsc",
      "courses_id": "160",
      "courses_instructor": "",
      "courses_title": "comp eng design",
      "courses_uuid": "8769"
    },
    {
      "courses_avg": 66.91,
      "courses_pass": 715,
      "courses_fail": 98,
      "courses_audit": 0,
      "courses_year": 1900,
      "courses_dept": "math",
      "courses_id": "200",
      "courses_instructor": "",
      "courses_title": "calculus 3",
      "courses_uuid": "3828"
    },
    {
      "courses_avg": 65.99,
      "courses_pass": 799,
      "courses_fail": 98,
      "courses_audit": 0,
      "courses_year": 1900,
      "courses_dept": "math",
      "courses_id": "200",
      "courses_instructor": "",
      "courses_title": "calculus 3",
      "courses_uuid": "31957"
    },
    {
      "courses_avg": 73.83,
      "courses_pass": 690,
      "courses_fail": 99,
      "courses_audit": 0,
      "courses_year": 1900,
      "courses_dept": "apsc",
      "courses_id": "160",
      "courses_instructor": "",
      "courses_title": "comp eng design",
      "courses_uuid": "36555"
    },
    {
      "courses_avg": 60.96,
      "courses_pass": 417,
      "courses_fail": 99,
      "courses_audit": 0,
      "courses_year": 1900,
      "courses_dept": "math",
      "courses_id": "184",
      "courses_instructor": "",
      "courses_title": "calc socsci comm",
      "courses_uuid": "29805"
    },
    {
      "courses_avg": 75.15,
      "courses_pass": 1247,
      "courses_fail": 99,
      "courses_audit": 0,
      "courses_year": 1900,
      "courses_dept": "phys",
      "courses_id": "101",
      "courses_instructor": "",
      "courses_title": "energy & waves",
      "courses_uuid": "367"
    },
    {
      "courses_avg": 72.25,
      "courses_pass": 1288,
      "courses_fail": 100,
      "courses_audit": 1,
      "courses_year": 1900,
      "courses_dept": "comm",
      "courses_id": "290",
      "courses_instructor": "",
      "courses_title": "int quan dec mak",
      "courses_uuid": "81443"
    },
    {
      "courses_avg": 68.86,
      "courses_pass": 739,
      "courses_fail": 100,
      "courses_audit": 1,
      "courses_year": 1900,
      "courses_dept": "math",
      "courses_id": "103",
      "courses_instructor": "",
      "courses_title": "int calc ap lf s",
      "courses_uuid": "89990"
    },
    {
      "courses_avg": 66.83,
      "courses_pass": 596,
      "courses_fail": 100,
      "courses_audit": 0,
      "courses_year": 1900,
      "courses_dept": "math",
      "courses_id": "152",
      "courses_instructor": "",
      "courses_title": "linear systems",
      "courses_uuid": "34013"
    },
    {
      "courses_avg": 66.48,
      "courses_pass": 818,
      "courses_fail": 100,
      "courses_audit": 0,
      "courses_year": 1900,
      "courses_dept": "math",
      "courses_id": "200",
      "courses_instructor": "",
      "courses_title": "calculus 3",
      "courses_uuid": "34036"
    },
    {
      "courses_avg": 68.16,
      "courses_pass": 754,
      "courses_fail": 100,
      "courses_audit": 1,
      "courses_year": 1900,
      "courses_dept": "math",
      "courses_id": "200",
      "courses_instructor": "",
      "courses_title": "calculus 3",
      "courses_uuid": "72980"
    },
    {
      "courses_avg": 67.32,
      "courses_pass": 762,
      "courses_fail": 101,
      "courses_audit": 0,
      "courses_year": 1900,
      "courses_dept": "math",
      "courses_id": "200",
      "courses_instructor": "",
      "courses_title": "calculus 3",
      "courses_uuid": "5204"
    },
    {
      "courses_avg": 67.06,
      "courses_pass": 604,
      "courses_fail": 102,
      "courses_audit": 1,
      "courses_year": 1900,
      "courses_dept": "comm",
      "courses_id": "293",
      "courses_instructor": "",
      "courses_title": "financial acctng",
      "courses_uuid": "96352"
    },
    {
      "courses_avg": 63.98,
      "courses_pass": 581,
      "courses_fail": 102,
      "courses_audit": 0,
      "courses_year": 1900,
      "courses_dept": "math",
      "courses_id": "152",
      "courses_instructor": "",
      "courses_title": "linear systems",
      "courses_uuid": "29760"
    },
    {
      "courses_avg": 68.62,
      "courses_pass": 1442,
      "courses_fail": 102,
      "courses_audit": 1,
      "courses_year": 1900,
      "courses_dept": "psyc",
      "courses_id": "102",
      "courses_instructor": "",
      "courses_title": "dev soc cli psy",
      "courses_uuid": "54666"
    },
    {
      "courses_avg": 75.46,
      "courses_pass": 735,
      "courses_fail": 103,
      "courses_audit": 0,
      "courses_year": 1900,
      "courses_dept": "apsc",
      "courses_id": "160",
      "courses_instructor": "",
      "courses_title": "comp eng design",
      "courses_uuid": "45774"
    },
    {
      "courses_avg": 70.48,
      "courses_pass": 1026,
      "courses_fail": 106,
      "courses_audit": 1,
      "courses_year": 2009,
      "courses_dept": "biol",
      "courses_id": "200",
      "courses_instructor": "rosenberg, ellen",
      "courses_title": "cell biology 1",
      "courses_uuid": "88960"
    },
    {
      "courses_avg": 66.8,
      "courses_pass": 1044,
      "courses_fail": 106,
      "courses_audit": 0,
      "courses_year": 1900,
      "courses_dept": "math",
      "courses_id": "100",
      "courses_instructor": "",
      "courses_title": "df calc ap ph sc",
      "courses_uuid": "31924"
    },
    {
      "courses_avg": 67.74,
      "courses_pass": 1065,
      "courses_fail": 107,
      "courses_audit": 0,
      "courses_year": 1900,
      "courses_dept": "math",
      "courses_id": "105",
      "courses_instructor": "",
      "courses_title": "int calc ap c&ss",
      "courses_uuid": "90009"
    },
    {
      "courses_avg": 66.46,
      "courses_pass": 586,
      "courses_fail": 107,
      "courses_audit": 0,
      "courses_year": 1900,
      "courses_dept": "math",
      "courses_id": "152",
      "courses_instructor": "",
      "courses_title": "linear systems",
      "courses_uuid": "3807"
    },
    {
      "courses_avg": 64.41,
      "courses_pass": 649,
      "courses_fail": 107,
      "courses_audit": 0,
      "courses_year": 1900,
      "courses_dept": "math",
      "courses_id": "152",
      "courses_instructor": "",
      "courses_title": "linear systems",
      "courses_uuid": "47064"
    },
    {
      "courses_avg": 67.16,
      "courses_pass": 733,
      "courses_fail": 107,
      "courses_audit": 0,
      "courses_year": 1900,
      "courses_dept": "math",
      "courses_id": "200",
      "courses_instructor": "",
      "courses_title": "calculus 3",
      "courses_uuid": "27291"
    },
    {
      "courses_avg": 68.51,
      "courses_pass": 859,
      "courses_fail": 107,
      "courses_audit": 0,
      "courses_year": 1900,
      "courses_dept": "math",
      "courses_id": "200",
      "courses_instructor": "",
      "courses_title": "calculus 3",
      "courses_uuid": "47088"
    },
    {
      "courses_avg": 68.24,
      "courses_pass": 798,
      "courses_fail": 107,
      "courses_audit": 0,
      "courses_year": 1900,
      "courses_dept": "phys",
      "courses_id": "170",
      "courses_instructor": "",
      "courses_title": "mechanics i",
      "courses_uuid": "33548"
    },
    {
      "courses_avg": 69.06,
      "courses_pass": 963,
      "courses_fail": 108,
      "courses_audit": 0,
      "courses_year": 1900,
      "courses_dept": "math",
      "courses_id": "100",
      "courses_instructor": "",
      "courses_title": "df calc ap ph sc",
      "courses_uuid": "29703"
    },
    {
      "courses_avg": 66.13,
      "courses_pass": 626,
      "courses_fail": 108,
      "courses_audit": 0,
      "courses_year": 1900,
      "courses_dept": "math",
      "courses_id": "152",
      "courses_instructor": "",
      "courses_title": "linear systems",
      "courses_uuid": "27269"
    },
    {
      "courses_avg": 74.98,
      "courses_pass": 1521,
      "courses_fail": 109,
      "courses_audit": 0,
      "courses_year": 1900,
      "courses_dept": "phys",
      "courses_id": "101",
      "courses_instructor": "",
      "courses_title": "energy & waves",
      "courses_uuid": "98668"
    },
    {
      "courses_avg": 68.22,
      "courses_pass": 1780,
      "courses_fail": 110,
      "courses_audit": 0,
      "courses_year": 1900,
      "courses_dept": "biol",
      "courses_id": "121",
      "courses_instructor": "",
      "courses_title": "gentcs ecol&evol",
      "courses_uuid": "20542"
    },
    {
      "courses_avg": 66.09,
      "courses_pass": 668,
      "courses_fail": 110,
      "courses_audit": 0,
      "courses_year": 1900,
      "courses_dept": "math",
      "courses_id": "200",
      "courses_instructor": "",
      "courses_title": "calculus 3",
      "courses_uuid": "29815"
    },
    {
      "courses_avg": 67.5,
      "courses_pass": 815,
      "courses_fail": 110,
      "courses_audit": 0,
      "courses_year": 1900,
      "courses_dept": "phys",
      "courses_id": "170",
      "courses_instructor": "",
      "courses_title": "mechanics i",
      "courses_uuid": "50221"
    },
    {
      "courses_avg": 66.13,
      "courses_pass": 944,
      "courses_fail": 111,
      "courses_audit": 0,
      "courses_year": 1900,
      "courses_dept": "math",
      "courses_id": "200",
      "courses_instructor": "",
      "courses_title": "calculus 3",
      "courses_uuid": "90046"
    },
    {
      "courses_avg": 71.15,
      "courses_pass": 772,
      "courses_fail": 111,
      "courses_audit": 0,
      "courses_year": 1900,
      "courses_dept": "phys",
      "courses_id": "170",
      "courses_instructor": "",
      "courses_title": "mechanics i",
      "courses_uuid": "75290"
    },
    {
      "courses_avg": 74.96,
      "courses_pass": 715,
      "courses_fail": 112,
      "courses_audit": 0,
      "courses_year": 1900,
      "courses_dept": "apsc",
      "courses_id": "160",
      "courses_instructor": "",
      "courses_title": "comp eng design",
      "courses_uuid": "19807"
    },
    {
      "courses_avg": 70.14,
      "courses_pass": 1394,
      "courses_fail": 112,
      "courses_audit": 0,
      "courses_year": 1900,
      "courses_dept": "chem",
      "courses_id": "123",
      "courses_instructor": "",
      "courses_title": "phys & org chem",
      "courses_uuid": "54483"
    },
    {
      "courses_avg": 66,
      "courses_pass": 644,
      "courses_fail": 112,
      "courses_audit": 0,
      "courses_year": 1900,
      "courses_dept": "math",
      "courses_id": "152",
      "courses_instructor": "",
      "courses_title": "linear systems",
      "courses_uuid": "5181"
    },
    {
      "courses_avg": 69.27,
      "courses_pass": 911,
      "courses_fail": 113,
      "courses_audit": 0,
      "courses_year": 1900,
      "courses_dept": "math",
      "courses_id": "105",
      "courses_instructor": "",
      "courses_title": "int calc ap c&ss",
      "courses_uuid": "3792"
    },
    {
      "courses_avg": 67.84,
      "courses_pass": 1391,
      "courses_fail": 113,
      "courses_audit": 0,
      "courses_year": 1900,
      "courses_dept": "psyc",
      "courses_id": "102",
      "courses_instructor": "",
      "courses_title": "dev soc cli psy",
      "courses_uuid": "27815"
    },
    {
      "courses_avg": 60.66,
      "courses_pass": 512,
      "courses_fail": 114,
      "courses_audit": 0,
      "courses_year": 1900,
      "courses_dept": "math",
      "courses_id": "184",
      "courses_instructor": "",
      "courses_title": "calc socsci comm",
      "courses_uuid": "27280"
    },
    {
      "courses_avg": 63.12,
      "courses_pass": 573,
      "courses_fail": 114,
      "courses_audit": 0,
      "courses_year": 1900,
      "courses_dept": "math",
      "courses_id": "184",
      "courses_instructor": "",
      "courses_title": "calc socsci comm",
      "courses_uuid": "90035"
    },
    {
      "courses_avg": 72.1,
      "courses_pass": 1530,
      "courses_fail": 115,
      "courses_audit": 0,
      "courses_year": 1900,
      "courses_dept": "chem",
      "courses_id": "123",
      "courses_instructor": "",
      "courses_title": "phys & org chem",
      "courses_uuid": "64764"
    },
    {
      "courses_avg": 65.18,
      "courses_pass": 705,
      "courses_fail": 115,
      "courses_audit": 0,
      "courses_year": 1900,
      "courses_dept": "math",
      "courses_id": "200",
      "courses_instructor": "",
      "courses_title": "calculus 3",
      "courses_uuid": "13772"
    },
    {
      "courses_avg": 69.89,
      "courses_pass": 1442,
      "courses_fail": 116,
      "courses_audit": 0,
      "courses_year": 1900,
      "courses_dept": "biol",
      "courses_id": "112",
      "courses_instructor": "",
      "courses_title": "unicellular life",
      "courses_uuid": "54004"
    },
    {
      "courses_avg": 66.69,
      "courses_pass": 1670,
      "courses_fail": 116,
      "courses_audit": 0,
      "courses_year": 1900,
      "courses_dept": "biol",
      "courses_id": "121",
      "courses_instructor": "",
      "courses_title": "gentcs ecol&evol",
      "courses_uuid": "34273"
    },
    {
      "courses_avg": 73.39,
      "courses_pass": 645,
      "courses_fail": 118,
      "courses_audit": 0,
      "courses_year": 1900,
      "courses_dept": "apsc",
      "courses_id": "160",
      "courses_instructor": "",
      "courses_title": "comp eng design",
      "courses_uuid": "8246"
    },
    {
      "courses_avg": 72.08,
      "courses_pass": 576,
      "courses_fail": 118,
      "courses_audit": 0,
      "courses_year": 1900,
      "courses_dept": "apsc",
      "courses_id": "160",
      "courses_instructor": "",
      "courses_title": "comp eng design",
      "courses_uuid": "18671"
    },
    {
      "courses_avg": 72.63,
      "courses_pass": 736,
      "courses_fail": 118,
      "courses_audit": 3,
      "courses_year": 1900,
      "courses_dept": "cpsc",
      "courses_id": "110",
      "courses_instructor": "",
      "courses_title": "comptn, progrmng",
      "courses_uuid": "83395"
    },
    {
      "courses_avg": 69.5,
      "courses_pass": 2083,
      "courses_fail": 119,
      "courses_audit": 2,
      "courses_year": 1900,
      "courses_dept": "econ",
      "courses_id": "102",
      "courses_instructor": "",
      "courses_title": "princpl macrecon",
      "courses_uuid": "74293"
    },
    {
      "courses_avg": 70.08,
      "courses_pass": 1948,
      "courses_fail": 120,
      "courses_audit": 2,
      "courses_year": 1900,
      "courses_dept": "econ",
      "courses_id": "101",
      "courses_instructor": "",
      "courses_title": "prncpls micrecon",
      "courses_uuid": "9980"
    },
    {
      "courses_avg": 68.63,
      "courses_pass": 1058,
      "courses_fail": 120,
      "courses_audit": 1,
      "courses_year": 1900,
      "courses_dept": "math",
      "courses_id": "100",
      "courses_instructor": "",
      "courses_title": "df calc ap ph sc",
      "courses_uuid": "89960"
    },
    {
      "courses_avg": 72.83,
      "courses_pass": 1545,
      "courses_fail": 121,
      "courses_audit": 0,
      "courses_year": 1900,
      "courses_dept": "chem",
      "courses_id": "123",
      "courses_instructor": "",
      "courses_title": "thm kin org chem",
      "courses_uuid": "89227"
    },
    {
      "courses_avg": 69.09,
      "courses_pass": 1084,
      "courses_fail": 122,
      "courses_audit": 0,
      "courses_year": 2012,
      "courses_dept": "biol",
      "courses_id": "200",
      "courses_instructor": "chen, liane",
      "courses_title": "fund cell bio",
      "courses_uuid": "20550"
    },
    {
      "courses_avg": 65.46,
      "courses_pass": 842,
      "courses_fail": 122,
      "courses_audit": 0,
      "courses_year": 1900,
      "courses_dept": "math",
      "courses_id": "104",
      "courses_instructor": "",
      "courses_title": "dff calc ap c&ss",
      "courses_uuid": "27240"
    },
    {
      "courses_avg": 67.23,
      "courses_pass": 685,
      "courses_fail": 123,
      "courses_audit": 0,
      "courses_year": 1900,
      "courses_dept": "apsc",
      "courses_id": "201",
      "courses_instructor": "",
      "courses_title": "technical commun",
      "courses_uuid": "18701"
    },
    {
      "courses_avg": 69.92,
      "courses_pass": 1091,
      "courses_fail": 123,
      "courses_audit": 2,
      "courses_year": 1900,
      "courses_dept": "biol",
      "courses_id": "200",
      "courses_instructor": "",
      "courses_title": "cell biology 1",
      "courses_uuid": "88965"
    },
    {
      "courses_avg": 68.18,
      "courses_pass": 1383,
      "courses_fail": 125,
      "courses_audit": 0,
      "courses_year": 1900,
      "courses_dept": "psyc",
      "courses_id": "101",
      "courses_instructor": "",
      "courses_title": "bio cog psych",
      "courses_uuid": "27807"
    },
    {
      "courses_avg": 68.75,
      "courses_pass": 2286,
      "courses_fail": 126,
      "courses_audit": 0,
      "courses_year": 1900,
      "courses_dept": "econ",
      "courses_id": "101",
      "courses_instructor": "",
      "courses_title": "prncpls micrecon",
      "courses_uuid": "78331"
    },
    {
      "courses_avg": 68.58,
      "courses_pass": 999,
      "courses_fail": 128,
      "courses_audit": 1,
      "courses_year": 2008,
      "courses_dept": "biol",
      "courses_id": "200",
      "courses_instructor": "",
      "courses_title": "cell biology 1",
      "courses_uuid": "34303"
    },
    {
      "courses_avg": 67.7,
      "courses_pass": 1073,
      "courses_fail": 129,
      "courses_audit": 1,
      "courses_year": 1900,
      "courses_dept": "chem",
      "courses_id": "233",
      "courses_instructor": "",
      "courses_title": "org chem biol sc",
      "courses_uuid": "54510"
    },
    {
      "courses_avg": 67.49,
      "courses_pass": 1817,
      "courses_fail": 131,
      "courses_audit": 0,
      "courses_year": 1900,
      "courses_dept": "biol",
      "courses_id": "121",
      "courses_instructor": "",
      "courses_title": "gentcs ecol&evol",
      "courses_uuid": "88930"
    },
    {
      "courses_avg": 68.4,
      "courses_pass": 2378,
      "courses_fail": 132,
      "courses_audit": 0,
      "courses_year": 1900,
      "courses_dept": "econ",
      "courses_id": "101",
      "courses_instructor": "",
      "courses_title": "prncpls micrecon",
      "courses_uuid": "90881"
    },
    {
      "courses_avg": 68.7,
      "courses_pass": 1133,
      "courses_fail": 133,
      "courses_audit": 0,
      "courses_year": 1900,
      "courses_dept": "biol",
      "courses_id": "200",
      "courses_instructor": "",
      "courses_title": "fund cell bio",
      "courses_uuid": "20553"
    },
    {
      "courses_avg": 68.4,
      "courses_pass": 1438,
      "courses_fail": 134,
      "courses_audit": 2,
      "courses_year": 1900,
      "courses_dept": "psyc",
      "courses_id": "101",
      "courses_instructor": "",
      "courses_title": "bio cog psych",
      "courses_uuid": "54659"
    },
    {
      "courses_avg": 69.82,
      "courses_pass": 2438,
      "courses_fail": 135,
      "courses_audit": 0,
      "courses_year": 1900,
      "courses_dept": "econ",
      "courses_id": "101",
      "courses_instructor": "",
      "courses_title": "prncpls micrecon",
      "courses_uuid": "74279"
    },
    {
      "courses_avg": 68.98,
      "courses_pass": 1827,
      "courses_fail": 135,
      "courses_audit": 6,
      "courses_year": 1900,
      "courses_dept": "econ",
      "courses_id": "102",
      "courses_instructor": "",
      "courses_title": "princpl macrecon",
      "courses_uuid": "21907"
    },
    {
      "courses_avg": 68.14,
      "courses_pass": 1705,
      "courses_fail": 135,
      "courses_audit": 0,
      "courses_year": 1900,
      "courses_dept": "econ",
      "courses_id": "102",
      "courses_instructor": "",
      "courses_title": "princpl macrecon",
      "courses_uuid": "58333"
    },
    {
      "courses_avg": 69.51,
      "courses_pass": 2289,
      "courses_fail": 135,
      "courses_audit": 1,
      "courses_year": 1900,
      "courses_dept": "psyc",
      "courses_id": "102",
      "courses_instructor": "",
      "courses_title": "dev soc cli psy",
      "courses_uuid": "78083"
    },
    {
      "courses_avg": 67.69,
      "courses_pass": 1758,
      "courses_fail": 136,
      "courses_audit": 1,
      "courses_year": 1900,
      "courses_dept": "biol",
      "courses_id": "121",
      "courses_instructor": "",
      "courses_title": "gentcs ecol&evol",
      "courses_uuid": "54014"
    },
    {
      "courses_avg": 69.72,
      "courses_pass": 1546,
      "courses_fail": 137,
      "courses_audit": 0,
      "courses_year": 1900,
      "courses_dept": "biol",
      "courses_id": "112",
      "courses_instructor": "",
      "courses_title": "unicellular life",
      "courses_uuid": "19559"
    },
    {
      "courses_avg": 72.29,
      "courses_pass": 662,
      "courses_fail": 141,
      "courses_audit": 0,
      "courses_year": 1900,
      "courses_dept": "apsc",
      "courses_id": "160",
      "courses_instructor": "",
      "courses_title": "comp eng design",
      "courses_uuid": "22385"
    },
    {
      "courses_avg": 69.77,
      "courses_pass": 1419,
      "courses_fail": 142,
      "courses_audit": 0,
      "courses_year": 1900,
      "courses_dept": "biol",
      "courses_id": "112",
      "courses_instructor": "",
      "courses_title": "unicellular life",
      "courses_uuid": "88920"
    },
    {
      "courses_avg": 68.72,
      "courses_pass": 2134,
      "courses_fail": 142,
      "courses_audit": 0,
      "courses_year": 1900,
      "courses_dept": "econ",
      "courses_id": "102",
      "courses_instructor": "",
      "courses_title": "princpl macrecon",
      "courses_uuid": "11431"
    },
    {
      "courses_avg": 67.7,
      "courses_pass": 1866,
      "courses_fail": 142,
      "courses_audit": 2,
      "courses_year": 1900,
      "courses_dept": "econ",
      "courses_id": "102",
      "courses_instructor": "",
      "courses_title": "princpl macrecon",
      "courses_uuid": "69790"
    },
    {
      "courses_avg": 68.25,
      "courses_pass": 1062,
      "courses_fail": 143,
      "courses_audit": 2,
      "courses_year": 1900,
      "courses_dept": "biol",
      "courses_id": "200",
      "courses_instructor": "",
      "courses_title": "cell biology 1",
      "courses_uuid": "34307"
    },
    {
      "courses_avg": 69.45,
      "courses_pass": 2095,
      "courses_fail": 144,
      "courses_audit": 1,
      "courses_year": 1900,
      "courses_dept": "psyc",
      "courses_id": "102",
      "courses_instructor": "",
      "courses_title": "dev soc cli psy",
      "courses_uuid": "80835"
    },
    {
      "courses_avg": 68.41,
      "courses_pass": 2023,
      "courses_fail": 145,
      "courses_audit": 1,
      "courses_year": 1900,
      "courses_dept": "econ",
      "courses_id": "101",
      "courses_instructor": "",
      "courses_title": "prncpls micrecon",
      "courses_uuid": "52233"
    },
    {
      "courses_avg": 68.98,
      "courses_pass": 2019,
      "courses_fail": 145,
      "courses_audit": 1,
      "courses_year": 1900,
      "courses_dept": "econ",
      "courses_id": "102",
      "courses_instructor": "",
      "courses_title": "princpl macrecon",
      "courses_uuid": "78343"
    },
    {
      "courses_avg": 68.65,
      "courses_pass": 1114,
      "courses_fail": 145,
      "courses_audit": 1,
      "courses_year": 1900,
      "courses_dept": "math",
      "courses_id": "101",
      "courses_instructor": "",
      "courses_title": "int calc ap ph s",
      "courses_uuid": "27216"
    },
    {
      "courses_avg": 68.72,
      "courses_pass": 1785,
      "courses_fail": 146,
      "courses_audit": 1,
      "courses_year": 1900,
      "courses_dept": "psyc",
      "courses_id": "102",
      "courses_instructor": "",
      "courses_title": "dev soc cli psy",
      "courses_uuid": "89676"
    },
    {
      "courses_avg": 66.88,
      "courses_pass": 1648,
      "courses_fail": 147,
      "courses_audit": 0,
      "courses_year": 1900,
      "courses_dept": "biol",
      "courses_id": "121",
      "courses_instructor": "",
      "courses_title": "eco gen evol",
      "courses_uuid": "18041"
    },
    {
      "courses_avg": 64.43,
      "courses_pass": 967,
      "courses_fail": 147,
      "courses_audit": 0,
      "courses_year": 1900,
      "courses_dept": "math",
      "courses_id": "105",
      "courses_instructor": "",
      "courses_title": "int calc ap c&ss",
      "courses_uuid": "27253"
    },
    {
      "courses_avg": 64.63,
      "courses_pass": 956,
      "courses_fail": 147,
      "courses_audit": 0,
      "courses_year": 1900,
      "courses_dept": "math",
      "courses_id": "105",
      "courses_instructor": "",
      "courses_title": "int calc ap c&ss",
      "courses_uuid": "33997"
    },
    {
      "courses_avg": 69.25,
      "courses_pass": 2278,
      "courses_fail": 149,
      "courses_audit": 0,
      "courses_year": 1900,
      "courses_dept": "econ",
      "courses_id": "101",
      "courses_instructor": "",
      "courses_title": "prncpls micrecon",
      "courses_uuid": "11418"
    },
    {
      "courses_avg": 70.02,
      "courses_pass": 1578,
      "courses_fail": 150,
      "courses_audit": 0,
      "courses_year": 1900,
      "courses_dept": "biol",
      "courses_id": "112",
      "courses_instructor": "",
      "courses_title": "biology of cell",
      "courses_uuid": "20532"
    },
    {
      "courses_avg": 71.22,
      "courses_pass": 819,
      "courses_fail": 150,
      "courses_audit": 0,
      "courses_year": 1900,
      "courses_dept": "cpsc",
      "courses_id": "110",
      "courses_instructor": "",
      "courses_title": "comptn, progrmng",
      "courses_uuid": "49856"
    },
    {
      "courses_avg": 70.36,
      "courses_pass": 1359,
      "courses_fail": 157,
      "courses_audit": 0,
      "courses_year": 1900,
      "courses_dept": "chem",
      "courses_id": "123",
      "courses_instructor": "",
      "courses_title": "phys & org chem",
      "courses_uuid": "42504"
    },
    {
      "courses_avg": 72.28,
      "courses_pass": 886,
      "courses_fail": 157,
      "courses_audit": 0,
      "courses_year": 1900,
      "courses_dept": "cpsc",
      "courses_id": "110",
      "courses_instructor": "",
      "courses_title": "comptn, progrmng",
      "courses_uuid": "1256"
    },
    {
      "courses_avg": 67.77,
      "courses_pass": 1307,
      "courses_fail": 162,
      "courses_audit": 1,
      "courses_year": 1900,
      "courses_dept": "biol",
      "courses_id": "112",
      "courses_instructor": "",
      "courses_title": "biol bact cell",
      "courses_uuid": "18031"
    },
    {
      "courses_avg": 66.78,
      "courses_pass": 1768,
      "courses_fail": 162,
      "courses_audit": 0,
      "courses_year": 1900,
      "courses_dept": "biol",
      "courses_id": "121",
      "courses_instructor": "",
      "courses_title": "gentcs ecol&evol",
      "courses_uuid": "19569"
    },
    {
      "courses_avg": 71.52,
      "courses_pass": 1460,
      "courses_fail": 162,
      "courses_audit": 0,
      "courses_year": 1900,
      "courses_dept": "phys",
      "courses_id": "101",
      "courses_instructor": "",
      "courses_title": "energy & waves",
      "courses_uuid": "75268"
    },
    {
      "courses_avg": 68.27,
      "courses_pass": 2169,
      "courses_fail": 166,
      "courses_audit": 0,
      "courses_year": 1900,
      "courses_dept": "econ",
      "courses_id": "102",
      "courses_instructor": "",
      "courses_title": "princpl macrecon",
      "courses_uuid": "90894"
    },
    {
      "courses_avg": 68.93,
      "courses_pass": 1386,
      "courses_fail": 168,
      "courses_audit": 0,
      "courses_year": 1900,
      "courses_dept": "chem",
      "courses_id": "123",
      "courses_instructor": "",
      "courses_title": "phys & org chem",
      "courses_uuid": "82104"
    },
    {
      "courses_avg": 69.15,
      "courses_pass": 1953,
      "courses_fail": 169,
      "courses_audit": 1,
      "courses_year": 1900,
      "courses_dept": "psyc",
      "courses_id": "101",
      "courses_instructor": "",
      "courses_title": "bio cog psych",
      "courses_uuid": "89667"
    },
    {
      "courses_avg": 62.88,
      "courses_pass": 949,
      "courses_fail": 170,
      "courses_audit": 0,
      "courses_year": 1900,
      "courses_dept": "math",
      "courses_id": "105",
      "courses_instructor": "",
      "courses_title": "int calc ap c&ss",
      "courses_uuid": "47049"
    },
    {
      "courses_avg": 69.62,
      "courses_pass": 1423,
      "courses_fail": 171,
      "courses_audit": 0,
      "courses_year": 1900,
      "courses_dept": "phys",
      "courses_id": "101",
      "courses_instructor": "",
      "courses_title": "energy & waves",
      "courses_uuid": "33525"
    },
    {
      "courses_avg": 71.43,
      "courses_pass": 1395,
      "courses_fail": 171,
      "courses_audit": 0,
      "courses_year": 1900,
      "courses_dept": "phys",
      "courses_id": "101",
      "courses_instructor": "",
      "courses_title": "energy & waves",
      "courses_uuid": "80561"
    },
    {
      "courses_avg": 66.86,
      "courses_pass": 2063,
      "courses_fail": 172,
      "courses_audit": 0,
      "courses_year": 1900,
      "courses_dept": "econ",
      "courses_id": "101",
      "courses_instructor": "",
      "courses_title": "prncpls micrecon",
      "courses_uuid": "69781"
    },
    {
      "courses_avg": 69.14,
      "courses_pass": 2201,
      "courses_fail": 172,
      "courses_audit": 1,
      "courses_year": 1900,
      "courses_dept": "psyc",
      "courses_id": "101",
      "courses_instructor": "",
      "courses_title": "bio cog psych",
      "courses_uuid": "78071"
    },
    {
      "courses_avg": 67.02,
      "courses_pass": 954,
      "courses_fail": 175,
      "courses_audit": 0,
      "courses_year": 1900,
      "courses_dept": "chem",
      "courses_id": "233",
      "courses_instructor": "",
      "courses_title": "org chem biol sc",
      "courses_uuid": "31227"
    },
    {
      "courses_avg": 68.41,
      "courses_pass": 1966,
      "courses_fail": 175,
      "courses_audit": 0,
      "courses_year": 1900,
      "courses_dept": "psyc",
      "courses_id": "101",
      "courses_instructor": "",
      "courses_title": "bio cog psych",
      "courses_uuid": "80823"
    },
    {
      "courses_avg": 71.85,
      "courses_pass": 1342,
      "courses_fail": 177,
      "courses_audit": 1,
      "courses_year": 1900,
      "courses_dept": "phys",
      "courses_id": "101",
      "courses_instructor": "",
      "courses_title": "energy & waves",
      "courses_uuid": "41176"
    },
    {
      "courses_avg": 66.12,
      "courses_pass": 982,
      "courses_fail": 180,
      "courses_audit": 0,
      "courses_year": 1900,
      "courses_dept": "math",
      "courses_id": "101",
      "courses_instructor": "",
      "courses_title": "int calc ap ph s",
      "courses_uuid": "3759"
    },
    {
      "courses_avg": 68.48,
      "courses_pass": 1962,
      "courses_fail": 181,
      "courses_audit": 2,
      "courses_year": 1900,
      "courses_dept": "econ",
      "courses_id": "101",
      "courses_instructor": "",
      "courses_title": "prncpls micrecon",
      "courses_uuid": "58324"
    },
    {
      "courses_avg": 70.63,
      "courses_pass": 1558,
      "courses_fail": 184,
      "courses_audit": 0,
      "courses_year": 1900,
      "courses_dept": "phys",
      "courses_id": "101",
      "courses_instructor": "",
      "courses_title": "energy & waves",
      "courses_uuid": "50198"
    },
    {
      "courses_avg": 67.89,
      "courses_pass": 955,
      "courses_fail": 186,
      "courses_audit": 0,
      "courses_year": 1900,
      "courses_dept": "chem",
      "courses_id": "233",
      "courses_instructor": "",
      "courses_title": "org chem biol sc",
      "courses_uuid": "70104"
    },
    {
      "courses_avg": 63.51,
      "courses_pass": 1018,
      "courses_fail": 186,
      "courses_audit": 0,
      "courses_year": 1900,
      "courses_dept": "math",
      "courses_id": "101",
      "courses_instructor": "",
      "courses_title": "int calc ap ph s",
      "courses_uuid": "72908"
    },
    {
      "courses_avg": 69.62,
      "courses_pass": 1787,
      "courses_fail": 187,
      "courses_audit": 0,
      "courses_year": 1900,
      "courses_dept": "econ",
      "courses_id": "102",
      "courses_instructor": "",
      "courses_title": "princpl macrecon",
      "courses_uuid": "21442"
    },
    {
      "courses_avg": 67.58,
      "courses_pass": 1705,
      "courses_fail": 187,
      "courses_audit": 1,
      "courses_year": 1900,
      "courses_dept": "econ",
      "courses_id": "102",
      "courses_instructor": "",
      "courses_title": "princpl macrecon",
      "courses_uuid": "52243"
    },
    {
      "courses_avg": 63.31,
      "courses_pass": 880,
      "courses_fail": 188,
      "courses_audit": 0,
      "courses_year": 1900,
      "courses_dept": "chem",
      "courses_id": "233",
      "courses_instructor": "",
      "courses_title": "org chem biol sc",
      "courses_uuid": "64792"
    },
    {
      "courses_avg": 64.6,
      "courses_pass": 921,
      "courses_fail": 190,
      "courses_audit": 1,
      "courses_year": 1900,
      "courses_dept": "chem",
      "courses_id": "233",
      "courses_instructor": "",
      "courses_title": "org chem biol sc",
      "courses_uuid": "89254"
    },
    {
      "courses_avg": 73.25,
      "courses_pass": 966,
      "courses_fail": 190,
      "courses_audit": 0,
      "courses_year": 1900,
      "courses_dept": "cpsc",
      "courses_id": "110",
      "courses_instructor": "",
      "courses_title": "comptn, progrmng",
      "courses_uuid": "62349"
    },
    {
      "courses_avg": 66.31,
      "courses_pass": 1137,
      "courses_fail": 190,
      "courses_audit": 0,
      "courses_year": 1900,
      "courses_dept": "math",
      "courses_id": "101",
      "courses_instructor": "",
      "courses_title": "int calc ap ph s",
      "courses_uuid": "33964"
    },
    {
      "courses_avg": 66.28,
      "courses_pass": 1166,
      "courses_fail": 190,
      "courses_audit": 1,
      "courses_year": 1900,
      "courses_dept": "math",
      "courses_id": "101",
      "courses_instructor": "",
      "courses_title": "int calc ap ph s",
      "courses_uuid": "89972"
    },
    {
      "courses_avg": 70.97,
      "courses_pass": 1586,
      "courses_fail": 192,
      "courses_audit": 0,
      "courses_year": 1900,
      "courses_dept": "chem",
      "courses_id": "121",
      "courses_instructor": "",
      "courses_title": "structural chem",
      "courses_uuid": "42495"
    },
    {
      "courses_avg": 65.21,
      "courses_pass": 1050,
      "courses_fail": 193,
      "courses_audit": 0,
      "courses_year": 1900,
      "courses_dept": "math",
      "courses_id": "101",
      "courses_instructor": "",
      "courses_title": "int calc ap ph s",
      "courses_uuid": "29715"
    },
    {
      "courses_avg": 64.98,
      "courses_pass": 915,
      "courses_fail": 196,
      "courses_audit": 0,
      "courses_year": 2007,
      "courses_dept": "biol",
      "courses_id": "200",
      "courses_instructor": "rosenberg, ellen",
      "courses_title": "cell biology 1",
      "courses_uuid": "18071"
    },
    {
      "courses_avg": 64.55,
      "courses_pass": 1012,
      "courses_fail": 203,
      "courses_audit": 0,
      "courses_year": 1900,
      "courses_dept": "math",
      "courses_id": "101",
      "courses_instructor": "",
      "courses_title": "int calc ap ph s",
      "courses_uuid": "13688"
    },
    {
      "courses_avg": 64.73,
      "courses_pass": 958,
      "courses_fail": 204,
      "courses_audit": 0,
      "courses_year": 1900,
      "courses_dept": "biol",
      "courses_id": "200",
      "courses_instructor": "",
      "courses_title": "cell biology 1",
      "courses_uuid": "18074"
    },
    {
      "courses_avg": 65.99,
      "courses_pass": 1390,
      "courses_fail": 205,
      "courses_audit": 0,
      "courses_year": 1900,
      "courses_dept": "math",
      "courses_id": "101",
      "courses_instructor": "",
      "courses_title": "int calc ap ph s",
      "courses_uuid": "47011"
    },
    {
      "courses_avg": 63.33,
      "courses_pass": 1006,
      "courses_fail": 213,
      "courses_audit": 0,
      "courses_year": 1900,
      "courses_dept": "chem",
      "courses_id": "233",
      "courses_instructor": "",
      "courses_title": "org chem biol sc",
      "courses_uuid": "42532"
    },
    {
      "courses_avg": 67.24,
      "courses_pass": 2124,
      "courses_fail": 221,
      "courses_audit": 0,
      "courses_year": 1900,
      "courses_dept": "econ",
      "courses_id": "101",
      "courses_instructor": "",
      "courses_title": "prncpls micrecon",
      "courses_uuid": "21433"
    },
    {
      "courses_avg": 65.38,
      "courses_pass": 1122,
      "courses_fail": 222,
      "courses_audit": 0,
      "courses_year": 1900,
      "courses_dept": "math",
      "courses_id": "101",
      "courses_instructor": "",
      "courses_title": "int calc ap ph s",
      "courses_uuid": "5131"
    },
    {
      "courses_avg": 64.94,
      "courses_pass": 936,
      "courses_fail": 226,
      "courses_audit": 0,
      "courses_year": 1900,
      "courses_dept": "chem",
      "courses_id": "233",
      "courses_instructor": "",
      "courses_title": "org chem biol sc",
      "courses_uuid": "82131"
    },
    {
      "courses_avg": 68.77,
      "courses_pass": 1215,
      "courses_fail": 230,
      "courses_audit": 1,
      "courses_year": 1900,
      "courses_dept": "biol",
      "courses_id": "112",
      "courses_instructor": "",
      "courses_title": "unicellular life",
      "courses_uuid": "34263"
    },
    {
      "courses_avg": 70.22,
      "courses_pass": 1551,
      "courses_fail": 235,
      "courses_audit": 0,
      "courses_year": 1900,
      "courses_dept": "chem",
      "courses_id": "121",
      "courses_instructor": "",
      "courses_title": "structural chem",
      "courses_uuid": "54475"
    },
    {
      "courses_avg": 69.3,
      "courses_pass": 1667,
      "courses_fail": 250,
      "courses_audit": 1,
      "courses_year": 1900,
      "courses_dept": "chem",
      "courses_id": "121",
      "courses_instructor": "",
      "courses_title": "structural chem",
      "courses_uuid": "64755"
    },
    {
      "courses_avg": 69.41,
      "courses_pass": 1699,
      "courses_fail": 251,
      "courses_audit": 0,
      "courses_year": 1900,
      "courses_dept": "chem",
      "courses_id": "121",
      "courses_instructor": "",
      "courses_title": "strctr bond chem",
      "courses_uuid": "89218"
    },
    {
      "courses_avg": 68.77,
      "courses_pass": 1634,
      "courses_fail": 260,
      "courses_audit": 0,
      "courses_year": 1900,
      "courses_dept": "chem",
      "courses_id": "121",
      "courses_instructor": "",
      "courses_title": "structural chem",
      "courses_uuid": "82096"
    },
    {
      "courses_avg": 68.72,
      "courses_pass": 1762,
      "courses_fail": 264,
      "courses_audit": 0,
      "courses_year": 1900,
      "courses_dept": "chem",
      "courses_id": "121",
      "courses_instructor": "",
      "courses_title": "strctr bond chem",
      "courses_uuid": "31631"
    },
    {
      "courses_avg": 67.42,
      "courses_pass": 1526,
      "courses_fail": 266,
      "courses_audit": 0,
      "courses_year": 1900,
      "courses_dept": "chem",
      "courses_id": "121",
      "courses_instructor": "",
      "courses_title": "structural chem",
      "courses_uuid": "31192"
    },
    {
      "courses_avg": 68.2,
      "courses_pass": 1674,
      "courses_fail": 287,
      "courses_audit": 0,
      "courses_year": 1900,
      "courses_dept": "chem",
      "courses_id": "121",
      "courses_instructor": "",
      "courses_title": "structural chem",
      "courses_uuid": "70069"
    }
  ]
}