{
  "errorMsg": "Invalid key type in GT",
  "title": "GT_7_error",
  "input": {
    "WHERE": {
      "GT": {
        "courses_dept": 30
      }
    },
    "OPTIONS": {
      "COLUMNS": [
        "courses_avg",
        "courses_pass",
        "courses_fail",
        "courses_audit",
        "courses_year",
        "courses_dept",
        "courses_id",
        "courses_instructor",
        "courses_title",
        "courses_uuid"
      ],
      "ORDER": "courses_year"
    }
  },
  "errorExpected": true,
  "with": "InsightError"
}