{
  "title": "IS_11",
  "input": {
    "WHERE": {
      "IS": {
        "rooms_shortname": "MA*"
      }
    },
    "OPTIONS": {
      "COLUMNS": [
        "rooms_lon",
        "rooms_seats",
        "rooms_fullname",
        "rooms_shortname",
        "rooms_number",
        "rooms_address",
        "rooms_type",
        "rooms_furniture",
        "rooms_href"
      ],
      "ORDER": "rooms_lon"
    }
  },
  "errorExpected": false,
  "with": [
    {
      "rooms_lon": -123.255534,
      "rooms_seats": 224,
      "rooms_fullname": "Mathematics",
      "rooms_shortname": "MATH",
      "rooms_number": "100",
      "rooms_address": "1984 Mathematics Road",
      "rooms_type": "Tiered Large Group",
      "rooms_furniture": "Classroom-Fixed Tablets",
      "rooms_href": "http://students.ubc.ca/campus/discover/buildings-and-classrooms/room/MATH-100"
    },
    {
      "rooms_lon": -123.255534,
      "rooms_seats": 60,
      "rooms_fullname": "Mathematics",
      "rooms_shortname": "MATH",
      "rooms_number": "102",
      "rooms_address": "1984 Mathematics Road",
      "rooms_type": "Small Group",
      "rooms_furniture": "Classroom-Movable Tables & Chairs",
      "rooms_href": "http://students.ubc.ca/campus/discover/buildings-and-classrooms/room/MATH-102"
    },
    {
      "rooms_lon": -123.255534,
      "rooms_seats": 48,
      "rooms_fullname": "Mathematics",
      "rooms_shortname": "MATH",
      "rooms_number": "104",
      "rooms_address": "1984 Mathematics Road",
      "rooms_type": "Open Design General Purpose",
      "rooms_furniture": "Classroom-Movable Tables & Chairs",
      "rooms_href": "http://students.ubc.ca/campus/discover/buildings-and-classrooms/room/MATH-104"
    },
    {
      "rooms_lon": -123.255534,
      "rooms_seats": 30,
      "rooms_fullname": "Mathematics",
      "rooms_shortname": "MATH",
      "rooms_number": "105",
      "rooms_address": "1984 Mathematics Road",
      "rooms_type": "Open Design General Purpose",
      "rooms_furniture": "Classroom-Movable Tablets",
      "rooms_href": "http://students.ubc.ca/campus/discover/buildings-and-classrooms/room/MATH-105"
    },
    {
      "rooms_lon": -123.255534,
      "rooms_seats": 30,
      "rooms_fullname": "Mathematics",
      "rooms_shortname": "MATH",
      "rooms_number": "202",
      "rooms_address": "1984 Mathematics Road",
      "rooms_type": "Small Group",
      "rooms_furniture": "Classroom-Movable Tablets",
      "rooms_href": "http://students.ubc.ca/campus/discover/buildings-and-classrooms/room/MATH-202"
    },
    {
      "rooms_lon": -123.255534,
      "rooms_seats": 48,
      "rooms_fullname": "Mathematics",
      "rooms_shortname": "MATH",
      "rooms_number": "203",
      "rooms_address": "1984 Mathematics Road",
      "rooms_type": "Open Design General Purpose",
      "rooms_furniture": "Classroom-Movable Tables & Chairs",
      "rooms_href": "http://students.ubc.ca/campus/discover/buildings-and-classrooms/room/MATH-203"
    },
    {
      "rooms_lon": -123.255534,
      "rooms_seats": 30,
      "rooms_fullname": "Mathematics",
      "rooms_shortname": "MATH",
      "rooms_number": "204",
      "rooms_address": "1984 Mathematics Road",
      "rooms_type": "Open Design General Purpose",
      "rooms_furniture": "Classroom-Movable Tablets",
      "rooms_href": "http://students.ubc.ca/campus/discover/buildings-and-classrooms/room/MATH-204"
    },
    {
      "rooms_lon": -123.255534,
      "rooms_seats": 25,
      "rooms_fullname": "Mathematics",
      "rooms_shortname": "MATH",
      "rooms_number": "225",
      "rooms_address": "1984 Mathematics Road",
      "rooms_type": "Small Group",
      "rooms_furniture": "Classroom-Movable Tablets",
      "rooms_href": "http://students.ubc.ca/campus/discover/buildings-and-classrooms/room/MATH-225"
    },
    {
      "rooms_lon": -123.254816,
      "rooms_seats": 106,
      "rooms_fullname": "Mathematics Annex",
      "rooms_shortname": "MATX",
      "rooms_number": "1100",
      "rooms_address": "1986 Mathematics Road",
      "rooms_type": "Tiered Large Group",
      "rooms_furniture": "Classroom-Fixed Tablets",
      "rooms_href": "http://students.ubc.ca/campus/discover/buildings-and-classrooms/room/MATX-1100"
    }
  ]
}