{
  "title": "IS_17",
  "input": {
    "WHERE": {
      "IS": {
        "rooms_address": "1984*"
      }
    },
    "OPTIONS": {
      "COLUMNS": [
        "rooms_number",
        "rooms_address",
        "rooms_type",
        "rooms_furniture",
        "rooms_href"
      ],
      "ORDER": "rooms_type"
    }
  },
  "errorExpected": false,
  "with": [
    {
      "rooms_number": "101",
      "rooms_address": "1984 West Mall",
      "rooms_type": "Open Design General Purpose",
      "rooms_furniture": "Classroom-Movable Tables & Chairs",
      "rooms_href": "http://students.ubc.ca/campus/discover/buildings-and-classrooms/room/GEOG-101"
    },
    {
      "rooms_number": "147",
      "rooms_address": "1984 West Mall",
      "rooms_type": "Open Design General Purpose",
      "rooms_furniture": "Classroom-Movable Tables & Chairs",
      "rooms_href": "http://students.ubc.ca/campus/discover/buildings-and-classrooms/room/GEOG-147"
    },
    {
      "rooms_number": "200",
      "rooms_address": "1984 West Mall",
      "rooms_type": "Open Design General Purpose",
      "rooms_furniture": "Classroom-Movable Tables & Chairs",
      "rooms_href": "http://students.ubc.ca/campus/discover/buildings-and-classrooms/room/GEOG-200"
    },
    {
      "rooms_number": "201",
      "rooms_address": "1984 West Mall",
      "rooms_type": "Open Design General Purpose",
      "rooms_furniture": "Classroom-Movable Tables & Chairs",
      "rooms_href": "http://students.ubc.ca/campus/discover/buildings-and-classrooms/room/GEOG-201"
    },
    {
      "rooms_number": "212",
      "rooms_address": "1984 West Mall",
      "rooms_type": "Open Design General Purpose",
      "rooms_furniture": "Classroom-Fixed Tables/Movable Chairs",
      "rooms_href": "http://students.ubc.ca/campus/discover/buildings-and-classrooms/room/GEOG-212"
    },
    {
      "rooms_number": "104",
      "rooms_address": "1984 Mathematics Road",
      "rooms_type": "Open Design General Purpose",
      "rooms_furniture": "Classroom-Movable Tables & Chairs",
      "rooms_href": "http://students.ubc.ca/campus/discover/buildings-and-classrooms/room/MATH-104"
    },
    {
      "rooms_number": "105",
      "rooms_address": "1984 Mathematics Road",
      "rooms_type": "Open Design General Purpose",
      "rooms_furniture": "Classroom-Movable Tablets",
      "rooms_href": "http://students.ubc.ca/campus/discover/buildings-and-classrooms/room/MATH-105"
    },
    {
      "rooms_number": "203",
      "rooms_address": "1984 Mathematics Road",
      "rooms_type": "Open Design General Purpose",
      "rooms_furniture": "Classroom-Movable Tables & Chairs",
      "rooms_href": "http://students.ubc.ca/campus/discover/buildings-and-classrooms/room/MATH-203"
    },
    {
      "rooms_number": "204",
      "rooms_address": "1984 Mathematics Road",
      "rooms_type": "Open Design General Purpose",
      "rooms_furniture": "Classroom-Movable Tablets",
      "rooms_href": "http://students.ubc.ca/campus/discover/buildings-and-classrooms/room/MATH-204"
    },
    {
      "rooms_number": "214",
      "rooms_address": "1984 West Mall",
      "rooms_type": "Small Group",
      "rooms_furniture": "Classroom-Moveable Tables & Chairs",
      "rooms_href": "http://students.ubc.ca/campus/discover/buildings-and-classrooms/room/GEOG-214"
    },
    {
      "rooms_number": "242",
      "rooms_address": "1984 West Mall",
      "rooms_type": "Small Group",
      "rooms_furniture": "Classroom-Moveable Tables & Chairs",
      "rooms_href": "http://students.ubc.ca/campus/discover/buildings-and-classrooms/room/GEOG-242"
    },
    {
      "rooms_number": "102",
      "rooms_address": "1984 Mathematics Road",
      "rooms_type": "Small Group",
      "rooms_furniture": "Classroom-Movable Tables & Chairs",
      "rooms_href": "http://students.ubc.ca/campus/discover/buildings-and-classrooms/room/MATH-102"
    },
    {
      "rooms_number": "202",
      "rooms_address": "1984 Mathematics Road",
      "rooms_type": "Small Group",
      "rooms_furniture": "Classroom-Movable Tablets",
      "rooms_href": "http://students.ubc.ca/campus/discover/buildings-and-classrooms/room/MATH-202"
    },
    {
      "rooms_number": "225",
      "rooms_address": "1984 Mathematics Road",
      "rooms_type": "Small Group",
      "rooms_furniture": "Classroom-Movable Tablets",
      "rooms_href": "http://students.ubc.ca/campus/discover/buildings-and-classrooms/room/MATH-225"
    },
    {
      "rooms_number": "100",
      "rooms_address": "1984 West Mall",
      "rooms_type": "Tiered Large Group",
      "rooms_furniture": "Classroom-Fixed Tablets",
      "rooms_href": "http://students.ubc.ca/campus/discover/buildings-and-classrooms/room/GEOG-100"
    },
    {
      "rooms_number": "100",
      "rooms_address": "1984 Mathematics Road",
      "rooms_type": "Tiered Large Group",
      "rooms_furniture": "Classroom-Fixed Tablets",
      "rooms_href": "http://students.ubc.ca/campus/discover/buildings-and-classrooms/room/MATH-100"
    }
  ]
}