{
  "title": "IS_16",
  "input": {
    "WHERE": {
      "IS": {
        "rooms_number": "203"
      }
    },
    "OPTIONS": {
      "COLUMNS": [
        "rooms_number",
        "rooms_address",
        "rooms_type",
        "rooms_furniture",
        "rooms_href"
      ],
      "ORDER": "rooms_type"
    }
  },
  "errorExpected": false,
  "with": [
    {
      "rooms_number": "203",
      "rooms_address": "1984 Mathematics Road",
      "rooms_type": "Open Design General Purpose",
      "rooms_furniture": "Classroom-Movable Tables & Chairs",
      "rooms_href": "http://students.ubc.ca/campus/discover/buildings-and-classrooms/room/MATH-203"
    },
    {
      "rooms_number": "203",
      "rooms_address": "6303 North West Marine Drive",
      "rooms_type": "Small Group",
      "rooms_furniture": "Classroom-Moveable Tables & Chairs",
      "rooms_href": "http://students.ubc.ca/campus/discover/buildings-and-classrooms/room/ANSO-203"
    },
    {
      "rooms_number": "203",
      "rooms_address": "2125 Main Mall",
      "rooms_type": "Small Group",
      "rooms_furniture": "Classroom-Moveable Tables & Chairs",
      "rooms_href": "http://students.ubc.ca/campus/discover/buildings-and-classrooms/room/SCRF-203"
    }
  ]
}