{
  "errorMsg": "Invalid key type in IS",
  "title": "IS_2_error",
  "input": {
    "WHERE": {
      "IS": {
        "rooms_lon": 50
      }
    },
    "OPTIONS": {
      "COLUMNS": [
        "rooms_lat",
        "rooms_lon",
        "rooms_seats",
        "rooms_fullname",
        "rooms_shortname",
        "rooms_number",
        "rooms_address",
        "rooms_type",
        "rooms_furniture",
        "rooms_href"
      ],
      "ORDER": "rooms_lat"
    }
  },
  "errorExpected": true,
  "with": "InsightError"
}