{
  "title": "is_27",
  "input": {
    "WHERE": {
      "IS": {
        "rooms_href": "http://students.ubc.ca/campus/discover/buildings-and-classrooms/room/ANGU-037"
      }
    },
    "OPTIONS": {
      "COLUMNS": [
        "rooms_number",
        "rooms_address",
        "rooms_href"
      ],
      "ORDER": "rooms_number"
    }
  },
  "errorExpected": false,
  "with": [
    {
      "rooms_number": "037",
      "rooms_address": "2053 Main Mall",
      "rooms_href": "http://students.ubc.ca/campus/discover/buildings-and-classrooms/room/ANGU-037"
    }
  ]
}