{
  "title": "IS_20",
  "input": {
    "WHERE": {
      "IS": {
        "rooms_type": "O*"
      }
    },
    "OPTIONS": {
      "COLUMNS": [
        "rooms_number",
        "rooms_address",
        "rooms_type",
        "rooms_furniture",
        "rooms_href"
      ],
      "ORDER": "rooms_furniture"
    }
  },
  "errorExpected": false,
  "with": [
    {
      "rooms_number": "B101",
      "rooms_address": "1822 East Mall",
      "rooms_type": "Open Design General Purpose",
      "rooms_furniture": "Classroom-Fixed Tables/Movable Chairs",
      "rooms_href": "http://students.ubc.ca/campus/discover/buildings-and-classrooms/room/ALRD-B101"
    },
    {
      "rooms_number": "303",
      "rooms_address": "6350 Stores Road",
      "rooms_type": "Open Design General Purpose",
      "rooms_furniture": "Classroom-Fixed Tables/Movable Chairs",
      "rooms_href": "http://students.ubc.ca/campus/discover/buildings-and-classrooms/room/FORW-303"
    },
    {
      "rooms_number": "212",
      "rooms_address": "1984 West Mall",
      "rooms_type": "Open Design General Purpose",
      "rooms_furniture": "Classroom-Fixed Tables/Movable Chairs",
      "rooms_href": "http://students.ubc.ca/campus/discover/buildings-and-classrooms/room/GEOG-212"
    },
    {
      "rooms_number": "291",
      "rooms_address": "2053 Main Mall",
      "rooms_type": "Open Design General Purpose",
      "rooms_furniture": "Classroom-Fixed Tables/Movable Chairs",
      "rooms_href": "http://students.ubc.ca/campus/discover/buildings-and-classrooms/room/ANGU-291"
    },
    {
      "rooms_number": "295",
      "rooms_address": "2053 Main Mall",
      "rooms_type": "Open Design General Purpose",
      "rooms_furniture": "Classroom-Fixed Tables/Movable Chairs",
      "rooms_href": "http://students.ubc.ca/campus/discover/buildings-and-classrooms/room/ANGU-295"
    },
    {
      "rooms_number": "1003",
      "rooms_address": "6445 University Boulevard",
      "rooms_type": "Open Design General Purpose",
      "rooms_furniture": "Classroom-Fixed Tables/Movable Chairs",
      "rooms_href": "http://students.ubc.ca/campus/discover/buildings-and-classrooms/room/PCOH-1003"
    },
    {
      "rooms_number": "B151",
      "rooms_address": "2206 East Mall",
      "rooms_type": "Open Design General Purpose",
      "rooms_furniture": "Classroom-Fixed Tables/Movable Chairs",
      "rooms_href": "http://students.ubc.ca/campus/discover/buildings-and-classrooms/room/SPPH-B151"
    },
    {
      "rooms_number": "103",
      "rooms_address": "6331 Crescent Road V6T 1Z1",
      "rooms_type": "Open Design General Purpose",
      "rooms_furniture": "Classroom-Fixed Tables/Movable Chairs",
      "rooms_href": "http://students.ubc.ca/campus/discover/buildings-and-classrooms/room/UCLL-103"
    },
    {
      "rooms_number": "3004",
      "rooms_address": "6363 Agronomy Road",
      "rooms_type": "Open Design General Purpose",
      "rooms_furniture": "Classroom-Hybrid Furniture",
      "rooms_href": "http://students.ubc.ca/campus/discover/buildings-and-classrooms/room/ORCH-3004"
    },
    {
      "rooms_number": "3052",
      "rooms_address": "6363 Agronomy Road",
      "rooms_type": "Open Design General Purpose",
      "rooms_furniture": "Classroom-Hybrid Furniture",
      "rooms_href": "http://students.ubc.ca/campus/discover/buildings-and-classrooms/room/ORCH-3052"
    },
    {
      "rooms_number": "4052",
      "rooms_address": "6363 Agronomy Road",
      "rooms_type": "Open Design General Purpose",
      "rooms_furniture": "Classroom-Hybrid Furniture",
      "rooms_href": "http://students.ubc.ca/campus/discover/buildings-and-classrooms/room/ORCH-4052"
    },
    {
      "rooms_number": "112",
      "rooms_address": "1822 East Mall",
      "rooms_type": "Open Design General Purpose",
      "rooms_furniture": "Classroom-Movable Tables & Chairs",
      "rooms_href": "http://students.ubc.ca/campus/discover/buildings-and-classrooms/room/ALRD-112"
    },
    {
      "rooms_number": "113",
      "rooms_address": "1822 East Mall",
      "rooms_type": "Open Design General Purpose",
      "rooms_furniture": "Classroom-Movable Tables & Chairs",
      "rooms_href": "http://students.ubc.ca/campus/discover/buildings-and-classrooms/room/ALRD-113"
    },
    {
      "rooms_number": "2367",
      "rooms_address": "1874 East Mall",
      "rooms_type": "Open Design General Purpose",
      "rooms_furniture": "Classroom-Movable Tables & Chairs",
      "rooms_href": "http://students.ubc.ca/campus/discover/buildings-and-classrooms/room/BRKX-2367"
    },
    {
      "rooms_number": "B141",
      "rooms_address": "1866 Main Mall",
      "rooms_type": "Open Design General Purpose",
      "rooms_furniture": "Classroom-Movable Tables & Chairs",
      "rooms_href": "http://students.ubc.ca/campus/discover/buildings-and-classrooms/room/BUCH-B141"
    },
    {
      "rooms_number": "B142",
      "rooms_address": "1866 Main Mall",
      "rooms_type": "Open Design General Purpose",
      "rooms_furniture": "Classroom-Movable Tables & Chairs",
      "rooms_href": "http://students.ubc.ca/campus/discover/buildings-and-classrooms/room/BUCH-B142"
    },
    {
      "rooms_number": "B318",
      "rooms_address": "1866 Main Mall",
      "rooms_type": "Open Design General Purpose",
      "rooms_furniture": "Classroom-Movable Tables & Chairs",
      "rooms_href": "http://students.ubc.ca/campus/discover/buildings-and-classrooms/room/BUCH-B318"
    },
    {
      "rooms_number": "D201",
      "rooms_address": "1866 Main Mall",
      "rooms_type": "Open Design General Purpose",
      "rooms_furniture": "Classroom-Movable Tables & Chairs",
      "rooms_href": "http://students.ubc.ca/campus/discover/buildings-and-classrooms/room/BUCH-D201"
    },
    {
      "rooms_number": "D204",
      "rooms_address": "1866 Main Mall",
      "rooms_type": "Open Design General Purpose",
      "rooms_furniture": "Classroom-Movable Tables & Chairs",
      "rooms_href": "http://students.ubc.ca/campus/discover/buildings-and-classrooms/room/BUCH-D204"
    },
    {
      "rooms_number": "103",
      "rooms_address": "2360 East Mall V6T 1Z3",
      "rooms_type": "Open Design General Purpose",
      "rooms_furniture": "Classroom-Movable Tables & Chairs",
      "rooms_href": "http://students.ubc.ca/campus/discover/buildings-and-classrooms/room/CHBE-103"
    },
    {
      "rooms_number": "135",
      "rooms_address": "6339 Stores Road",
      "rooms_type": "Open Design General Purpose",
      "rooms_furniture": "Classroom-Movable Tables & Chairs",
      "rooms_href": "http://students.ubc.ca/campus/discover/buildings-and-classrooms/room/EOSM-135"
    },
    {
      "rooms_number": "101",
      "rooms_address": "1984 West Mall",
      "rooms_type": "Open Design General Purpose",
      "rooms_furniture": "Classroom-Movable Tables & Chairs",
      "rooms_href": "http://students.ubc.ca/campus/discover/buildings-and-classrooms/room/GEOG-101"
    },
    {
      "rooms_number": "147",
      "rooms_address": "1984 West Mall",
      "rooms_type": "Open Design General Purpose",
      "rooms_furniture": "Classroom-Movable Tables & Chairs",
      "rooms_href": "http://students.ubc.ca/campus/discover/buildings-and-classrooms/room/GEOG-147"
    },
    {
      "rooms_number": "200",
      "rooms_address": "1984 West Mall",
      "rooms_type": "Open Design General Purpose",
      "rooms_furniture": "Classroom-Movable Tables & Chairs",
      "rooms_href": "http://students.ubc.ca/campus/discover/buildings-and-classrooms/room/GEOG-200"
    },
    {
      "rooms_number": "201",
      "rooms_address": "1984 West Mall",
      "rooms_type": "Open Design General Purpose",
      "rooms_furniture": "Classroom-Movable Tables & Chairs",
      "rooms_href": "http://students.ubc.ca/campus/discover/buildings-and-classrooms/room/GEOG-201"
    },
    {
      "rooms_number": "10",
      "rooms_address": "2045 East Mall",
      "rooms_type": "Open Design General Purpose",
      "rooms_furniture": "Classroom-Movable Tables & Chairs",
      "rooms_href": "http://students.ubc.ca/campus/discover/buildings-and-classrooms/room/HEBB-10"
    },
    {
      "rooms_number": "12",
      "rooms_address": "2045 East Mall",
      "rooms_type": "Open Design General Purpose",
      "rooms_furniture": "Classroom-Movable Tables & Chairs",
      "rooms_href": "http://students.ubc.ca/campus/discover/buildings-and-classrooms/room/HEBB-12"
    },
    {
      "rooms_number": "13",
      "rooms_address": "2045 East Mall",
      "rooms_type": "Open Design General Purpose",
      "rooms_furniture": "Classroom-Movable Tables & Chairs",
      "rooms_href": "http://students.ubc.ca/campus/discover/buildings-and-classrooms/room/HEBB-13"
    },
    {
      "rooms_number": "254",
      "rooms_address": "2053 Main Mall",
      "rooms_type": "Open Design General Purpose",
      "rooms_furniture": "Classroom-Movable Tables & Chairs",
      "rooms_href": "http://students.ubc.ca/campus/discover/buildings-and-classrooms/room/ANGU-254"
    },
    {
      "rooms_number": "296",
      "rooms_address": "2053 Main Mall",
      "rooms_type": "Open Design General Purpose",
      "rooms_furniture": "Classroom-Movable Tables & Chairs",
      "rooms_href": "http://students.ubc.ca/campus/discover/buildings-and-classrooms/room/ANGU-296"
    },
    {
      "rooms_number": "432",
      "rooms_address": "2053 Main Mall",
      "rooms_type": "Open Design General Purpose",
      "rooms_furniture": "Classroom-Movable Tables & Chairs",
      "rooms_href": "http://students.ubc.ca/campus/discover/buildings-and-classrooms/room/ANGU-432"
    },
    {
      "rooms_number": "435",
      "rooms_address": "2053 Main Mall",
      "rooms_type": "Open Design General Purpose",
      "rooms_furniture": "Classroom-Movable Tables & Chairs",
      "rooms_href": "http://students.ubc.ca/campus/discover/buildings-and-classrooms/room/ANGU-435"
    },
    {
      "rooms_number": "437",
      "rooms_address": "2053 Main Mall",
      "rooms_type": "Open Design General Purpose",
      "rooms_furniture": "Classroom-Movable Tables & Chairs",
      "rooms_href": "http://students.ubc.ca/campus/discover/buildings-and-classrooms/room/ANGU-437"
    },
    {
      "rooms_number": "633",
      "rooms_address": "6000 Iona Drive",
      "rooms_type": "Open Design General Purpose",
      "rooms_furniture": "Classroom-Movable Tables & Chairs",
      "rooms_href": "http://students.ubc.ca/campus/discover/buildings-and-classrooms/room/IONA-633"
    },
    {
      "rooms_number": "261",
      "rooms_address": "1961 East Mall V6T 1Z1",
      "rooms_type": "Open Design General Purpose",
      "rooms_furniture": "Classroom-Movable Tables & Chairs",
      "rooms_href": "http://students.ubc.ca/campus/discover/buildings-and-classrooms/room/IBLC-261"
    },
    {
      "rooms_number": "460",
      "rooms_address": "6356 Agricultural Road",
      "rooms_type": "Open Design General Purpose",
      "rooms_furniture": "Classroom-Movable Tables & Chairs",
      "rooms_href": "http://students.ubc.ca/campus/discover/buildings-and-classrooms/room/LSK-460"
    },
    {
      "rooms_number": "462",
      "rooms_address": "6356 Agricultural Road",
      "rooms_type": "Open Design General Purpose",
      "rooms_furniture": "Classroom-Movable Tables & Chairs",
      "rooms_href": "http://students.ubc.ca/campus/discover/buildings-and-classrooms/room/LSK-462"
    },
    {
      "rooms_number": "214",
      "rooms_address": "2356 Main Mall",
      "rooms_type": "Open Design General Purpose",
      "rooms_furniture": "Classroom-Movable Tables & Chairs",
      "rooms_href": "http://students.ubc.ca/campus/discover/buildings-and-classrooms/room/MCLD-214"
    },
    {
      "rooms_number": "242",
      "rooms_address": "2356 Main Mall",
      "rooms_type": "Open Design General Purpose",
      "rooms_furniture": "Classroom-Movable Tables & Chairs",
      "rooms_href": "http://students.ubc.ca/campus/discover/buildings-and-classrooms/room/MCLD-242"
    },
    {
      "rooms_number": "254",
      "rooms_address": "2356 Main Mall",
      "rooms_type": "Open Design General Purpose",
      "rooms_furniture": "Classroom-Movable Tables & Chairs",
      "rooms_href": "http://students.ubc.ca/campus/discover/buildings-and-classrooms/room/MCLD-254"
    },
    {
      "rooms_number": "154",
      "rooms_address": "2357 Main Mall",
      "rooms_type": "Open Design General Purpose",
      "rooms_furniture": "Classroom-Movable Tables & Chairs",
      "rooms_href": "http://students.ubc.ca/campus/discover/buildings-and-classrooms/room/MCML-154"
    },
    {
      "rooms_number": "104",
      "rooms_address": "1984 Mathematics Road",
      "rooms_type": "Open Design General Purpose",
      "rooms_furniture": "Classroom-Movable Tables & Chairs",
      "rooms_href": "http://students.ubc.ca/campus/discover/buildings-and-classrooms/room/MATH-104"
    },
    {
      "rooms_number": "203",
      "rooms_address": "1984 Mathematics Road",
      "rooms_type": "Open Design General Purpose",
      "rooms_furniture": "Classroom-Movable Tables & Chairs",
      "rooms_href": "http://students.ubc.ca/campus/discover/buildings-and-classrooms/room/MATH-203"
    },
    {
      "rooms_number": "3002",
      "rooms_address": "6363 Agronomy Road",
      "rooms_type": "Open Design General Purpose",
      "rooms_furniture": "Classroom-Movable Tables & Chairs",
      "rooms_href": "http://students.ubc.ca/campus/discover/buildings-and-classrooms/room/ORCH-3002"
    },
    {
      "rooms_number": "3058",
      "rooms_address": "6363 Agronomy Road",
      "rooms_type": "Open Design General Purpose",
      "rooms_furniture": "Classroom-Movable Tables & Chairs",
      "rooms_href": "http://students.ubc.ca/campus/discover/buildings-and-classrooms/room/ORCH-3058"
    },
    {
      "rooms_number": "3074",
      "rooms_address": "6363 Agronomy Road",
      "rooms_type": "Open Design General Purpose",
      "rooms_furniture": "Classroom-Movable Tables & Chairs",
      "rooms_href": "http://students.ubc.ca/campus/discover/buildings-and-classrooms/room/ORCH-3074"
    },
    {
      "rooms_number": "4058",
      "rooms_address": "6363 Agronomy Road",
      "rooms_type": "Open Design General Purpose",
      "rooms_furniture": "Classroom-Movable Tables & Chairs",
      "rooms_href": "http://students.ubc.ca/campus/discover/buildings-and-classrooms/room/ORCH-4058"
    },
    {
      "rooms_number": "3208",
      "rooms_address": "2405 Wesbrook Mall",
      "rooms_type": "Open Design General Purpose",
      "rooms_furniture": "Classroom-Movable Tables & Chairs",
      "rooms_href": "http://students.ubc.ca/campus/discover/buildings-and-classrooms/room/PHRM-3208"
    },
    {
      "rooms_number": "1001",
      "rooms_address": "6445 University Boulevard",
      "rooms_type": "Open Design General Purpose",
      "rooms_furniture": "Classroom-Movable Tables & Chairs",
      "rooms_href": "http://students.ubc.ca/campus/discover/buildings-and-classrooms/room/PCOH-1001"
    },
    {
      "rooms_number": "1002",
      "rooms_address": "6445 University Boulevard",
      "rooms_type": "Open Design General Purpose",
      "rooms_furniture": "Classroom-Movable Tables & Chairs",
      "rooms_href": "http://students.ubc.ca/campus/discover/buildings-and-classrooms/room/PCOH-1002"
    },
    {
      "rooms_number": "A",
      "rooms_address": "6108 Thunderbird Boulevard",
      "rooms_type": "Open Design General Purpose",
      "rooms_furniture": "Classroom-Movable Tables & Chairs",
      "rooms_href": "http://students.ubc.ca/campus/discover/buildings-and-classrooms/room/OSBO-A"
    },
    {
      "rooms_number": "107",
      "rooms_address": "6331 Crescent Road V6T 1Z1",
      "rooms_type": "Open Design General Purpose",
      "rooms_furniture": "Classroom-Movable Tables & Chairs",
      "rooms_href": "http://students.ubc.ca/campus/discover/buildings-and-classrooms/room/UCLL-107"
    },
    {
      "rooms_number": "105",
      "rooms_address": "2175 West Mall V6T 1Z4",
      "rooms_type": "Open Design General Purpose",
      "rooms_furniture": "Classroom-Movable Tables & Chairs",
      "rooms_href": "http://students.ubc.ca/campus/discover/buildings-and-classrooms/room/SWNG-105"
    },
    {
      "rooms_number": "107",
      "rooms_address": "2175 West Mall V6T 1Z4",
      "rooms_type": "Open Design General Purpose",
      "rooms_furniture": "Classroom-Movable Tables & Chairs",
      "rooms_href": "http://students.ubc.ca/campus/discover/buildings-and-classrooms/room/SWNG-107"
    },
    {
      "rooms_number": "109",
      "rooms_address": "2175 West Mall V6T 1Z4",
      "rooms_type": "Open Design General Purpose",
      "rooms_furniture": "Classroom-Movable Tables & Chairs",
      "rooms_href": "http://students.ubc.ca/campus/discover/buildings-and-classrooms/room/SWNG-109"
    },
    {
      "rooms_number": "305",
      "rooms_address": "2175 West Mall V6T 1Z4",
      "rooms_type": "Open Design General Purpose",
      "rooms_furniture": "Classroom-Movable Tables & Chairs",
      "rooms_href": "http://students.ubc.ca/campus/discover/buildings-and-classrooms/room/SWNG-305"
    },
    {
      "rooms_number": "307",
      "rooms_address": "2175 West Mall V6T 1Z4",
      "rooms_type": "Open Design General Purpose",
      "rooms_furniture": "Classroom-Movable Tables & Chairs",
      "rooms_href": "http://students.ubc.ca/campus/discover/buildings-and-classrooms/room/SWNG-307"
    },
    {
      "rooms_number": "309",
      "rooms_address": "2175 West Mall V6T 1Z4",
      "rooms_type": "Open Design General Purpose",
      "rooms_furniture": "Classroom-Movable Tables & Chairs",
      "rooms_href": "http://students.ubc.ca/campus/discover/buildings-and-classrooms/room/SWNG-309"
    },
    {
      "rooms_number": "405",
      "rooms_address": "2175 West Mall V6T 1Z4",
      "rooms_type": "Open Design General Purpose",
      "rooms_furniture": "Classroom-Movable Tables & Chairs",
      "rooms_href": "http://students.ubc.ca/campus/discover/buildings-and-classrooms/room/SWNG-405"
    },
    {
      "rooms_number": "407",
      "rooms_address": "2175 West Mall V6T 1Z4",
      "rooms_type": "Open Design General Purpose",
      "rooms_furniture": "Classroom-Movable Tables & Chairs",
      "rooms_href": "http://students.ubc.ca/campus/discover/buildings-and-classrooms/room/SWNG-407"
    },
    {
      "rooms_number": "409",
      "rooms_address": "2175 West Mall V6T 1Z4",
      "rooms_type": "Open Design General Purpose",
      "rooms_furniture": "Classroom-Movable Tables & Chairs",
      "rooms_href": "http://students.ubc.ca/campus/discover/buildings-and-classrooms/room/SWNG-409"
    },
    {
      "rooms_number": "B209",
      "rooms_address": "1866 Main Mall",
      "rooms_type": "Open Design General Purpose",
      "rooms_furniture": "Classroom-Movable Tablets",
      "rooms_href": "http://students.ubc.ca/campus/discover/buildings-and-classrooms/room/BUCH-B209"
    },
    {
      "rooms_number": "B210",
      "rooms_address": "1866 Main Mall",
      "rooms_type": "Open Design General Purpose",
      "rooms_furniture": "Classroom-Movable Tablets",
      "rooms_href": "http://students.ubc.ca/campus/discover/buildings-and-classrooms/room/BUCH-B210"
    },
    {
      "rooms_number": "B211",
      "rooms_address": "1866 Main Mall",
      "rooms_type": "Open Design General Purpose",
      "rooms_furniture": "Classroom-Movable Tablets",
      "rooms_href": "http://students.ubc.ca/campus/discover/buildings-and-classrooms/room/BUCH-B211"
    },
    {
      "rooms_number": "B218",
      "rooms_address": "1866 Main Mall",
      "rooms_type": "Open Design General Purpose",
      "rooms_furniture": "Classroom-Movable Tablets",
      "rooms_href": "http://students.ubc.ca/campus/discover/buildings-and-classrooms/room/BUCH-B218"
    },
    {
      "rooms_number": "B303",
      "rooms_address": "1866 Main Mall",
      "rooms_type": "Open Design General Purpose",
      "rooms_furniture": "Classroom-Movable Tablets",
      "rooms_href": "http://students.ubc.ca/campus/discover/buildings-and-classrooms/room/BUCH-B303"
    },
    {
      "rooms_number": "B309",
      "rooms_address": "1866 Main Mall",
      "rooms_type": "Open Design General Purpose",
      "rooms_furniture": "Classroom-Movable Tablets",
      "rooms_href": "http://students.ubc.ca/campus/discover/buildings-and-classrooms/room/BUCH-B309"
    },
    {
      "rooms_number": "D301",
      "rooms_address": "1866 Main Mall",
      "rooms_type": "Open Design General Purpose",
      "rooms_furniture": "Classroom-Movable Tablets",
      "rooms_href": "http://students.ubc.ca/campus/discover/buildings-and-classrooms/room/BUCH-D301"
    },
    {
      "rooms_number": "D312",
      "rooms_address": "1866 Main Mall",
      "rooms_type": "Open Design General Purpose",
      "rooms_furniture": "Classroom-Movable Tablets",
      "rooms_href": "http://students.ubc.ca/campus/discover/buildings-and-classrooms/room/BUCH-D312"
    },
    {
      "rooms_number": "D314",
      "rooms_address": "1866 Main Mall",
      "rooms_type": "Open Design General Purpose",
      "rooms_furniture": "Classroom-Movable Tablets",
      "rooms_href": "http://students.ubc.ca/campus/discover/buildings-and-classrooms/room/BUCH-D314"
    },
    {
      "rooms_number": "D316",
      "rooms_address": "1866 Main Mall",
      "rooms_type": "Open Design General Purpose",
      "rooms_furniture": "Classroom-Movable Tablets",
      "rooms_href": "http://students.ubc.ca/campus/discover/buildings-and-classrooms/room/BUCH-D316"
    },
    {
      "rooms_number": "D317",
      "rooms_address": "1866 Main Mall",
      "rooms_type": "Open Design General Purpose",
      "rooms_furniture": "Classroom-Movable Tablets",
      "rooms_href": "http://students.ubc.ca/campus/discover/buildings-and-classrooms/room/BUCH-D317"
    },
    {
      "rooms_number": "D322",
      "rooms_address": "1866 Main Mall",
      "rooms_type": "Open Design General Purpose",
      "rooms_furniture": "Classroom-Movable Tablets",
      "rooms_href": "http://students.ubc.ca/campus/discover/buildings-and-classrooms/room/BUCH-D322"
    },
    {
      "rooms_number": "40",
      "rooms_address": "2205 East Mall",
      "rooms_type": "Open Design General Purpose",
      "rooms_furniture": "Classroom-Movable Tablets",
      "rooms_href": "http://students.ubc.ca/campus/discover/buildings-and-classrooms/room/FNH-40"
    },
    {
      "rooms_number": "50",
      "rooms_address": "2205 East Mall",
      "rooms_type": "Open Design General Purpose",
      "rooms_furniture": "Classroom-Movable Tablets",
      "rooms_href": "http://students.ubc.ca/campus/discover/buildings-and-classrooms/room/FNH-50"
    },
    {
      "rooms_number": "107",
      "rooms_address": "6333 Memorial Road",
      "rooms_type": "Open Design General Purpose",
      "rooms_furniture": "Classroom-Movable Tablets",
      "rooms_href": "http://students.ubc.ca/campus/discover/buildings-and-classrooms/room/LASR-107"
    },
    {
      "rooms_number": "124",
      "rooms_address": "2080 West Mall",
      "rooms_type": "Open Design General Purpose",
      "rooms_furniture": "Classroom-Movable Tablets",
      "rooms_href": "http://students.ubc.ca/campus/discover/buildings-and-classrooms/room/SOWK-124"
    },
    {
      "rooms_number": "222",
      "rooms_address": "2080 West Mall",
      "rooms_type": "Open Design General Purpose",
      "rooms_furniture": "Classroom-Movable Tablets",
      "rooms_href": "http://students.ubc.ca/campus/discover/buildings-and-classrooms/room/SOWK-222"
    },
    {
      "rooms_number": "223",
      "rooms_address": "2080 West Mall",
      "rooms_type": "Open Design General Purpose",
      "rooms_furniture": "Classroom-Movable Tablets",
      "rooms_href": "http://students.ubc.ca/campus/discover/buildings-and-classrooms/room/SOWK-223"
    },
    {
      "rooms_number": "224",
      "rooms_address": "2080 West Mall",
      "rooms_type": "Open Design General Purpose",
      "rooms_furniture": "Classroom-Movable Tablets",
      "rooms_href": "http://students.ubc.ca/campus/discover/buildings-and-classrooms/room/SOWK-224"
    },
    {
      "rooms_number": "105",
      "rooms_address": "1984 Mathematics Road",
      "rooms_type": "Open Design General Purpose",
      "rooms_furniture": "Classroom-Movable Tablets",
      "rooms_href": "http://students.ubc.ca/campus/discover/buildings-and-classrooms/room/MATH-105"
    },
    {
      "rooms_number": "204",
      "rooms_address": "1984 Mathematics Road",
      "rooms_type": "Open Design General Purpose",
      "rooms_furniture": "Classroom-Movable Tablets",
      "rooms_href": "http://students.ubc.ca/campus/discover/buildings-and-classrooms/room/MATH-204"
    },
    {
      "rooms_number": "3062",
      "rooms_address": "6363 Agronomy Road",
      "rooms_type": "Open Design General Purpose",
      "rooms_furniture": "Classroom-Movable Tablets",
      "rooms_href": "http://students.ubc.ca/campus/discover/buildings-and-classrooms/room/ORCH-3062"
    },
    {
      "rooms_number": "3068",
      "rooms_address": "6363 Agronomy Road",
      "rooms_type": "Open Design General Purpose",
      "rooms_furniture": "Classroom-Movable Tablets",
      "rooms_href": "http://students.ubc.ca/campus/discover/buildings-and-classrooms/room/ORCH-3068"
    },
    {
      "rooms_number": "3072",
      "rooms_address": "6363 Agronomy Road",
      "rooms_type": "Open Design General Purpose",
      "rooms_furniture": "Classroom-Movable Tablets",
      "rooms_href": "http://students.ubc.ca/campus/discover/buildings-and-classrooms/room/ORCH-3072"
    },
    {
      "rooms_number": "206",
      "rooms_address": "6081 University Blvd",
      "rooms_type": "Open Design General Purpose",
      "rooms_furniture": "Classroom-Movable Tablets",
      "rooms_href": "http://students.ubc.ca/campus/discover/buildings-and-classrooms/room/MGYM-206"
    },
    {
      "rooms_number": "208",
      "rooms_address": "6081 University Blvd",
      "rooms_type": "Open Design General Purpose",
      "rooms_furniture": "Classroom-Movable Tablets",
      "rooms_href": "http://students.ubc.ca/campus/discover/buildings-and-classrooms/room/MGYM-208"
    },
    {
      "rooms_number": "B219",
      "rooms_address": "1866 Main Mall",
      "rooms_type": "Open Design General Purpose",
      "rooms_furniture": "Classroom-Moveable Tables & Chairs",
      "rooms_href": "http://students.ubc.ca/campus/discover/buildings-and-classrooms/room/BUCH-B219"
    },
    {
      "rooms_number": "207",
      "rooms_address": "6303 North West Marine Drive",
      "rooms_type": "Open Design General Purpose",
      "rooms_furniture": "Classroom-Moveable Tablets",
      "rooms_href": "http://students.ubc.ca/campus/discover/buildings-and-classrooms/room/ANSO-207"
    }
  ]
}