{
  "title": "IS_26",
  "input": {
    "WHERE": {
      "IS": {
        "rooms_href": "*"
      }
    },
    "OPTIONS": {
      "COLUMNS": [
        "rooms_number",
        "rooms_address",
        "rooms_href"
      ],
      "ORDER": "rooms_number"
    }
  },
  "errorExpected": false,
  "with": [
    {
      "rooms_number": "037",
      "rooms_address": "2053 Main Mall",
      "rooms_href": "http://students.ubc.ca/campus/discover/buildings-and-classrooms/room/ANGU-037"
    },
    {
      "rooms_number": "039",
      "rooms_address": "2053 Main Mall",
      "rooms_href": "http://students.ubc.ca/campus/discover/buildings-and-classrooms/room/ANGU-039"
    },
    {
      "rooms_number": "098",
      "rooms_address": "2053 Main Mall",
      "rooms_href": "http://students.ubc.ca/campus/discover/buildings-and-classrooms/room/ANGU-098"
    },
    {
      "rooms_number": "1",
      "rooms_address": "2194 Health Sciences Mall",
      "rooms_href": "http://students.ubc.ca/campus/discover/buildings-and-classrooms/room/WOOD-1"
    },
    {
      "rooms_number": "10",
      "rooms_address": "2045 East Mall",
      "rooms_href": "http://students.ubc.ca/campus/discover/buildings-and-classrooms/room/HEBB-10"
    },
    {
      "rooms_number": "100",
      "rooms_address": "1984 West Mall",
      "rooms_href": "http://students.ubc.ca/campus/discover/buildings-and-classrooms/room/GEOG-100"
    },
    {
      "rooms_number": "100",
      "rooms_address": "2045 East Mall",
      "rooms_href": "http://students.ubc.ca/campus/discover/buildings-and-classrooms/room/HEBB-100"
    },
    {
      "rooms_number": "100",
      "rooms_address": "1984 Mathematics Road",
      "rooms_href": "http://students.ubc.ca/campus/discover/buildings-and-classrooms/room/MATH-100"
    },
    {
      "rooms_number": "100",
      "rooms_address": "2125 Main Mall",
      "rooms_href": "http://students.ubc.ca/campus/discover/buildings-and-classrooms/room/SCRF-100"
    },
    {
      "rooms_number": "100",
      "rooms_address": "6174 University Boulevard",
      "rooms_href": "http://students.ubc.ca/campus/discover/buildings-and-classrooms/room/WESB-100"
    },
    {
      "rooms_number": "1001",
      "rooms_address": "2424 Main Mall",
      "rooms_href": "http://students.ubc.ca/campus/discover/buildings-and-classrooms/room/FSC-1001"
    },
    {
      "rooms_number": "1001",
      "rooms_address": "2350 Health Sciences Mall",
      "rooms_href": "http://students.ubc.ca/campus/discover/buildings-and-classrooms/room/LSC-1001"
    },
    {
      "rooms_number": "1001",
      "rooms_address": "6363 Agronomy Road",
      "rooms_href": "http://students.ubc.ca/campus/discover/buildings-and-classrooms/room/ORCH-1001"
    },
    {
      "rooms_number": "1001",
      "rooms_address": "6445 University Boulevard",
      "rooms_href": "http://students.ubc.ca/campus/discover/buildings-and-classrooms/room/PCOH-1001"
    },
    {
      "rooms_number": "1002",
      "rooms_address": "2424 Main Mall",
      "rooms_href": "http://students.ubc.ca/campus/discover/buildings-and-classrooms/room/FSC-1002"
    },
    {
      "rooms_number": "1002",
      "rooms_address": "2350 Health Sciences Mall",
      "rooms_href": "http://students.ubc.ca/campus/discover/buildings-and-classrooms/room/LSC-1002"
    },
    {
      "rooms_number": "1002",
      "rooms_address": "6445 University Boulevard",
      "rooms_href": "http://students.ubc.ca/campus/discover/buildings-and-classrooms/room/PCOH-1002"
    },
    {
      "rooms_number": "1003",
      "rooms_address": "2424 Main Mall",
      "rooms_href": "http://students.ubc.ca/campus/discover/buildings-and-classrooms/room/FSC-1003"
    },
    {
      "rooms_number": "1003",
      "rooms_address": "2350 Health Sciences Mall",
      "rooms_href": "http://students.ubc.ca/campus/discover/buildings-and-classrooms/room/LSC-1003"
    },
    {
      "rooms_number": "1003",
      "rooms_address": "2125 Main Mall",
      "rooms_href": "http://students.ubc.ca/campus/discover/buildings-and-classrooms/room/SCRF-1003"
    },
    {
      "rooms_number": "1003",
      "rooms_address": "6445 University Boulevard",
      "rooms_href": "http://students.ubc.ca/campus/discover/buildings-and-classrooms/room/PCOH-1003"
    },
    {
      "rooms_number": "1004",
      "rooms_address": "2125 Main Mall",
      "rooms_href": "http://students.ubc.ca/campus/discover/buildings-and-classrooms/room/SCRF-1004"
    },
    {
      "rooms_number": "1005",
      "rooms_address": "2424 Main Mall",
      "rooms_href": "http://students.ubc.ca/campus/discover/buildings-and-classrooms/room/FSC-1005"
    },
    {
      "rooms_number": "1005",
      "rooms_address": "2125 Main Mall",
      "rooms_href": "http://students.ubc.ca/campus/discover/buildings-and-classrooms/room/SCRF-1005"
    },
    {
      "rooms_number": "1008",
      "rooms_address": "6445 University Boulevard",
      "rooms_href": "http://students.ubc.ca/campus/discover/buildings-and-classrooms/room/PCOH-1008"
    },
    {
      "rooms_number": "1009",
      "rooms_address": "6445 University Boulevard",
      "rooms_href": "http://students.ubc.ca/campus/discover/buildings-and-classrooms/room/PCOH-1009"
    },
    {
      "rooms_number": "101",
      "rooms_address": "2360 East Mall V6T 1Z3",
      "rooms_href": "http://students.ubc.ca/campus/discover/buildings-and-classrooms/room/CHBE-101"
    },
    {
      "rooms_number": "101",
      "rooms_address": "1984 West Mall",
      "rooms_href": "http://students.ubc.ca/campus/discover/buildings-and-classrooms/room/GEOG-101"
    },
    {
      "rooms_number": "101",
      "rooms_address": "6245 Agronomy Road V6T 1Z4",
      "rooms_href": "http://students.ubc.ca/campus/discover/buildings-and-classrooms/room/DMP-101"
    },
    {
      "rooms_number": "101",
      "rooms_address": "6331 Crescent Road V6T 1Z1",
      "rooms_href": "http://students.ubc.ca/campus/discover/buildings-and-classrooms/room/UCLL-101"
    },
    {
      "rooms_number": "1011",
      "rooms_address": "6445 University Boulevard",
      "rooms_href": "http://students.ubc.ca/campus/discover/buildings-and-classrooms/room/PCOH-1011"
    },
    {
      "rooms_number": "1012",
      "rooms_address": "2207 Main Mall",
      "rooms_href": "http://students.ubc.ca/campus/discover/buildings-and-classrooms/room/ESB-1012"
    },
    {
      "rooms_number": "1013",
      "rooms_address": "2207 Main Mall",
      "rooms_href": "http://students.ubc.ca/campus/discover/buildings-and-classrooms/room/ESB-1013"
    },
    {
      "rooms_number": "102",
      "rooms_address": "2360 East Mall V6T 1Z3",
      "rooms_href": "http://students.ubc.ca/campus/discover/buildings-and-classrooms/room/CHBE-102"
    },
    {
      "rooms_number": "102",
      "rooms_address": "6333 Memorial Road",
      "rooms_href": "http://students.ubc.ca/campus/discover/buildings-and-classrooms/room/LASR-102"
    },
    {
      "rooms_number": "102",
      "rooms_address": "1984 Mathematics Road",
      "rooms_href": "http://students.ubc.ca/campus/discover/buildings-and-classrooms/room/MATH-102"
    },
    {
      "rooms_number": "1020",
      "rooms_address": "2125 Main Mall",
      "rooms_href": "http://students.ubc.ca/campus/discover/buildings-and-classrooms/room/SCRF-1020"
    },
    {
      "rooms_number": "1021",
      "rooms_address": "2125 Main Mall",
      "rooms_href": "http://students.ubc.ca/campus/discover/buildings-and-classrooms/room/SCRF-1021"
    },
    {
      "rooms_number": "1022",
      "rooms_address": "2125 Main Mall",
      "rooms_href": "http://students.ubc.ca/campus/discover/buildings-and-classrooms/room/SCRF-1022"
    },
    {
      "rooms_number": "1023",
      "rooms_address": "2125 Main Mall",
      "rooms_href": "http://students.ubc.ca/campus/discover/buildings-and-classrooms/room/SCRF-1023"
    },
    {
      "rooms_number": "1024",
      "rooms_address": "2125 Main Mall",
      "rooms_href": "http://students.ubc.ca/campus/discover/buildings-and-classrooms/room/SCRF-1024"
    },
    {
      "rooms_number": "103",
      "rooms_address": "2360 East Mall V6T 1Z3",
      "rooms_href": "http://students.ubc.ca/campus/discover/buildings-and-classrooms/room/CHBE-103"
    },
    {
      "rooms_number": "103",
      "rooms_address": "6331 Crescent Road V6T 1Z1",
      "rooms_href": "http://students.ubc.ca/campus/discover/buildings-and-classrooms/room/UCLL-103"
    },
    {
      "rooms_number": "104",
      "rooms_address": "6333 Memorial Road",
      "rooms_href": "http://students.ubc.ca/campus/discover/buildings-and-classrooms/room/LASR-104"
    },
    {
      "rooms_number": "104",
      "rooms_address": "1984 Mathematics Road",
      "rooms_href": "http://students.ubc.ca/campus/discover/buildings-and-classrooms/room/MATH-104"
    },
    {
      "rooms_number": "105",
      "rooms_address": "1822 East Mall",
      "rooms_href": "http://students.ubc.ca/campus/discover/buildings-and-classrooms/room/ALRD-105"
    },
    {
      "rooms_number": "105",
      "rooms_address": "6333 Memorial Road",
      "rooms_href": "http://students.ubc.ca/campus/discover/buildings-and-classrooms/room/LASR-105"
    },
    {
      "rooms_number": "105",
      "rooms_address": "1984 Mathematics Road",
      "rooms_href": "http://students.ubc.ca/campus/discover/buildings-and-classrooms/room/MATH-105"
    },
    {
      "rooms_number": "105",
      "rooms_address": "2175 West Mall V6T 1Z4",
      "rooms_href": "http://students.ubc.ca/campus/discover/buildings-and-classrooms/room/SWNG-105"
    },
    {
      "rooms_number": "106",
      "rooms_address": "2175 West Mall V6T 1Z4",
      "rooms_href": "http://students.ubc.ca/campus/discover/buildings-and-classrooms/room/SWNG-106"
    },
    {
      "rooms_number": "107",
      "rooms_address": "6333 Memorial Road",
      "rooms_href": "http://students.ubc.ca/campus/discover/buildings-and-classrooms/room/LASR-107"
    },
    {
      "rooms_number": "107",
      "rooms_address": "6331 Crescent Road V6T 1Z1",
      "rooms_href": "http://students.ubc.ca/campus/discover/buildings-and-classrooms/room/UCLL-107"
    },
    {
      "rooms_number": "107",
      "rooms_address": "2175 West Mall V6T 1Z4",
      "rooms_href": "http://students.ubc.ca/campus/discover/buildings-and-classrooms/room/SWNG-107"
    },
    {
      "rooms_number": "108",
      "rooms_address": "2175 West Mall V6T 1Z4",
      "rooms_href": "http://students.ubc.ca/campus/discover/buildings-and-classrooms/room/SWNG-108"
    },
    {
      "rooms_number": "109",
      "rooms_address": "6331 Crescent Road V6T 1Z1",
      "rooms_href": "http://students.ubc.ca/campus/discover/buildings-and-classrooms/room/UCLL-109"
    },
    {
      "rooms_number": "109",
      "rooms_address": "2175 West Mall V6T 1Z4",
      "rooms_href": "http://students.ubc.ca/campus/discover/buildings-and-classrooms/room/SWNG-109"
    },
    {
      "rooms_number": "110",
      "rooms_address": "6245 Agronomy Road V6T 1Z4",
      "rooms_href": "http://students.ubc.ca/campus/discover/buildings-and-classrooms/room/DMP-110"
    },
    {
      "rooms_number": "110",
      "rooms_address": "2175 West Mall V6T 1Z4",
      "rooms_href": "http://students.ubc.ca/campus/discover/buildings-and-classrooms/room/SWNG-110"
    },
    {
      "rooms_number": "1100",
      "rooms_address": "1986 Mathematics Road",
      "rooms_href": "http://students.ubc.ca/campus/discover/buildings-and-classrooms/room/MATX-1100"
    },
    {
      "rooms_number": "1101",
      "rooms_address": "2405 Wesbrook Mall",
      "rooms_href": "http://students.ubc.ca/campus/discover/buildings-and-classrooms/room/PHRM-1101"
    },
    {
      "rooms_number": "112",
      "rooms_address": "1822 East Mall",
      "rooms_href": "http://students.ubc.ca/campus/discover/buildings-and-classrooms/room/ALRD-112"
    },
    {
      "rooms_number": "113",
      "rooms_address": "1822 East Mall",
      "rooms_href": "http://students.ubc.ca/campus/discover/buildings-and-classrooms/room/ALRD-113"
    },
    {
      "rooms_number": "12",
      "rooms_address": "2045 East Mall",
      "rooms_href": "http://students.ubc.ca/campus/discover/buildings-and-classrooms/room/HEBB-12"
    },
    {
      "rooms_number": "120",
      "rooms_address": "2202 Main Mall",
      "rooms_href": "http://students.ubc.ca/campus/discover/buildings-and-classrooms/room/AERL-120"
    },
    {
      "rooms_number": "1201",
      "rooms_address": "2405 Wesbrook Mall",
      "rooms_href": "http://students.ubc.ca/campus/discover/buildings-and-classrooms/room/PHRM-1201"
    },
    {
      "rooms_number": "1202",
      "rooms_address": "6250 Applied Science Lane",
      "rooms_href": "http://students.ubc.ca/campus/discover/buildings-and-classrooms/room/CEME-1202"
    },
    {
      "rooms_number": "1204",
      "rooms_address": "6250 Applied Science Lane",
      "rooms_href": "http://students.ubc.ca/campus/discover/buildings-and-classrooms/room/CEME-1204"
    },
    {
      "rooms_number": "1206",
      "rooms_address": "6250 Applied Science Lane",
      "rooms_href": "http://students.ubc.ca/campus/discover/buildings-and-classrooms/room/CEME-1206"
    },
    {
      "rooms_number": "121",
      "rooms_address": "1822 East Mall",
      "rooms_href": "http://students.ubc.ca/campus/discover/buildings-and-classrooms/room/ALRD-121"
    },
    {
      "rooms_number": "121",
      "rooms_address": "2175 West Mall V6T 1Z4",
      "rooms_href": "http://students.ubc.ca/campus/discover/buildings-and-classrooms/room/SWNG-121"
    },
    {
      "rooms_number": "1210",
      "rooms_address": "6250 Applied Science Lane",
      "rooms_href": "http://students.ubc.ca/campus/discover/buildings-and-classrooms/room/CEME-1210"
    },
    {
      "rooms_number": "1212",
      "rooms_address": "6250 Applied Science Lane",
      "rooms_href": "http://students.ubc.ca/campus/discover/buildings-and-classrooms/room/CEME-1212"
    },
    {
      "rooms_number": "1215",
      "rooms_address": "6250 Applied Science Lane",
      "rooms_href": "http://students.ubc.ca/campus/discover/buildings-and-classrooms/room/CEME-1215"
    },
    {
      "rooms_number": "1215",
      "rooms_address": "6445 University Boulevard",
      "rooms_href": "http://students.ubc.ca/campus/discover/buildings-and-classrooms/room/PCOH-1215"
    },
    {
      "rooms_number": "122",
      "rooms_address": "2080 West Mall",
      "rooms_href": "http://students.ubc.ca/campus/discover/buildings-and-classrooms/room/SOWK-122"
    },
    {
      "rooms_number": "122",
      "rooms_address": "2175 West Mall V6T 1Z4",
      "rooms_href": "http://students.ubc.ca/campus/discover/buildings-and-classrooms/room/SWNG-122"
    },
    {
      "rooms_number": "1221",
      "rooms_address": "2424 Main Mall",
      "rooms_href": "http://students.ubc.ca/campus/discover/buildings-and-classrooms/room/FSC-1221"
    },
    {
      "rooms_number": "124",
      "rooms_address": "2080 West Mall",
      "rooms_href": "http://students.ubc.ca/campus/discover/buildings-and-classrooms/room/SOWK-124"
    },
    {
      "rooms_number": "1250",
      "rooms_address": "2260 West Mall, V6T 1Z4",
      "rooms_href": "http://students.ubc.ca/campus/discover/buildings-and-classrooms/room/CIRS-1250"
    },
    {
      "rooms_number": "13",
      "rooms_address": "2045 East Mall",
      "rooms_href": "http://students.ubc.ca/campus/discover/buildings-and-classrooms/room/HEBB-13"
    },
    {
      "rooms_number": "1302",
      "rooms_address": "6445 University Boulevard",
      "rooms_href": "http://students.ubc.ca/campus/discover/buildings-and-classrooms/room/PCOH-1302"
    },
    {
      "rooms_number": "1328",
      "rooms_address": "2125 Main Mall",
      "rooms_href": "http://students.ubc.ca/campus/discover/buildings-and-classrooms/room/SCRF-1328"
    },
    {
      "rooms_number": "135",
      "rooms_address": "6339 Stores Road",
      "rooms_href": "http://students.ubc.ca/campus/discover/buildings-and-classrooms/room/EOSM-135"
    },
    {
      "rooms_number": "1402",
      "rooms_address": "2424 Main Mall",
      "rooms_href": "http://students.ubc.ca/campus/discover/buildings-and-classrooms/room/FSC-1402"
    },
    {
      "rooms_number": "142",
      "rooms_address": "1924 West Mall",
      "rooms_href": "http://students.ubc.ca/campus/discover/buildings-and-classrooms/room/AUDX-142"
    },
    {
      "rooms_number": "143",
      "rooms_address": "2206 East Mall",
      "rooms_href": "http://students.ubc.ca/campus/discover/buildings-and-classrooms/room/SPPH-143"
    },
    {
      "rooms_number": "147",
      "rooms_address": "1984 West Mall",
      "rooms_href": "http://students.ubc.ca/campus/discover/buildings-and-classrooms/room/GEOG-147"
    },
    {
      "rooms_number": "1503",
      "rooms_address": "6270 University Boulevard",
      "rooms_href": "http://students.ubc.ca/campus/discover/buildings-and-classrooms/room/BIOL-1503"
    },
    {
      "rooms_number": "153",
      "rooms_address": "2177 Wesbrook Mall V6T 1Z3",
      "rooms_href": "http://students.ubc.ca/campus/discover/buildings-and-classrooms/room/FRDM-153"
    },
    {
      "rooms_number": "154",
      "rooms_address": "2357 Main Mall",
      "rooms_href": "http://students.ubc.ca/campus/discover/buildings-and-classrooms/room/MCML-154"
    },
    {
      "rooms_number": "155",
      "rooms_address": "1961 East Mall V6T 1Z1",
      "rooms_href": "http://students.ubc.ca/campus/discover/buildings-and-classrooms/room/IBLC-155"
    },
    {
      "rooms_number": "156",
      "rooms_address": "1961 East Mall V6T 1Z1",
      "rooms_href": "http://students.ubc.ca/campus/discover/buildings-and-classrooms/room/IBLC-156"
    },
    {
      "rooms_number": "157",
      "rooms_address": "1924 West Mall",
      "rooms_href": "http://students.ubc.ca/campus/discover/buildings-and-classrooms/room/AUDX-157"
    },
    {
      "rooms_number": "157",
      "rooms_address": "1961 East Mall V6T 1Z1",
      "rooms_href": "http://students.ubc.ca/campus/discover/buildings-and-classrooms/room/IBLC-157"
    },
    {
      "rooms_number": "158",
      "rooms_address": "1961 East Mall V6T 1Z1",
      "rooms_href": "http://students.ubc.ca/campus/discover/buildings-and-classrooms/room/IBLC-158"
    },
    {
      "rooms_number": "158",
      "rooms_address": "2357 Main Mall",
      "rooms_href": "http://students.ubc.ca/campus/discover/buildings-and-classrooms/room/MCML-158"
    },
    {
      "rooms_number": "160",
      "rooms_address": "2357 Main Mall",
      "rooms_href": "http://students.ubc.ca/campus/discover/buildings-and-classrooms/room/MCML-160"
    },
    {
      "rooms_number": "1611",
      "rooms_address": "2424 Main Mall",
      "rooms_href": "http://students.ubc.ca/campus/discover/buildings-and-classrooms/room/FSC-1611"
    },
    {
      "rooms_number": "1613",
      "rooms_address": "2424 Main Mall",
      "rooms_href": "http://students.ubc.ca/campus/discover/buildings-and-classrooms/room/FSC-1613"
    },
    {
      "rooms_number": "1615",
      "rooms_address": "2424 Main Mall",
      "rooms_href": "http://students.ubc.ca/campus/discover/buildings-and-classrooms/room/FSC-1615"
    },
    {
      "rooms_number": "1617",
      "rooms_address": "2424 Main Mall",
      "rooms_href": "http://students.ubc.ca/campus/discover/buildings-and-classrooms/room/FSC-1617"
    },
    {
      "rooms_number": "166",
      "rooms_address": "2357 Main Mall",
      "rooms_href": "http://students.ubc.ca/campus/discover/buildings-and-classrooms/room/MCML-166"
    },
    {
      "rooms_number": "182",
      "rooms_address": "1961 East Mall V6T 1Z1",
      "rooms_href": "http://students.ubc.ca/campus/discover/buildings-and-classrooms/room/IBLC-182"
    },
    {
      "rooms_number": "185",
      "rooms_address": "1961 East Mall V6T 1Z1",
      "rooms_href": "http://students.ubc.ca/campus/discover/buildings-and-classrooms/room/IBLC-185"
    },
    {
      "rooms_number": "191",
      "rooms_address": "1961 East Mall V6T 1Z1",
      "rooms_href": "http://students.ubc.ca/campus/discover/buildings-and-classrooms/room/IBLC-191"
    },
    {
      "rooms_number": "192",
      "rooms_address": "1961 East Mall V6T 1Z1",
      "rooms_href": "http://students.ubc.ca/campus/discover/buildings-and-classrooms/room/IBLC-192"
    },
    {
      "rooms_number": "193",
      "rooms_address": "1961 East Mall V6T 1Z1",
      "rooms_href": "http://students.ubc.ca/campus/discover/buildings-and-classrooms/room/IBLC-193"
    },
    {
      "rooms_number": "194",
      "rooms_address": "1961 East Mall V6T 1Z1",
      "rooms_href": "http://students.ubc.ca/campus/discover/buildings-and-classrooms/room/IBLC-194"
    },
    {
      "rooms_number": "195",
      "rooms_address": "1961 East Mall V6T 1Z1",
      "rooms_href": "http://students.ubc.ca/campus/discover/buildings-and-classrooms/room/IBLC-195"
    },
    {
      "rooms_number": "2",
      "rooms_address": "2194 Health Sciences Mall",
      "rooms_href": "http://students.ubc.ca/campus/discover/buildings-and-classrooms/room/WOOD-2"
    },
    {
      "rooms_number": "20",
      "rooms_address": "2205 East Mall",
      "rooms_href": "http://students.ubc.ca/campus/discover/buildings-and-classrooms/room/FNH-20"
    },
    {
      "rooms_number": "200",
      "rooms_address": "1984 West Mall",
      "rooms_href": "http://students.ubc.ca/campus/discover/buildings-and-classrooms/room/GEOG-200"
    },
    {
      "rooms_number": "200",
      "rooms_address": "6224 Agricultural Road",
      "rooms_href": "http://students.ubc.ca/campus/discover/buildings-and-classrooms/room/HENN-200"
    },
    {
      "rooms_number": "200",
      "rooms_address": "6356 Agricultural Road",
      "rooms_href": "http://students.ubc.ca/campus/discover/buildings-and-classrooms/room/LSK-200"
    },
    {
      "rooms_number": "200",
      "rooms_address": "2125 Main Mall",
      "rooms_href": "http://students.ubc.ca/campus/discover/buildings-and-classrooms/room/SCRF-200"
    },
    {
      "rooms_number": "2000",
      "rooms_address": "6270 University Boulevard",
      "rooms_href": "http://students.ubc.ca/campus/discover/buildings-and-classrooms/room/BIOL-2000"
    },
    {
      "rooms_number": "201",
      "rooms_address": "1984 West Mall",
      "rooms_href": "http://students.ubc.ca/campus/discover/buildings-and-classrooms/room/GEOG-201"
    },
    {
      "rooms_number": "201",
      "rooms_address": "6224 Agricultural Road",
      "rooms_href": "http://students.ubc.ca/campus/discover/buildings-and-classrooms/room/HENN-201"
    },
    {
      "rooms_number": "201",
      "rooms_address": "6245 Agronomy Road V6T 1Z4",
      "rooms_href": "http://students.ubc.ca/campus/discover/buildings-and-classrooms/room/DMP-201"
    },
    {
      "rooms_number": "201",
      "rooms_address": "6356 Agricultural Road",
      "rooms_href": "http://students.ubc.ca/campus/discover/buildings-and-classrooms/room/LSK-201"
    },
    {
      "rooms_number": "201",
      "rooms_address": "2125 Main Mall",
      "rooms_href": "http://students.ubc.ca/campus/discover/buildings-and-classrooms/room/SCRF-201"
    },
    {
      "rooms_number": "201",
      "rooms_address": "6174 University Boulevard",
      "rooms_href": "http://students.ubc.ca/campus/discover/buildings-and-classrooms/room/WESB-201"
    },
    {
      "rooms_number": "2012",
      "rooms_address": "2207 Main Mall",
      "rooms_href": "http://students.ubc.ca/campus/discover/buildings-and-classrooms/room/ESB-2012"
    },
    {
      "rooms_number": "202",
      "rooms_address": "6303 North West Marine Drive",
      "rooms_href": "http://students.ubc.ca/campus/discover/buildings-and-classrooms/room/ANSO-202"
    },
    {
      "rooms_number": "202",
      "rooms_address": "6224 Agricultural Road",
      "rooms_href": "http://students.ubc.ca/campus/discover/buildings-and-classrooms/room/HENN-202"
    },
    {
      "rooms_number": "202",
      "rooms_address": "2356 Main Mall",
      "rooms_href": "http://students.ubc.ca/campus/discover/buildings-and-classrooms/room/MCLD-202"
    },
    {
      "rooms_number": "202",
      "rooms_address": "1984 Mathematics Road",
      "rooms_href": "http://students.ubc.ca/campus/discover/buildings-and-classrooms/room/MATH-202"
    },
    {
      "rooms_number": "202",
      "rooms_address": "2125 Main Mall",
      "rooms_href": "http://students.ubc.ca/campus/discover/buildings-and-classrooms/room/SCRF-202"
    },
    {
      "rooms_number": "203",
      "rooms_address": "6303 North West Marine Drive",
      "rooms_href": "http://students.ubc.ca/campus/discover/buildings-and-classrooms/room/ANSO-203"
    },
    {
      "rooms_number": "203",
      "rooms_address": "1984 Mathematics Road",
      "rooms_href": "http://students.ubc.ca/campus/discover/buildings-and-classrooms/room/MATH-203"
    },
    {
      "rooms_number": "203",
      "rooms_address": "2125 Main Mall",
      "rooms_href": "http://students.ubc.ca/campus/discover/buildings-and-classrooms/room/SCRF-203"
    },
    {
      "rooms_number": "203A",
      "rooms_address": "6108 Thunderbird Boulevard",
      "rooms_href": "http://students.ubc.ca/campus/discover/buildings-and-classrooms/room/OSBO-203A"
    },
    {
      "rooms_number": "203B",
      "rooms_address": "6108 Thunderbird Boulevard",
      "rooms_href": "http://students.ubc.ca/campus/discover/buildings-and-classrooms/room/OSBO-203B"
    },
    {
      "rooms_number": "204",
      "rooms_address": "1984 Mathematics Road",
      "rooms_href": "http://students.ubc.ca/campus/discover/buildings-and-classrooms/room/MATH-204"
    },
    {
      "rooms_number": "204",
      "rooms_address": "2125 Main Mall",
      "rooms_href": "http://students.ubc.ca/campus/discover/buildings-and-classrooms/room/SCRF-204"
    },
    {
      "rooms_number": "204A",
      "rooms_address": "2125 Main Mall",
      "rooms_href": "http://students.ubc.ca/campus/discover/buildings-and-classrooms/room/SCRF-204A"
    },
    {
      "rooms_number": "205",
      "rooms_address": "6303 North West Marine Drive",
      "rooms_href": "http://students.ubc.ca/campus/discover/buildings-and-classrooms/room/ANSO-205"
    },
    {
      "rooms_number": "205",
      "rooms_address": "2125 Main Mall",
      "rooms_href": "http://students.ubc.ca/campus/discover/buildings-and-classrooms/room/SCRF-205"
    },
    {
      "rooms_number": "206",
      "rooms_address": "2125 Main Mall",
      "rooms_href": "http://students.ubc.ca/campus/discover/buildings-and-classrooms/room/SCRF-206"
    },
    {
      "rooms_number": "206",
      "rooms_address": "6081 University Blvd",
      "rooms_href": "http://students.ubc.ca/campus/discover/buildings-and-classrooms/room/MGYM-206"
    },
    {
      "rooms_number": "207",
      "rooms_address": "6303 North West Marine Drive",
      "rooms_href": "http://students.ubc.ca/campus/discover/buildings-and-classrooms/room/ANSO-207"
    },
    {
      "rooms_number": "207",
      "rooms_address": "2125 Main Mall",
      "rooms_href": "http://students.ubc.ca/campus/discover/buildings-and-classrooms/room/SCRF-207"
    },
    {
      "rooms_number": "208",
      "rooms_address": "2125 Main Mall",
      "rooms_href": "http://students.ubc.ca/campus/discover/buildings-and-classrooms/room/SCRF-208"
    },
    {
      "rooms_number": "208",
      "rooms_address": "6081 University Blvd",
      "rooms_href": "http://students.ubc.ca/campus/discover/buildings-and-classrooms/room/MGYM-208"
    },
    {
      "rooms_number": "209",
      "rooms_address": "2125 Main Mall",
      "rooms_href": "http://students.ubc.ca/campus/discover/buildings-and-classrooms/room/SCRF-209"
    },
    {
      "rooms_number": "210",
      "rooms_address": "2125 Main Mall",
      "rooms_href": "http://students.ubc.ca/campus/discover/buildings-and-classrooms/room/SCRF-210"
    },
    {
      "rooms_number": "211",
      "rooms_address": "6333 Memorial Road",
      "rooms_href": "http://students.ubc.ca/campus/discover/buildings-and-classrooms/room/LASR-211"
    },
    {
      "rooms_number": "212",
      "rooms_address": "1984 West Mall",
      "rooms_href": "http://students.ubc.ca/campus/discover/buildings-and-classrooms/room/GEOG-212"
    },
    {
      "rooms_number": "214",
      "rooms_address": "1984 West Mall",
      "rooms_href": "http://students.ubc.ca/campus/discover/buildings-and-classrooms/room/GEOG-214"
    },
    {
      "rooms_number": "214",
      "rooms_address": "2356 Main Mall",
      "rooms_href": "http://students.ubc.ca/campus/discover/buildings-and-classrooms/room/MCLD-214"
    },
    {
      "rooms_number": "220",
      "rooms_address": "2356 Main Mall",
      "rooms_href": "http://students.ubc.ca/campus/discover/buildings-and-classrooms/room/MCLD-220"
    },
    {
      "rooms_number": "2200",
      "rooms_address": "6270 University Boulevard",
      "rooms_href": "http://students.ubc.ca/campus/discover/buildings-and-classrooms/room/BIOL-2200"
    },
    {
      "rooms_number": "220A",
      "rooms_address": "6000 Student Union Blvd",
      "rooms_href": "http://students.ubc.ca/campus/discover/buildings-and-classrooms/room/SRC-220A"
    },
    {
      "rooms_number": "220B",
      "rooms_address": "6000 Student Union Blvd",
      "rooms_href": "http://students.ubc.ca/campus/discover/buildings-and-classrooms/room/SRC-220B"
    },
    {
      "rooms_number": "220C",
      "rooms_address": "6000 Student Union Blvd",
      "rooms_href": "http://students.ubc.ca/campus/discover/buildings-and-classrooms/room/SRC-220C"
    },
    {
      "rooms_number": "221",
      "rooms_address": "2175 West Mall V6T 1Z4",
      "rooms_href": "http://students.ubc.ca/campus/discover/buildings-and-classrooms/room/SWNG-221"
    },
    {
      "rooms_number": "222",
      "rooms_address": "2080 West Mall",
      "rooms_href": "http://students.ubc.ca/campus/discover/buildings-and-classrooms/room/SOWK-222"
    },
    {
      "rooms_number": "222",
      "rooms_address": "2175 West Mall V6T 1Z4",
      "rooms_href": "http://students.ubc.ca/campus/discover/buildings-and-classrooms/room/SWNG-222"
    },
    {
      "rooms_number": "223",
      "rooms_address": "2080 West Mall",
      "rooms_href": "http://students.ubc.ca/campus/discover/buildings-and-classrooms/room/SOWK-223"
    },
    {
      "rooms_number": "224",
      "rooms_address": "2080 West Mall",
      "rooms_href": "http://students.ubc.ca/campus/discover/buildings-and-classrooms/room/SOWK-224"
    },
    {
      "rooms_number": "225",
      "rooms_address": "1984 Mathematics Road",
      "rooms_href": "http://students.ubc.ca/campus/discover/buildings-and-classrooms/room/MATH-225"
    },
    {
      "rooms_number": "228",
      "rooms_address": "2356 Main Mall",
      "rooms_href": "http://students.ubc.ca/campus/discover/buildings-and-classrooms/room/MCLD-228"
    },
    {
      "rooms_number": "232",
      "rooms_address": "2053 Main Mall",
      "rooms_href": "http://students.ubc.ca/campus/discover/buildings-and-classrooms/room/ANGU-232"
    },
    {
      "rooms_number": "234",
      "rooms_address": "2053 Main Mall",
      "rooms_href": "http://students.ubc.ca/campus/discover/buildings-and-classrooms/room/ANGU-234"
    },
    {
      "rooms_number": "235",
      "rooms_address": "2053 Main Mall",
      "rooms_href": "http://students.ubc.ca/campus/discover/buildings-and-classrooms/room/ANGU-235"
    },
    {
      "rooms_number": "2365",
      "rooms_address": "1874 East Mall",
      "rooms_href": "http://students.ubc.ca/campus/discover/buildings-and-classrooms/room/BRKX-2365"
    },
    {
      "rooms_number": "2367",
      "rooms_address": "1874 East Mall",
      "rooms_href": "http://students.ubc.ca/campus/discover/buildings-and-classrooms/room/BRKX-2367"
    },
    {
      "rooms_number": "237",
      "rooms_address": "2053 Main Mall",
      "rooms_href": "http://students.ubc.ca/campus/discover/buildings-and-classrooms/room/ANGU-237"
    },
    {
      "rooms_number": "241",
      "rooms_address": "2053 Main Mall",
      "rooms_href": "http://students.ubc.ca/campus/discover/buildings-and-classrooms/room/ANGU-241"
    },
    {
      "rooms_number": "242",
      "rooms_address": "1984 West Mall",
      "rooms_href": "http://students.ubc.ca/campus/discover/buildings-and-classrooms/room/GEOG-242"
    },
    {
      "rooms_number": "242",
      "rooms_address": "2356 Main Mall",
      "rooms_href": "http://students.ubc.ca/campus/discover/buildings-and-classrooms/room/MCLD-242"
    },
    {
      "rooms_number": "243",
      "rooms_address": "2053 Main Mall",
      "rooms_href": "http://students.ubc.ca/campus/discover/buildings-and-classrooms/room/ANGU-243"
    },
    {
      "rooms_number": "2519",
      "rooms_address": "6270 University Boulevard",
      "rooms_href": "http://students.ubc.ca/campus/discover/buildings-and-classrooms/room/BIOL-2519"
    },
    {
      "rooms_number": "254",
      "rooms_address": "2053 Main Mall",
      "rooms_href": "http://students.ubc.ca/campus/discover/buildings-and-classrooms/room/ANGU-254"
    },
    {
      "rooms_number": "254",
      "rooms_address": "2356 Main Mall",
      "rooms_href": "http://students.ubc.ca/campus/discover/buildings-and-classrooms/room/MCLD-254"
    },
    {
      "rooms_number": "256",
      "rooms_address": "2357 Main Mall",
      "rooms_href": "http://students.ubc.ca/campus/discover/buildings-and-classrooms/room/MCML-256"
    },
    {
      "rooms_number": "260",
      "rooms_address": "2357 Main Mall",
      "rooms_href": "http://students.ubc.ca/campus/discover/buildings-and-classrooms/room/MCML-260"
    },
    {
      "rooms_number": "261",
      "rooms_address": "1961 East Mall V6T 1Z1",
      "rooms_href": "http://students.ubc.ca/campus/discover/buildings-and-classrooms/room/IBLC-261"
    },
    {
      "rooms_number": "263",
      "rooms_address": "1961 East Mall V6T 1Z1",
      "rooms_href": "http://students.ubc.ca/campus/discover/buildings-and-classrooms/room/IBLC-263"
    },
    {
      "rooms_number": "264",
      "rooms_address": "1961 East Mall V6T 1Z1",
      "rooms_href": "http://students.ubc.ca/campus/discover/buildings-and-classrooms/room/IBLC-264"
    },
    {
      "rooms_number": "265",
      "rooms_address": "1961 East Mall V6T 1Z1",
      "rooms_href": "http://students.ubc.ca/campus/discover/buildings-and-classrooms/room/IBLC-265"
    },
    {
      "rooms_number": "266",
      "rooms_address": "1961 East Mall V6T 1Z1",
      "rooms_href": "http://students.ubc.ca/campus/discover/buildings-and-classrooms/room/IBLC-266"
    },
    {
      "rooms_number": "291",
      "rooms_address": "2053 Main Mall",
      "rooms_href": "http://students.ubc.ca/campus/discover/buildings-and-classrooms/room/ANGU-291"
    },
    {
      "rooms_number": "292",
      "rooms_address": "2053 Main Mall",
      "rooms_href": "http://students.ubc.ca/campus/discover/buildings-and-classrooms/room/ANGU-292"
    },
    {
      "rooms_number": "293",
      "rooms_address": "2053 Main Mall",
      "rooms_href": "http://students.ubc.ca/campus/discover/buildings-and-classrooms/room/ANGU-293"
    },
    {
      "rooms_number": "295",
      "rooms_address": "2053 Main Mall",
      "rooms_href": "http://students.ubc.ca/campus/discover/buildings-and-classrooms/room/ANGU-295"
    },
    {
      "rooms_number": "296",
      "rooms_address": "2053 Main Mall",
      "rooms_href": "http://students.ubc.ca/campus/discover/buildings-and-classrooms/room/ANGU-296"
    },
    {
      "rooms_number": "3",
      "rooms_address": "2194 Health Sciences Mall",
      "rooms_href": "http://students.ubc.ca/campus/discover/buildings-and-classrooms/room/WOOD-3"
    },
    {
      "rooms_number": "30",
      "rooms_address": "2205 East Mall",
      "rooms_href": "http://students.ubc.ca/campus/discover/buildings-and-classrooms/room/FNH-30"
    },
    {
      "rooms_number": "3002",
      "rooms_address": "6363 Agronomy Road",
      "rooms_href": "http://students.ubc.ca/campus/discover/buildings-and-classrooms/room/ORCH-3002"
    },
    {
      "rooms_number": "3004",
      "rooms_address": "6363 Agronomy Road",
      "rooms_href": "http://students.ubc.ca/campus/discover/buildings-and-classrooms/room/ORCH-3004"
    },
    {
      "rooms_number": "301",
      "rooms_address": "6224 Agricultural Road",
      "rooms_href": "http://students.ubc.ca/campus/discover/buildings-and-classrooms/room/HENN-301"
    },
    {
      "rooms_number": "301",
      "rooms_address": "6245 Agronomy Road V6T 1Z4",
      "rooms_href": "http://students.ubc.ca/campus/discover/buildings-and-classrooms/room/DMP-301"
    },
    {
      "rooms_number": "301",
      "rooms_address": "6000 Iona Drive",
      "rooms_href": "http://students.ubc.ca/campus/discover/buildings-and-classrooms/room/IONA-301"
    },
    {
      "rooms_number": "3016",
      "rooms_address": "6363 Agronomy Road",
      "rooms_href": "http://students.ubc.ca/campus/discover/buildings-and-classrooms/room/ORCH-3016"
    },
    {
      "rooms_number": "3018",
      "rooms_address": "6363 Agronomy Road",
      "rooms_href": "http://students.ubc.ca/campus/discover/buildings-and-classrooms/room/ORCH-3018"
    },
    {
      "rooms_number": "302",
      "rooms_address": "6224 Agricultural Road",
      "rooms_href": "http://students.ubc.ca/campus/discover/buildings-and-classrooms/room/HENN-302"
    },
    {
      "rooms_number": "303",
      "rooms_address": "6350 Stores Road",
      "rooms_href": "http://students.ubc.ca/campus/discover/buildings-and-classrooms/room/FORW-303"
    },
    {
      "rooms_number": "304",
      "rooms_address": "6224 Agricultural Road",
      "rooms_href": "http://students.ubc.ca/campus/discover/buildings-and-classrooms/room/HENN-304"
    },
    {
      "rooms_number": "305",
      "rooms_address": "2175 West Mall V6T 1Z4",
      "rooms_href": "http://students.ubc.ca/campus/discover/buildings-and-classrooms/room/SWNG-305"
    },
    {
      "rooms_number": "3052",
      "rooms_address": "6363 Agronomy Road",
      "rooms_href": "http://students.ubc.ca/campus/discover/buildings-and-classrooms/room/ORCH-3052"
    },
    {
      "rooms_number": "3058",
      "rooms_address": "6363 Agronomy Road",
      "rooms_href": "http://students.ubc.ca/campus/discover/buildings-and-classrooms/room/ORCH-3058"
    },
    {
      "rooms_number": "306",
      "rooms_address": "2175 West Mall V6T 1Z4",
      "rooms_href": "http://students.ubc.ca/campus/discover/buildings-and-classrooms/room/SWNG-306"
    },
    {
      "rooms_number": "3062",
      "rooms_address": "6363 Agronomy Road",
      "rooms_href": "http://students.ubc.ca/campus/discover/buildings-and-classrooms/room/ORCH-3062"
    },
    {
      "rooms_number": "3068",
      "rooms_address": "6363 Agronomy Road",
      "rooms_href": "http://students.ubc.ca/campus/discover/buildings-and-classrooms/room/ORCH-3068"
    },
    {
      "rooms_number": "307",
      "rooms_address": "2175 West Mall V6T 1Z4",
      "rooms_href": "http://students.ubc.ca/campus/discover/buildings-and-classrooms/room/SWNG-307"
    },
    {
      "rooms_number": "3072",
      "rooms_address": "6363 Agronomy Road",
      "rooms_href": "http://students.ubc.ca/campus/discover/buildings-and-classrooms/room/ORCH-3072"
    },
    {
      "rooms_number": "3074",
      "rooms_address": "6363 Agronomy Road",
      "rooms_href": "http://students.ubc.ca/campus/discover/buildings-and-classrooms/room/ORCH-3074"
    },
    {
      "rooms_number": "308",
      "rooms_address": "2175 West Mall V6T 1Z4",
      "rooms_href": "http://students.ubc.ca/campus/discover/buildings-and-classrooms/room/SWNG-308"
    },
    {
      "rooms_number": "309",
      "rooms_address": "2175 West Mall V6T 1Z4",
      "rooms_href": "http://students.ubc.ca/campus/discover/buildings-and-classrooms/room/SWNG-309"
    },
    {
      "rooms_number": "310",
      "rooms_address": "6245 Agronomy Road V6T 1Z4",
      "rooms_href": "http://students.ubc.ca/campus/discover/buildings-and-classrooms/room/DMP-310"
    },
    {
      "rooms_number": "310",
      "rooms_address": "2175 West Mall V6T 1Z4",
      "rooms_href": "http://students.ubc.ca/campus/discover/buildings-and-classrooms/room/SWNG-310"
    },
    {
      "rooms_number": "3112",
      "rooms_address": "2405 Wesbrook Mall",
      "rooms_href": "http://students.ubc.ca/campus/discover/buildings-and-classrooms/room/PHRM-3112"
    },
    {
      "rooms_number": "3114",
      "rooms_address": "2405 Wesbrook Mall",
      "rooms_href": "http://students.ubc.ca/campus/discover/buildings-and-classrooms/room/PHRM-3114"
    },
    {
      "rooms_number": "3115",
      "rooms_address": "2405 Wesbrook Mall",
      "rooms_href": "http://students.ubc.ca/campus/discover/buildings-and-classrooms/room/PHRM-3115"
    },
    {
      "rooms_number": "3116",
      "rooms_address": "2405 Wesbrook Mall",
      "rooms_href": "http://students.ubc.ca/campus/discover/buildings-and-classrooms/room/PHRM-3116"
    },
    {
      "rooms_number": "3118",
      "rooms_address": "2405 Wesbrook Mall",
      "rooms_href": "http://students.ubc.ca/campus/discover/buildings-and-classrooms/room/PHRM-3118"
    },
    {
      "rooms_number": "3120",
      "rooms_address": "2405 Wesbrook Mall",
      "rooms_href": "http://students.ubc.ca/campus/discover/buildings-and-classrooms/room/PHRM-3120"
    },
    {
      "rooms_number": "3122",
      "rooms_address": "2405 Wesbrook Mall",
      "rooms_href": "http://students.ubc.ca/campus/discover/buildings-and-classrooms/room/PHRM-3122"
    },
    {
      "rooms_number": "3124",
      "rooms_address": "2405 Wesbrook Mall",
      "rooms_href": "http://students.ubc.ca/campus/discover/buildings-and-classrooms/room/PHRM-3124"
    },
    {
      "rooms_number": "317",
      "rooms_address": "6350 Stores Road",
      "rooms_href": "http://students.ubc.ca/campus/discover/buildings-and-classrooms/room/FORW-317"
    },
    {
      "rooms_number": "320",
      "rooms_address": "2205 East Mall",
      "rooms_href": "http://students.ubc.ca/campus/discover/buildings-and-classrooms/room/FNH-320"
    },
    {
      "rooms_number": "3208",
      "rooms_address": "2405 Wesbrook Mall",
      "rooms_href": "http://students.ubc.ca/campus/discover/buildings-and-classrooms/room/PHRM-3208"
    },
    {
      "rooms_number": "324",
      "rooms_address": "2080 West Mall",
      "rooms_href": "http://students.ubc.ca/campus/discover/buildings-and-classrooms/room/SOWK-324"
    },
    {
      "rooms_number": "326",
      "rooms_address": "2080 West Mall",
      "rooms_href": "http://students.ubc.ca/campus/discover/buildings-and-classrooms/room/SOWK-326"
    },
    {
      "rooms_number": "332",
      "rooms_address": "2053 Main Mall",
      "rooms_href": "http://students.ubc.ca/campus/discover/buildings-and-classrooms/room/ANGU-332"
    },
    {
      "rooms_number": "334",
      "rooms_address": "2053 Main Mall",
      "rooms_href": "http://students.ubc.ca/campus/discover/buildings-and-classrooms/room/ANGU-334"
    },
    {
      "rooms_number": "335",
      "rooms_address": "2053 Main Mall",
      "rooms_href": "http://students.ubc.ca/campus/discover/buildings-and-classrooms/room/ANGU-335"
    },
    {
      "rooms_number": "339",
      "rooms_address": "2053 Main Mall",
      "rooms_href": "http://students.ubc.ca/campus/discover/buildings-and-classrooms/room/ANGU-339"
    },
    {
      "rooms_number": "343",
      "rooms_address": "2053 Main Mall",
      "rooms_href": "http://students.ubc.ca/campus/discover/buildings-and-classrooms/room/ANGU-343"
    },
    {
      "rooms_number": "345",
      "rooms_address": "2053 Main Mall",
      "rooms_href": "http://students.ubc.ca/campus/discover/buildings-and-classrooms/room/ANGU-345"
    },
    {
      "rooms_number": "347",
      "rooms_address": "2053 Main Mall",
      "rooms_href": "http://students.ubc.ca/campus/discover/buildings-and-classrooms/room/ANGU-347"
    },
    {
      "rooms_number": "350",
      "rooms_address": "2053 Main Mall",
      "rooms_href": "http://students.ubc.ca/campus/discover/buildings-and-classrooms/room/ANGU-350"
    },
    {
      "rooms_number": "354",
      "rooms_address": "2053 Main Mall",
      "rooms_href": "http://students.ubc.ca/campus/discover/buildings-and-classrooms/room/ANGU-354"
    },
    {
      "rooms_number": "358",
      "rooms_address": "2357 Main Mall",
      "rooms_href": "http://students.ubc.ca/campus/discover/buildings-and-classrooms/room/MCML-358"
    },
    {
      "rooms_number": "360A",
      "rooms_address": "2357 Main Mall",
      "rooms_href": "http://students.ubc.ca/campus/discover/buildings-and-classrooms/room/MCML-360A"
    },
    {
      "rooms_number": "360B",
      "rooms_address": "2357 Main Mall",
      "rooms_href": "http://students.ubc.ca/campus/discover/buildings-and-classrooms/room/MCML-360B"
    },
    {
      "rooms_number": "360C",
      "rooms_address": "2357 Main Mall",
      "rooms_href": "http://students.ubc.ca/campus/discover/buildings-and-classrooms/room/MCML-360C"
    },
    {
      "rooms_number": "360D",
      "rooms_address": "2357 Main Mall",
      "rooms_href": "http://students.ubc.ca/campus/discover/buildings-and-classrooms/room/MCML-360D"
    },
    {
      "rooms_number": "360E",
      "rooms_address": "2357 Main Mall",
      "rooms_href": "http://students.ubc.ca/campus/discover/buildings-and-classrooms/room/MCML-360E"
    },
    {
      "rooms_number": "360F",
      "rooms_address": "2357 Main Mall",
      "rooms_href": "http://students.ubc.ca/campus/discover/buildings-and-classrooms/room/MCML-360F"
    },
    {
      "rooms_number": "360G",
      "rooms_address": "2357 Main Mall",
      "rooms_href": "http://students.ubc.ca/campus/discover/buildings-and-classrooms/room/MCML-360G"
    },
    {
      "rooms_number": "360H",
      "rooms_address": "2357 Main Mall",
      "rooms_href": "http://students.ubc.ca/campus/discover/buildings-and-classrooms/room/MCML-360H"
    },
    {
      "rooms_number": "360J",
      "rooms_address": "2357 Main Mall",
      "rooms_href": "http://students.ubc.ca/campus/discover/buildings-and-classrooms/room/MCML-360J"
    },
    {
      "rooms_number": "360K",
      "rooms_address": "2357 Main Mall",
      "rooms_href": "http://students.ubc.ca/campus/discover/buildings-and-classrooms/room/MCML-360K"
    },
    {
      "rooms_number": "360L",
      "rooms_address": "2357 Main Mall",
      "rooms_href": "http://students.ubc.ca/campus/discover/buildings-and-classrooms/room/MCML-360L"
    },
    {
      "rooms_number": "360M",
      "rooms_address": "2357 Main Mall",
      "rooms_href": "http://students.ubc.ca/campus/discover/buildings-and-classrooms/room/MCML-360M"
    },
    {
      "rooms_number": "4",
      "rooms_address": "2194 Health Sciences Mall",
      "rooms_href": "http://students.ubc.ca/campus/discover/buildings-and-classrooms/room/WOOD-4"
    },
    {
      "rooms_number": "40",
      "rooms_address": "2205 East Mall",
      "rooms_href": "http://students.ubc.ca/campus/discover/buildings-and-classrooms/room/FNH-40"
    },
    {
      "rooms_number": "4002",
      "rooms_address": "6363 Agronomy Road",
      "rooms_href": "http://students.ubc.ca/campus/discover/buildings-and-classrooms/room/ORCH-4002"
    },
    {
      "rooms_number": "4004",
      "rooms_address": "6363 Agronomy Road",
      "rooms_href": "http://students.ubc.ca/campus/discover/buildings-and-classrooms/room/ORCH-4004"
    },
    {
      "rooms_number": "4016",
      "rooms_address": "6363 Agronomy Road",
      "rooms_href": "http://students.ubc.ca/campus/discover/buildings-and-classrooms/room/ORCH-4016"
    },
    {
      "rooms_number": "4018",
      "rooms_address": "6363 Agronomy Road",
      "rooms_href": "http://students.ubc.ca/campus/discover/buildings-and-classrooms/room/ORCH-4018"
    },
    {
      "rooms_number": "405",
      "rooms_address": "2175 West Mall V6T 1Z4",
      "rooms_href": "http://students.ubc.ca/campus/discover/buildings-and-classrooms/room/SWNG-405"
    },
    {
      "rooms_number": "4052",
      "rooms_address": "6363 Agronomy Road",
      "rooms_href": "http://students.ubc.ca/campus/discover/buildings-and-classrooms/room/ORCH-4052"
    },
    {
      "rooms_number": "4058",
      "rooms_address": "6363 Agronomy Road",
      "rooms_href": "http://students.ubc.ca/campus/discover/buildings-and-classrooms/room/ORCH-4058"
    },
    {
      "rooms_number": "406",
      "rooms_address": "2175 West Mall V6T 1Z4",
      "rooms_href": "http://students.ubc.ca/campus/discover/buildings-and-classrooms/room/SWNG-406"
    },
    {
      "rooms_number": "4062",
      "rooms_address": "6363 Agronomy Road",
      "rooms_href": "http://students.ubc.ca/campus/discover/buildings-and-classrooms/room/ORCH-4062"
    },
    {
      "rooms_number": "4068",
      "rooms_address": "6363 Agronomy Road",
      "rooms_href": "http://students.ubc.ca/campus/discover/buildings-and-classrooms/room/ORCH-4068"
    },
    {
      "rooms_number": "407",
      "rooms_address": "2175 West Mall V6T 1Z4",
      "rooms_href": "http://students.ubc.ca/campus/discover/buildings-and-classrooms/room/SWNG-407"
    },
    {
      "rooms_number": "4072",
      "rooms_address": "6363 Agronomy Road",
      "rooms_href": "http://students.ubc.ca/campus/discover/buildings-and-classrooms/room/ORCH-4072"
    },
    {
      "rooms_number": "4074",
      "rooms_address": "6363 Agronomy Road",
      "rooms_href": "http://students.ubc.ca/campus/discover/buildings-and-classrooms/room/ORCH-4074"
    },
    {
      "rooms_number": "408",
      "rooms_address": "2175 West Mall V6T 1Z4",
      "rooms_href": "http://students.ubc.ca/campus/discover/buildings-and-classrooms/room/SWNG-408"
    },
    {
      "rooms_number": "409",
      "rooms_address": "2175 West Mall V6T 1Z4",
      "rooms_href": "http://students.ubc.ca/campus/discover/buildings-and-classrooms/room/SWNG-409"
    },
    {
      "rooms_number": "410",
      "rooms_address": "2175 West Mall V6T 1Z4",
      "rooms_href": "http://students.ubc.ca/campus/discover/buildings-and-classrooms/room/SWNG-410"
    },
    {
      "rooms_number": "432",
      "rooms_address": "2053 Main Mall",
      "rooms_href": "http://students.ubc.ca/campus/discover/buildings-and-classrooms/room/ANGU-432"
    },
    {
      "rooms_number": "434",
      "rooms_address": "2053 Main Mall",
      "rooms_href": "http://students.ubc.ca/campus/discover/buildings-and-classrooms/room/ANGU-434"
    },
    {
      "rooms_number": "435",
      "rooms_address": "2053 Main Mall",
      "rooms_href": "http://students.ubc.ca/campus/discover/buildings-and-classrooms/room/ANGU-435"
    },
    {
      "rooms_number": "437",
      "rooms_address": "2053 Main Mall",
      "rooms_href": "http://students.ubc.ca/campus/discover/buildings-and-classrooms/room/ANGU-437"
    },
    {
      "rooms_number": "460",
      "rooms_address": "1961 East Mall V6T 1Z1",
      "rooms_href": "http://students.ubc.ca/campus/discover/buildings-and-classrooms/room/IBLC-460"
    },
    {
      "rooms_number": "460",
      "rooms_address": "6356 Agricultural Road",
      "rooms_href": "http://students.ubc.ca/campus/discover/buildings-and-classrooms/room/LSK-460"
    },
    {
      "rooms_number": "461",
      "rooms_address": "1961 East Mall V6T 1Z1",
      "rooms_href": "http://students.ubc.ca/campus/discover/buildings-and-classrooms/room/IBLC-461"
    },
    {
      "rooms_number": "462",
      "rooms_address": "6356 Agricultural Road",
      "rooms_href": "http://students.ubc.ca/campus/discover/buildings-and-classrooms/room/LSK-462"
    },
    {
      "rooms_number": "5",
      "rooms_address": "2194 Health Sciences Mall",
      "rooms_href": "http://students.ubc.ca/campus/discover/buildings-and-classrooms/room/WOOD-5"
    },
    {
      "rooms_number": "50",
      "rooms_address": "2205 East Mall",
      "rooms_href": "http://students.ubc.ca/campus/discover/buildings-and-classrooms/room/FNH-50"
    },
    {
      "rooms_number": "519",
      "rooms_address": "6350 Stores Road",
      "rooms_href": "http://students.ubc.ca/campus/discover/buildings-and-classrooms/room/FORW-519"
    },
    {
      "rooms_number": "5C",
      "rooms_address": "6333 Memorial Road",
      "rooms_href": "http://students.ubc.ca/campus/discover/buildings-and-classrooms/room/LASR-5C"
    },
    {
      "rooms_number": "6",
      "rooms_address": "2194 Health Sciences Mall",
      "rooms_href": "http://students.ubc.ca/campus/discover/buildings-and-classrooms/room/WOOD-6"
    },
    {
      "rooms_number": "60",
      "rooms_address": "2205 East Mall",
      "rooms_href": "http://students.ubc.ca/campus/discover/buildings-and-classrooms/room/FNH-60"
    },
    {
      "rooms_number": "633",
      "rooms_address": "6000 Iona Drive",
      "rooms_href": "http://students.ubc.ca/campus/discover/buildings-and-classrooms/room/IONA-633"
    },
    {
      "rooms_number": "A",
      "rooms_address": "6108 Thunderbird Boulevard",
      "rooms_href": "http://students.ubc.ca/campus/discover/buildings-and-classrooms/room/OSBO-A"
    },
    {
      "rooms_number": "A101",
      "rooms_address": "1866 Main Mall",
      "rooms_href": "http://students.ubc.ca/campus/discover/buildings-and-classrooms/room/BUCH-A101"
    },
    {
      "rooms_number": "A102",
      "rooms_address": "1866 Main Mall",
      "rooms_href": "http://students.ubc.ca/campus/discover/buildings-and-classrooms/room/BUCH-A102"
    },
    {
      "rooms_number": "A103",
      "rooms_address": "1866 Main Mall",
      "rooms_href": "http://students.ubc.ca/campus/discover/buildings-and-classrooms/room/BUCH-A103"
    },
    {
      "rooms_number": "A104",
      "rooms_address": "1866 Main Mall",
      "rooms_href": "http://students.ubc.ca/campus/discover/buildings-and-classrooms/room/BUCH-A104"
    },
    {
      "rooms_number": "A201",
      "rooms_address": "1866 Main Mall",
      "rooms_href": "http://students.ubc.ca/campus/discover/buildings-and-classrooms/room/BUCH-A201"
    },
    {
      "rooms_number": "A202",
      "rooms_address": "1866 Main Mall",
      "rooms_href": "http://students.ubc.ca/campus/discover/buildings-and-classrooms/room/BUCH-A202"
    },
    {
      "rooms_number": "A203",
      "rooms_address": "1866 Main Mall",
      "rooms_href": "http://students.ubc.ca/campus/discover/buildings-and-classrooms/room/BUCH-A203"
    },
    {
      "rooms_number": "B101",
      "rooms_address": "1822 East Mall",
      "rooms_href": "http://students.ubc.ca/campus/discover/buildings-and-classrooms/room/ALRD-B101"
    },
    {
      "rooms_number": "B108",
      "rooms_address": "2206 East Mall",
      "rooms_href": "http://students.ubc.ca/campus/discover/buildings-and-classrooms/room/SPPH-B108"
    },
    {
      "rooms_number": "B112",
      "rooms_address": "2206 East Mall",
      "rooms_href": "http://students.ubc.ca/campus/discover/buildings-and-classrooms/room/SPPH-B112"
    },
    {
      "rooms_number": "B136",
      "rooms_address": "2206 East Mall",
      "rooms_href": "http://students.ubc.ca/campus/discover/buildings-and-classrooms/room/SPPH-B136"
    },
    {
      "rooms_number": "B138",
      "rooms_address": "2206 East Mall",
      "rooms_href": "http://students.ubc.ca/campus/discover/buildings-and-classrooms/room/SPPH-B138"
    },
    {
      "rooms_number": "B141",
      "rooms_address": "1866 Main Mall",
      "rooms_href": "http://students.ubc.ca/campus/discover/buildings-and-classrooms/room/BUCH-B141"
    },
    {
      "rooms_number": "B142",
      "rooms_address": "1866 Main Mall",
      "rooms_href": "http://students.ubc.ca/campus/discover/buildings-and-classrooms/room/BUCH-B142"
    },
    {
      "rooms_number": "B150",
      "rooms_address": "2036 Main Mall",
      "rooms_href": "http://students.ubc.ca/campus/discover/buildings-and-classrooms/room/CHEM-B150"
    },
    {
      "rooms_number": "B151",
      "rooms_address": "2206 East Mall",
      "rooms_href": "http://students.ubc.ca/campus/discover/buildings-and-classrooms/room/SPPH-B151"
    },
    {
      "rooms_number": "B208",
      "rooms_address": "1866 Main Mall",
      "rooms_href": "http://students.ubc.ca/campus/discover/buildings-and-classrooms/room/BUCH-B208"
    },
    {
      "rooms_number": "B209",
      "rooms_address": "1866 Main Mall",
      "rooms_href": "http://students.ubc.ca/campus/discover/buildings-and-classrooms/room/BUCH-B209"
    },
    {
      "rooms_number": "B210",
      "rooms_address": "1866 Main Mall",
      "rooms_href": "http://students.ubc.ca/campus/discover/buildings-and-classrooms/room/BUCH-B210"
    },
    {
      "rooms_number": "B211",
      "rooms_address": "1866 Main Mall",
      "rooms_href": "http://students.ubc.ca/campus/discover/buildings-and-classrooms/room/BUCH-B211"
    },
    {
      "rooms_number": "B213",
      "rooms_address": "1866 Main Mall",
      "rooms_href": "http://students.ubc.ca/campus/discover/buildings-and-classrooms/room/BUCH-B213"
    },
    {
      "rooms_number": "B215",
      "rooms_address": "1866 Main Mall",
      "rooms_href": "http://students.ubc.ca/campus/discover/buildings-and-classrooms/room/BUCH-B215"
    },
    {
      "rooms_number": "B216",
      "rooms_address": "1866 Main Mall",
      "rooms_href": "http://students.ubc.ca/campus/discover/buildings-and-classrooms/room/BUCH-B216"
    },
    {
      "rooms_number": "B218",
      "rooms_address": "1866 Main Mall",
      "rooms_href": "http://students.ubc.ca/campus/discover/buildings-and-classrooms/room/BUCH-B218"
    },
    {
      "rooms_number": "B219",
      "rooms_address": "1866 Main Mall",
      "rooms_href": "http://students.ubc.ca/campus/discover/buildings-and-classrooms/room/BUCH-B219"
    },
    {
      "rooms_number": "B250",
      "rooms_address": "2036 Main Mall",
      "rooms_href": "http://students.ubc.ca/campus/discover/buildings-and-classrooms/room/CHEM-B250"
    },
    {
      "rooms_number": "B302",
      "rooms_address": "1866 Main Mall",
      "rooms_href": "http://students.ubc.ca/campus/discover/buildings-and-classrooms/room/BUCH-B302"
    },
    {
      "rooms_number": "B303",
      "rooms_address": "1866 Main Mall",
      "rooms_href": "http://students.ubc.ca/campus/discover/buildings-and-classrooms/room/BUCH-B303"
    },
    {
      "rooms_number": "B304",
      "rooms_address": "1866 Main Mall",
      "rooms_href": "http://students.ubc.ca/campus/discover/buildings-and-classrooms/room/BUCH-B304"
    },
    {
      "rooms_number": "B306",
      "rooms_address": "1866 Main Mall",
      "rooms_href": "http://students.ubc.ca/campus/discover/buildings-and-classrooms/room/BUCH-B306"
    },
    {
      "rooms_number": "B307",
      "rooms_address": "1866 Main Mall",
      "rooms_href": "http://students.ubc.ca/campus/discover/buildings-and-classrooms/room/BUCH-B307"
    },
    {
      "rooms_number": "B308",
      "rooms_address": "1866 Main Mall",
      "rooms_href": "http://students.ubc.ca/campus/discover/buildings-and-classrooms/room/BUCH-B308"
    },
    {
      "rooms_number": "B309",
      "rooms_address": "1866 Main Mall",
      "rooms_href": "http://students.ubc.ca/campus/discover/buildings-and-classrooms/room/BUCH-B309"
    },
    {
      "rooms_number": "B310",
      "rooms_address": "1866 Main Mall",
      "rooms_href": "http://students.ubc.ca/campus/discover/buildings-and-classrooms/room/BUCH-B310"
    },
    {
      "rooms_number": "B312",
      "rooms_address": "1866 Main Mall",
      "rooms_href": "http://students.ubc.ca/campus/discover/buildings-and-classrooms/room/BUCH-B312"
    },
    {
      "rooms_number": "B313",
      "rooms_address": "1866 Main Mall",
      "rooms_href": "http://students.ubc.ca/campus/discover/buildings-and-classrooms/room/BUCH-B313"
    },
    {
      "rooms_number": "B315",
      "rooms_address": "1866 Main Mall",
      "rooms_href": "http://students.ubc.ca/campus/discover/buildings-and-classrooms/room/BUCH-B315"
    },
    {
      "rooms_number": "B316",
      "rooms_address": "1866 Main Mall",
      "rooms_href": "http://students.ubc.ca/campus/discover/buildings-and-classrooms/room/BUCH-B316"
    },
    {
      "rooms_number": "B318",
      "rooms_address": "1866 Main Mall",
      "rooms_href": "http://students.ubc.ca/campus/discover/buildings-and-classrooms/room/BUCH-B318"
    },
    {
      "rooms_number": "B319",
      "rooms_address": "1866 Main Mall",
      "rooms_href": "http://students.ubc.ca/campus/discover/buildings-and-classrooms/room/BUCH-B319"
    },
    {
      "rooms_number": "B75",
      "rooms_address": "2194 Health Sciences Mall",
      "rooms_href": "http://students.ubc.ca/campus/discover/buildings-and-classrooms/room/WOOD-B75"
    },
    {
      "rooms_number": "B79",
      "rooms_address": "2194 Health Sciences Mall",
      "rooms_href": "http://students.ubc.ca/campus/discover/buildings-and-classrooms/room/WOOD-B79"
    },
    {
      "rooms_number": "C124",
      "rooms_address": "2036 Main Mall",
      "rooms_href": "http://students.ubc.ca/campus/discover/buildings-and-classrooms/room/CHEM-C124"
    },
    {
      "rooms_number": "C126",
      "rooms_address": "2036 Main Mall",
      "rooms_href": "http://students.ubc.ca/campus/discover/buildings-and-classrooms/room/CHEM-C126"
    },
    {
      "rooms_number": "D200",
      "rooms_address": "2036 Main Mall",
      "rooms_href": "http://students.ubc.ca/campus/discover/buildings-and-classrooms/room/CHEM-D200"
    },
    {
      "rooms_number": "D201",
      "rooms_address": "1866 Main Mall",
      "rooms_href": "http://students.ubc.ca/campus/discover/buildings-and-classrooms/room/BUCH-D201"
    },
    {
      "rooms_number": "D204",
      "rooms_address": "1866 Main Mall",
      "rooms_href": "http://students.ubc.ca/campus/discover/buildings-and-classrooms/room/BUCH-D204"
    },
    {
      "rooms_number": "D205",
      "rooms_address": "1866 Main Mall",
      "rooms_href": "http://students.ubc.ca/campus/discover/buildings-and-classrooms/room/BUCH-D205"
    },
    {
      "rooms_number": "D207",
      "rooms_address": "1866 Main Mall",
      "rooms_href": "http://students.ubc.ca/campus/discover/buildings-and-classrooms/room/BUCH-D207"
    },
    {
      "rooms_number": "D209",
      "rooms_address": "1866 Main Mall",
      "rooms_href": "http://students.ubc.ca/campus/discover/buildings-and-classrooms/room/BUCH-D209"
    },
    {
      "rooms_number": "D213",
      "rooms_address": "1866 Main Mall",
      "rooms_href": "http://students.ubc.ca/campus/discover/buildings-and-classrooms/room/BUCH-D213"
    },
    {
      "rooms_number": "D214",
      "rooms_address": "1866 Main Mall",
      "rooms_href": "http://students.ubc.ca/campus/discover/buildings-and-classrooms/room/BUCH-D214"
    },
    {
      "rooms_number": "D216",
      "rooms_address": "1866 Main Mall",
      "rooms_href": "http://students.ubc.ca/campus/discover/buildings-and-classrooms/room/BUCH-D216"
    },
    {
      "rooms_number": "D217",
      "rooms_address": "1866 Main Mall",
      "rooms_href": "http://students.ubc.ca/campus/discover/buildings-and-classrooms/room/BUCH-D217"
    },
    {
      "rooms_number": "D218",
      "rooms_address": "1866 Main Mall",
      "rooms_href": "http://students.ubc.ca/campus/discover/buildings-and-classrooms/room/BUCH-D218"
    },
    {
      "rooms_number": "D219",
      "rooms_address": "1866 Main Mall",
      "rooms_href": "http://students.ubc.ca/campus/discover/buildings-and-classrooms/room/BUCH-D219"
    },
    {
      "rooms_number": "D221",
      "rooms_address": "1866 Main Mall",
      "rooms_href": "http://students.ubc.ca/campus/discover/buildings-and-classrooms/room/BUCH-D221"
    },
    {
      "rooms_number": "D222",
      "rooms_address": "1866 Main Mall",
      "rooms_href": "http://students.ubc.ca/campus/discover/buildings-and-classrooms/room/BUCH-D222"
    },
    {
      "rooms_number": "D228",
      "rooms_address": "1866 Main Mall",
      "rooms_href": "http://students.ubc.ca/campus/discover/buildings-and-classrooms/room/BUCH-D228"
    },
    {
      "rooms_number": "D229",
      "rooms_address": "1866 Main Mall",
      "rooms_href": "http://students.ubc.ca/campus/discover/buildings-and-classrooms/room/BUCH-D229"
    },
    {
      "rooms_number": "D300",
      "rooms_address": "2036 Main Mall",
      "rooms_href": "http://students.ubc.ca/campus/discover/buildings-and-classrooms/room/CHEM-D300"
    },
    {
      "rooms_number": "D301",
      "rooms_address": "1866 Main Mall",
      "rooms_href": "http://students.ubc.ca/campus/discover/buildings-and-classrooms/room/BUCH-D301"
    },
    {
      "rooms_number": "D304",
      "rooms_address": "1866 Main Mall",
      "rooms_href": "http://students.ubc.ca/campus/discover/buildings-and-classrooms/room/BUCH-D304"
    },
    {
      "rooms_number": "D306",
      "rooms_address": "1866 Main Mall",
      "rooms_href": "http://students.ubc.ca/campus/discover/buildings-and-classrooms/room/BUCH-D306"
    },
    {
      "rooms_number": "D307",
      "rooms_address": "1866 Main Mall",
      "rooms_href": "http://students.ubc.ca/campus/discover/buildings-and-classrooms/room/BUCH-D307"
    },
    {
      "rooms_number": "D312",
      "rooms_address": "1866 Main Mall",
      "rooms_href": "http://students.ubc.ca/campus/discover/buildings-and-classrooms/room/BUCH-D312"
    },
    {
      "rooms_number": "D313",
      "rooms_address": "1866 Main Mall",
      "rooms_href": "http://students.ubc.ca/campus/discover/buildings-and-classrooms/room/BUCH-D313"
    },
    {
      "rooms_number": "D314",
      "rooms_address": "1866 Main Mall",
      "rooms_href": "http://students.ubc.ca/campus/discover/buildings-and-classrooms/room/BUCH-D314"
    },
    {
      "rooms_number": "D315",
      "rooms_address": "1866 Main Mall",
      "rooms_href": "http://students.ubc.ca/campus/discover/buildings-and-classrooms/room/BUCH-D315"
    },
    {
      "rooms_number": "D316",
      "rooms_address": "1866 Main Mall",
      "rooms_href": "http://students.ubc.ca/campus/discover/buildings-and-classrooms/room/BUCH-D316"
    },
    {
      "rooms_number": "D317",
      "rooms_address": "1866 Main Mall",
      "rooms_href": "http://students.ubc.ca/campus/discover/buildings-and-classrooms/room/BUCH-D317"
    },
    {
      "rooms_number": "D319",
      "rooms_address": "1866 Main Mall",
      "rooms_href": "http://students.ubc.ca/campus/discover/buildings-and-classrooms/room/BUCH-D319"
    },
    {
      "rooms_number": "D322",
      "rooms_address": "1866 Main Mall",
      "rooms_href": "http://students.ubc.ca/campus/discover/buildings-and-classrooms/room/BUCH-D322"
    },
    {
      "rooms_number": "D323",
      "rooms_address": "1866 Main Mall",
      "rooms_href": "http://students.ubc.ca/campus/discover/buildings-and-classrooms/room/BUCH-D323"
    },
    {
      "rooms_number": "D325",
      "rooms_address": "1866 Main Mall",
      "rooms_href": "http://students.ubc.ca/campus/discover/buildings-and-classrooms/room/BUCH-D325"
    },
    {
      "rooms_number": "G41",
      "rooms_address": "2194 Health Sciences Mall",
      "rooms_href": "http://students.ubc.ca/campus/discover/buildings-and-classrooms/room/WOOD-G41"
    },
    {
      "rooms_number": "G44",
      "rooms_address": "2194 Health Sciences Mall",
      "rooms_href": "http://students.ubc.ca/campus/discover/buildings-and-classrooms/room/WOOD-G44"
    },
    {
      "rooms_number": "G53",
      "rooms_address": "2194 Health Sciences Mall",
      "rooms_href": "http://students.ubc.ca/campus/discover/buildings-and-classrooms/room/WOOD-G53"
    },
    {
      "rooms_number": "G55",
      "rooms_address": "2194 Health Sciences Mall",
      "rooms_href": "http://students.ubc.ca/campus/discover/buildings-and-classrooms/room/WOOD-G55"
    },
    {
      "rooms_number": "G57",
      "rooms_address": "2194 Health Sciences Mall",
      "rooms_href": "http://students.ubc.ca/campus/discover/buildings-and-classrooms/room/WOOD-G57"
    },
    {
      "rooms_number": "G59",
      "rooms_address": "2194 Health Sciences Mall",
      "rooms_href": "http://students.ubc.ca/campus/discover/buildings-and-classrooms/room/WOOD-G59"
    },
    {
      "rooms_number": "G65",
      "rooms_address": "2194 Health Sciences Mall",
      "rooms_href": "http://students.ubc.ca/campus/discover/buildings-and-classrooms/room/WOOD-G65"
    },
    {
      "rooms_number": "G66",
      "rooms_address": "2194 Health Sciences Mall",
      "rooms_href": "http://students.ubc.ca/campus/discover/buildings-and-classrooms/room/WOOD-G66"
    }
  ]
}