{
  "errorMsg": "Invalid key type in IS",
  "title": "is_31_error",
  "input": {
    "WHERE": {
      "IS": {
        "courses_avg": 40
      }
    },
    "OPTIONS": {
      "COLUMNS": [
        "courses_avg",
        "courses_pass",
        "courses_fail",
        "courses_audit",
        "courses_year",
        "courses_dept",
        "courses_id",
        "courses_instructor",
        "courses_title",
        "courses_uuid"
      ],
      "ORDER": "rooms_number"
    }
  },
  "errorExpected": true,
  "with": "InsightError"
}