{
  "title": "IS_50",
  "input": {
    "WHERE": {
      "IS": {
        "courses_uuid": "10*"
      }
    },
    "OPTIONS": {
      "COLUMNS": [
        "courses_uuid"
      ],
      "ORDER": "courses_uuid"
    }
  },
  "errorExpected": false,
  "with": [
    {
      "courses_uuid": "10"
    },
    {
      "courses_uuid": "100"
    },
    {
      "courses_uuid": "1000"
    },
    {
      "courses_uuid": "10000"
    },
    {
      "courses_uuid": "10001"
    },
    {
      "courses_uuid": "10002"
    },
    {
      "courses_uuid": "10003"
    },
    {
      "courses_uuid": "10004"
    },
    {
      "courses_uuid": "10005"
    },
    {
      "courses_uuid": "10006"
    },
    {
      "courses_uuid": "10007"
    },
    {
      "courses_uuid": "10008"
    },
    {
      "courses_uuid": "10009"
    },
    {
      "courses_uuid": "1001"
    },
    {
      "courses_uuid": "10012"
    },
    {
      "courses_uuid": "10013"
    },
    {
      "courses_uuid": "10014"
    },
    {
      "courses_uuid": "10015"
    },
    {
      "courses_uuid": "10016"
    },
    {
      "courses_uuid": "10017"
    },
    {
      "courses_uuid": "10018"
    },
    {
      "courses_uuid": "10019"
    },
    {
      "courses_uuid": "1002"
    },
    {
      "courses_uuid": "10020"
    },
    {
      "courses_uuid": "10021"
    },
    {
      "courses_uuid": "1003"
    },
    {
      "courses_uuid": "1004"
    },
    {
      "courses_uuid": "1005"
    },
    {
      "courses_uuid": "1006"
    },
    {
      "courses_uuid": "1007"
    },
    {
      "courses_uuid": "1008"
    },
    {
      "courses_uuid": "1009"
    },
    {
      "courses_uuid": "101"
    },
    {
      "courses_uuid": "1010"
    },
    {
      "courses_uuid": "1011"
    },
    {
      "courses_uuid": "1012"
    },
    {
      "courses_uuid": "1013"
    },
    {
      "courses_uuid": "1014"
    },
    {
      "courses_uuid": "1015"
    },
    {
      "courses_uuid": "1016"
    },
    {
      "courses_uuid": "1017"
    },
    {
      "courses_uuid": "1018"
    },
    {
      "courses_uuid": "1019"
    },
    {
      "courses_uuid": "102"
    },
    {
      "courses_uuid": "1020"
    },
    {
      "courses_uuid": "1021"
    },
    {
      "courses_uuid": "1022"
    },
    {
      "courses_uuid": "10225"
    },
    {
      "courses_uuid": "10226"
    },
    {
      "courses_uuid": "10227"
    },
    {
      "courses_uuid": "10228"
    },
    {
      "courses_uuid": "10229"
    },
    {
      "courses_uuid": "1023"
    },
    {
      "courses_uuid": "10230"
    },
    {
      "courses_uuid": "10231"
    },
    {
      "courses_uuid": "10232"
    },
    {
      "courses_uuid": "10233"
    },
    {
      "courses_uuid": "10234"
    },
    {
      "courses_uuid": "10235"
    },
    {
      "courses_uuid": "10236"
    },
    {
      "courses_uuid": "10237"
    },
    {
      "courses_uuid": "10238"
    },
    {
      "courses_uuid": "10239"
    },
    {
      "courses_uuid": "1024"
    },
    {
      "courses_uuid": "10240"
    },
    {
      "courses_uuid": "10241"
    },
    {
      "courses_uuid": "10242"
    },
    {
      "courses_uuid": "10245"
    },
    {
      "courses_uuid": "10246"
    },
    {
      "courses_uuid": "10247"
    },
    {
      "courses_uuid": "10248"
    },
    {
      "courses_uuid": "10249"
    },
    {
      "courses_uuid": "1025"
    },
    {
      "courses_uuid": "10250"
    },
    {
      "courses_uuid": "10251"
    },
    {
      "courses_uuid": "10252"
    },
    {
      "courses_uuid": "10253"
    },
    {
      "courses_uuid": "10254"
    },
    {
      "courses_uuid": "10255"
    },
    {
      "courses_uuid": "10256"
    },
    {
      "courses_uuid": "10259"
    },
    {
      "courses_uuid": "1026"
    },
    {
      "courses_uuid": "10260"
    },
    {
      "courses_uuid": "10267"
    },
    {
      "courses_uuid": "10268"
    },
    {
      "courses_uuid": "10269"
    },
    {
      "courses_uuid": "1027"
    },
    {
      "courses_uuid": "10270"
    },
    {
      "courses_uuid": "10273"
    },
    {
      "courses_uuid": "10274"
    },
    {
      "courses_uuid": "10277"
    },
    {
      "courses_uuid": "10278"
    },
    {
      "courses_uuid": "1028"
    },
    {
      "courses_uuid": "10281"
    },
    {
      "courses_uuid": "10282"
    },
    {
      "courses_uuid": "10289"
    },
    {
      "courses_uuid": "1029"
    },
    {
      "courses_uuid": "10290"
    },
    {
      "courses_uuid": "10291"
    },
    {
      "courses_uuid": "10292"
    },
    {
      "courses_uuid": "10293"
    },
    {
      "courses_uuid": "10294"
    },
    {
      "courses_uuid": "103"
    },
    {
      "courses_uuid": "1030"
    },
    {
      "courses_uuid": "1031"
    },
    {
      "courses_uuid": "10317"
    },
    {
      "courses_uuid": "10318"
    },
    {
      "courses_uuid": "10319"
    },
    {
      "courses_uuid": "1032"
    },
    {
      "courses_uuid": "10320"
    },
    {
      "courses_uuid": "10321"
    },
    {
      "courses_uuid": "10322"
    },
    {
      "courses_uuid": "10323"
    },
    {
      "courses_uuid": "10324"
    },
    {
      "courses_uuid": "10325"
    },
    {
      "courses_uuid": "10326"
    },
    {
      "courses_uuid": "10327"
    },
    {
      "courses_uuid": "10328"
    },
    {
      "courses_uuid": "10329"
    },
    {
      "courses_uuid": "1033"
    },
    {
      "courses_uuid": "10330"
    },
    {
      "courses_uuid": "10331"
    },
    {
      "courses_uuid": "10332"
    },
    {
      "courses_uuid": "10333"
    },
    {
      "courses_uuid": "10334"
    },
    {
      "courses_uuid": "10335"
    },
    {
      "courses_uuid": "10336"
    },
    {
      "courses_uuid": "10337"
    },
    {
      "courses_uuid": "10338"
    },
    {
      "courses_uuid": "10339"
    },
    {
      "courses_uuid": "1034"
    },
    {
      "courses_uuid": "10340"
    },
    {
      "courses_uuid": "10341"
    },
    {
      "courses_uuid": "10342"
    },
    {
      "courses_uuid": "10343"
    },
    {
      "courses_uuid": "10344"
    },
    {
      "courses_uuid": "10345"
    },
    {
      "courses_uuid": "10346"
    },
    {
      "courses_uuid": "10347"
    },
    {
      "courses_uuid": "10348"
    },
    {
      "courses_uuid": "10349"
    },
    {
      "courses_uuid": "1035"
    },
    {
      "courses_uuid": "10350"
    },
    {
      "courses_uuid": "10351"
    },
    {
      "courses_uuid": "10352"
    },
    {
      "courses_uuid": "10353"
    },
    {
      "courses_uuid": "10354"
    },
    {
      "courses_uuid": "10355"
    },
    {
      "courses_uuid": "10356"
    },
    {
      "courses_uuid": "10357"
    },
    {
      "courses_uuid": "1036"
    },
    {
      "courses_uuid": "10360"
    },
    {
      "courses_uuid": "10361"
    },
    {
      "courses_uuid": "10362"
    },
    {
      "courses_uuid": "10363"
    },
    {
      "courses_uuid": "10364"
    },
    {
      "courses_uuid": "10365"
    },
    {
      "courses_uuid": "10366"
    },
    {
      "courses_uuid": "10367"
    },
    {
      "courses_uuid": "10368"
    },
    {
      "courses_uuid": "10369"
    },
    {
      "courses_uuid": "1037"
    },
    {
      "courses_uuid": "10370"
    },
    {
      "courses_uuid": "10371"
    },
    {
      "courses_uuid": "10372"
    },
    {
      "courses_uuid": "10373"
    },
    {
      "courses_uuid": "10376"
    },
    {
      "courses_uuid": "10377"
    },
    {
      "courses_uuid": "10378"
    },
    {
      "courses_uuid": "10379"
    },
    {
      "courses_uuid": "1038"
    },
    {
      "courses_uuid": "10385"
    },
    {
      "courses_uuid": "10386"
    },
    {
      "courses_uuid": "10387"
    },
    {
      "courses_uuid": "10388"
    },
    {
      "courses_uuid": "10389"
    },
    {
      "courses_uuid": "1039"
    },
    {
      "courses_uuid": "10390"
    },
    {
      "courses_uuid": "10391"
    },
    {
      "courses_uuid": "10392"
    },
    {
      "courses_uuid": "10393"
    },
    {
      "courses_uuid": "10394"
    },
    {
      "courses_uuid": "10395"
    },
    {
      "courses_uuid": "10396"
    },
    {
      "courses_uuid": "10397"
    },
    {
      "courses_uuid": "10398"
    },
    {
      "courses_uuid": "10399"
    },
    {
      "courses_uuid": "104"
    },
    {
      "courses_uuid": "1040"
    },
    {
      "courses_uuid": "10400"
    },
    {
      "courses_uuid": "10401"
    },
    {
      "courses_uuid": "10402"
    },
    {
      "courses_uuid": "10403"
    },
    {
      "courses_uuid": "10404"
    },
    {
      "courses_uuid": "10405"
    },
    {
      "courses_uuid": "10406"
    },
    {
      "courses_uuid": "10407"
    },
    {
      "courses_uuid": "10408"
    },
    {
      "courses_uuid": "10409"
    },
    {
      "courses_uuid": "1041"
    },
    {
      "courses_uuid": "10410"
    },
    {
      "courses_uuid": "10411"
    },
    {
      "courses_uuid": "10412"
    },
    {
      "courses_uuid": "10413"
    },
    {
      "courses_uuid": "10414"
    },
    {
      "courses_uuid": "10415"
    },
    {
      "courses_uuid": "10416"
    },
    {
      "courses_uuid": "10417"
    },
    {
      "courses_uuid": "10418"
    },
    {
      "courses_uuid": "10419"
    },
    {
      "courses_uuid": "1042"
    },
    {
      "courses_uuid": "10420"
    },
    {
      "courses_uuid": "10425"
    },
    {
      "courses_uuid": "10426"
    },
    {
      "courses_uuid": "10427"
    },
    {
      "courses_uuid": "10428"
    },
    {
      "courses_uuid": "10429"
    },
    {
      "courses_uuid": "1043"
    },
    {
      "courses_uuid": "10430"
    },
    {
      "courses_uuid": "10431"
    },
    {
      "courses_uuid": "10432"
    },
    {
      "courses_uuid": "10433"
    },
    {
      "courses_uuid": "10434"
    },
    {
      "courses_uuid": "10435"
    },
    {
      "courses_uuid": "10436"
    },
    {
      "courses_uuid": "10437"
    },
    {
      "courses_uuid": "10438"
    },
    {
      "courses_uuid": "1044"
    },
    {
      "courses_uuid": "10441"
    },
    {
      "courses_uuid": "10442"
    },
    {
      "courses_uuid": "10443"
    },
    {
      "courses_uuid": "10444"
    },
    {
      "courses_uuid": "10445"
    },
    {
      "courses_uuid": "10446"
    },
    {
      "courses_uuid": "10447"
    },
    {
      "courses_uuid": "10448"
    },
    {
      "courses_uuid": "1045"
    },
    {
      "courses_uuid": "10451"
    },
    {
      "courses_uuid": "10452"
    },
    {
      "courses_uuid": "10457"
    },
    {
      "courses_uuid": "10458"
    },
    {
      "courses_uuid": "1046"
    },
    {
      "courses_uuid": "10463"
    },
    {
      "courses_uuid": "10464"
    },
    {
      "courses_uuid": "10467"
    },
    {
      "courses_uuid": "10468"
    },
    {
      "courses_uuid": "1047"
    },
    {
      "courses_uuid": "10473"
    },
    {
      "courses_uuid": "10474"
    },
    {
      "courses_uuid": "10478"
    },
    {
      "courses_uuid": "10479"
    },
    {
      "courses_uuid": "1048"
    },
    {
      "courses_uuid": "10480"
    },
    {
      "courses_uuid": "10481"
    },
    {
      "courses_uuid": "10482"
    },
    {
      "courses_uuid": "10483"
    },
    {
      "courses_uuid": "10484"
    },
    {
      "courses_uuid": "10485"
    },
    {
      "courses_uuid": "10486"
    },
    {
      "courses_uuid": "10487"
    },
    {
      "courses_uuid": "10488"
    },
    {
      "courses_uuid": "10489"
    },
    {
      "courses_uuid": "1049"
    },
    {
      "courses_uuid": "10490"
    },
    {
      "courses_uuid": "10491"
    },
    {
      "courses_uuid": "10492"
    },
    {
      "courses_uuid": "10493"
    },
    {
      "courses_uuid": "10494"
    },
    {
      "courses_uuid": "10495"
    },
    {
      "courses_uuid": "10498"
    },
    {
      "courses_uuid": "10499"
    },
    {
      "courses_uuid": "105"
    },
    {
      "courses_uuid": "1050"
    },
    {
      "courses_uuid": "10500"
    },
    {
      "courses_uuid": "10501"
    },
    {
      "courses_uuid": "10502"
    },
    {
      "courses_uuid": "10503"
    },
    {
      "courses_uuid": "10504"
    },
    {
      "courses_uuid": "10505"
    },
    {
      "courses_uuid": "10506"
    },
    {
      "courses_uuid": "10507"
    },
    {
      "courses_uuid": "10508"
    },
    {
      "courses_uuid": "10509"
    },
    {
      "courses_uuid": "1051"
    },
    {
      "courses_uuid": "10510"
    },
    {
      "courses_uuid": "10511"
    },
    {
      "courses_uuid": "10512"
    },
    {
      "courses_uuid": "10513"
    },
    {
      "courses_uuid": "10514"
    },
    {
      "courses_uuid": "10515"
    },
    {
      "courses_uuid": "10516"
    },
    {
      "courses_uuid": "10517"
    },
    {
      "courses_uuid": "10518"
    },
    {
      "courses_uuid": "10519"
    },
    {
      "courses_uuid": "1052"
    },
    {
      "courses_uuid": "10520"
    },
    {
      "courses_uuid": "10521"
    },
    {
      "courses_uuid": "10522"
    },
    {
      "courses_uuid": "10523"
    },
    {
      "courses_uuid": "10524"
    },
    {
      "courses_uuid": "10525"
    },
    {
      "courses_uuid": "10526"
    },
    {
      "courses_uuid": "10527"
    },
    {
      "courses_uuid": "10528"
    },
    {
      "courses_uuid": "10529"
    },
    {
      "courses_uuid": "1053"
    },
    {
      "courses_uuid": "10530"
    },
    {
      "courses_uuid": "10531"
    },
    {
      "courses_uuid": "10535"
    },
    {
      "courses_uuid": "10536"
    },
    {
      "courses_uuid": "10537"
    },
    {
      "courses_uuid": "10538"
    },
    {
      "courses_uuid": "10539"
    },
    {
      "courses_uuid": "1054"
    },
    {
      "courses_uuid": "10540"
    },
    {
      "courses_uuid": "10541"
    },
    {
      "courses_uuid": "10542"
    },
    {
      "courses_uuid": "10543"
    },
    {
      "courses_uuid": "10544"
    },
    {
      "courses_uuid": "10545"
    },
    {
      "courses_uuid": "10546"
    },
    {
      "courses_uuid": "10547"
    },
    {
      "courses_uuid": "10548"
    },
    {
      "courses_uuid": "1055"
    },
    {
      "courses_uuid": "10554"
    },
    {
      "courses_uuid": "10555"
    },
    {
      "courses_uuid": "10556"
    },
    {
      "courses_uuid": "10557"
    },
    {
      "courses_uuid": "10558"
    },
    {
      "courses_uuid": "10559"
    },
    {
      "courses_uuid": "1056"
    },
    {
      "courses_uuid": "10560"
    },
    {
      "courses_uuid": "10561"
    },
    {
      "courses_uuid": "10562"
    },
    {
      "courses_uuid": "10563"
    },
    {
      "courses_uuid": "10564"
    },
    {
      "courses_uuid": "1057"
    },
    {
      "courses_uuid": "10577"
    },
    {
      "courses_uuid": "10578"
    },
    {
      "courses_uuid": "10579"
    },
    {
      "courses_uuid": "1058"
    },
    {
      "courses_uuid": "10580"
    },
    {
      "courses_uuid": "10581"
    },
    {
      "courses_uuid": "10582"
    },
    {
      "courses_uuid": "10583"
    },
    {
      "courses_uuid": "10584"
    },
    {
      "courses_uuid": "10585"
    },
    {
      "courses_uuid": "10586"
    },
    {
      "courses_uuid": "10587"
    },
    {
      "courses_uuid": "10588"
    },
    {
      "courses_uuid": "10589"
    },
    {
      "courses_uuid": "1059"
    },
    {
      "courses_uuid": "10590"
    },
    {
      "courses_uuid": "10591"
    },
    {
      "courses_uuid": "10592"
    },
    {
      "courses_uuid": "10593"
    },
    {
      "courses_uuid": "10594"
    },
    {
      "courses_uuid": "10595"
    },
    {
      "courses_uuid": "10596"
    },
    {
      "courses_uuid": "10597"
    },
    {
      "courses_uuid": "10598"
    },
    {
      "courses_uuid": "10599"
    },
    {
      "courses_uuid": "106"
    },
    {
      "courses_uuid": "1060"
    },
    {
      "courses_uuid": "10600"
    },
    {
      "courses_uuid": "10609"
    },
    {
      "courses_uuid": "1061"
    },
    {
      "courses_uuid": "10610"
    },
    {
      "courses_uuid": "10613"
    },
    {
      "courses_uuid": "10614"
    },
    {
      "courses_uuid": "10615"
    },
    {
      "courses_uuid": "10616"
    },
    {
      "courses_uuid": "10617"
    },
    {
      "courses_uuid": "10618"
    },
    {
      "courses_uuid": "10619"
    },
    {
      "courses_uuid": "1062"
    },
    {
      "courses_uuid": "10620"
    },
    {
      "courses_uuid": "10621"
    },
    {
      "courses_uuid": "10622"
    },
    {
      "courses_uuid": "10623"
    },
    {
      "courses_uuid": "10624"
    },
    {
      "courses_uuid": "10625"
    },
    {
      "courses_uuid": "10626"
    },
    {
      "courses_uuid": "10627"
    },
    {
      "courses_uuid": "10628"
    },
    {
      "courses_uuid": "10629"
    },
    {
      "courses_uuid": "1063"
    },
    {
      "courses_uuid": "10630"
    },
    {
      "courses_uuid": "10631"
    },
    {
      "courses_uuid": "10632"
    },
    {
      "courses_uuid": "10633"
    },
    {
      "courses_uuid": "10634"
    },
    {
      "courses_uuid": "10635"
    },
    {
      "courses_uuid": "10638"
    },
    {
      "courses_uuid": "10639"
    },
    {
      "courses_uuid": "1064"
    },
    {
      "courses_uuid": "10640"
    },
    {
      "courses_uuid": "10641"
    },
    {
      "courses_uuid": "10644"
    },
    {
      "courses_uuid": "10645"
    },
    {
      "courses_uuid": "10646"
    },
    {
      "courses_uuid": "10647"
    },
    {
      "courses_uuid": "10648"
    },
    {
      "courses_uuid": "10649"
    },
    {
      "courses_uuid": "1065"
    },
    {
      "courses_uuid": "10652"
    },
    {
      "courses_uuid": "10653"
    },
    {
      "courses_uuid": "10654"
    },
    {
      "courses_uuid": "10655"
    },
    {
      "courses_uuid": "10656"
    },
    {
      "courses_uuid": "10657"
    },
    {
      "courses_uuid": "10658"
    },
    {
      "courses_uuid": "10659"
    },
    {
      "courses_uuid": "1066"
    },
    {
      "courses_uuid": "1067"
    },
    {
      "courses_uuid": "10670"
    },
    {
      "courses_uuid": "10671"
    },
    {
      "courses_uuid": "10684"
    },
    {
      "courses_uuid": "10685"
    },
    {
      "courses_uuid": "10696"
    },
    {
      "courses_uuid": "10697"
    },
    {
      "courses_uuid": "107"
    },
    {
      "courses_uuid": "10705"
    },
    {
      "courses_uuid": "10706"
    },
    {
      "courses_uuid": "10713"
    },
    {
      "courses_uuid": "10714"
    },
    {
      "courses_uuid": "10715"
    },
    {
      "courses_uuid": "10716"
    },
    {
      "courses_uuid": "10717"
    },
    {
      "courses_uuid": "10718"
    },
    {
      "courses_uuid": "10723"
    },
    {
      "courses_uuid": "10724"
    },
    {
      "courses_uuid": "10725"
    },
    {
      "courses_uuid": "10726"
    },
    {
      "courses_uuid": "10727"
    },
    {
      "courses_uuid": "10728"
    },
    {
      "courses_uuid": "10729"
    },
    {
      "courses_uuid": "10730"
    },
    {
      "courses_uuid": "10731"
    },
    {
      "courses_uuid": "10732"
    },
    {
      "courses_uuid": "10733"
    },
    {
      "courses_uuid": "10734"
    },
    {
      "courses_uuid": "10735"
    },
    {
      "courses_uuid": "10736"
    },
    {
      "courses_uuid": "10737"
    },
    {
      "courses_uuid": "10738"
    },
    {
      "courses_uuid": "10739"
    },
    {
      "courses_uuid": "10740"
    },
    {
      "courses_uuid": "10741"
    },
    {
      "courses_uuid": "10742"
    },
    {
      "courses_uuid": "10743"
    },
    {
      "courses_uuid": "10744"
    },
    {
      "courses_uuid": "10745"
    },
    {
      "courses_uuid": "10746"
    },
    {
      "courses_uuid": "10747"
    },
    {
      "courses_uuid": "10748"
    },
    {
      "courses_uuid": "10749"
    },
    {
      "courses_uuid": "1075"
    },
    {
      "courses_uuid": "10750"
    },
    {
      "courses_uuid": "10751"
    },
    {
      "courses_uuid": "10754"
    },
    {
      "courses_uuid": "10755"
    },
    {
      "courses_uuid": "10756"
    },
    {
      "courses_uuid": "10757"
    },
    {
      "courses_uuid": "10758"
    },
    {
      "courses_uuid": "10759"
    },
    {
      "courses_uuid": "1076"
    },
    {
      "courses_uuid": "10763"
    },
    {
      "courses_uuid": "10764"
    },
    {
      "courses_uuid": "10765"
    },
    {
      "courses_uuid": "10766"
    },
    {
      "courses_uuid": "10769"
    },
    {
      "courses_uuid": "1077"
    },
    {
      "courses_uuid": "10770"
    },
    {
      "courses_uuid": "10771"
    },
    {
      "courses_uuid": "10772"
    },
    {
      "courses_uuid": "10773"
    },
    {
      "courses_uuid": "10774"
    },
    {
      "courses_uuid": "10775"
    },
    {
      "courses_uuid": "10776"
    },
    {
      "courses_uuid": "10777"
    },
    {
      "courses_uuid": "10778"
    },
    {
      "courses_uuid": "10779"
    },
    {
      "courses_uuid": "1078"
    },
    {
      "courses_uuid": "10780"
    },
    {
      "courses_uuid": "10781"
    },
    {
      "courses_uuid": "10782"
    },
    {
      "courses_uuid": "10783"
    },
    {
      "courses_uuid": "10784"
    },
    {
      "courses_uuid": "10785"
    },
    {
      "courses_uuid": "10786"
    },
    {
      "courses_uuid": "10787"
    },
    {
      "courses_uuid": "10788"
    },
    {
      "courses_uuid": "10789"
    },
    {
      "courses_uuid": "1079"
    },
    {
      "courses_uuid": "10790"
    },
    {
      "courses_uuid": "10791"
    },
    {
      "courses_uuid": "10792"
    },
    {
      "courses_uuid": "10793"
    },
    {
      "courses_uuid": "10794"
    },
    {
      "courses_uuid": "10795"
    },
    {
      "courses_uuid": "10796"
    },
    {
      "courses_uuid": "10797"
    },
    {
      "courses_uuid": "10798"
    },
    {
      "courses_uuid": "10799"
    },
    {
      "courses_uuid": "108"
    },
    {
      "courses_uuid": "1080"
    },
    {
      "courses_uuid": "10800"
    },
    {
      "courses_uuid": "10801"
    },
    {
      "courses_uuid": "10802"
    },
    {
      "courses_uuid": "10803"
    },
    {
      "courses_uuid": "10804"
    },
    {
      "courses_uuid": "10805"
    },
    {
      "courses_uuid": "10806"
    },
    {
      "courses_uuid": "10807"
    },
    {
      "courses_uuid": "1081"
    },
    {
      "courses_uuid": "10810"
    },
    {
      "courses_uuid": "10811"
    },
    {
      "courses_uuid": "10812"
    },
    {
      "courses_uuid": "10813"
    },
    {
      "courses_uuid": "10816"
    },
    {
      "courses_uuid": "10817"
    },
    {
      "courses_uuid": "10818"
    },
    {
      "courses_uuid": "10819"
    },
    {
      "courses_uuid": "1082"
    },
    {
      "courses_uuid": "10820"
    },
    {
      "courses_uuid": "10821"
    },
    {
      "courses_uuid": "10822"
    },
    {
      "courses_uuid": "10823"
    },
    {
      "courses_uuid": "10824"
    },
    {
      "courses_uuid": "10825"
    },
    {
      "courses_uuid": "10826"
    },
    {
      "courses_uuid": "10827"
    },
    {
      "courses_uuid": "10828"
    },
    {
      "courses_uuid": "10829"
    },
    {
      "courses_uuid": "1083"
    },
    {
      "courses_uuid": "10830"
    },
    {
      "courses_uuid": "10831"
    },
    {
      "courses_uuid": "10832"
    },
    {
      "courses_uuid": "10833"
    },
    {
      "courses_uuid": "10834"
    },
    {
      "courses_uuid": "10835"
    },
    {
      "courses_uuid": "1084"
    },
    {
      "courses_uuid": "10840"
    },
    {
      "courses_uuid": "10841"
    },
    {
      "courses_uuid": "10842"
    },
    {
      "courses_uuid": "10843"
    },
    {
      "courses_uuid": "10844"
    },
    {
      "courses_uuid": "10845"
    },
    {
      "courses_uuid": "10846"
    },
    {
      "courses_uuid": "10847"
    },
    {
      "courses_uuid": "10848"
    },
    {
      "courses_uuid": "10849"
    },
    {
      "courses_uuid": "10850"
    },
    {
      "courses_uuid": "10851"
    },
    {
      "courses_uuid": "10852"
    },
    {
      "courses_uuid": "10853"
    },
    {
      "courses_uuid": "10856"
    },
    {
      "courses_uuid": "10857"
    },
    {
      "courses_uuid": "10858"
    },
    {
      "courses_uuid": "10859"
    },
    {
      "courses_uuid": "10860"
    },
    {
      "courses_uuid": "10861"
    },
    {
      "courses_uuid": "1088"
    },
    {
      "courses_uuid": "10885"
    },
    {
      "courses_uuid": "10886"
    },
    {
      "courses_uuid": "10889"
    },
    {
      "courses_uuid": "1089"
    },
    {
      "courses_uuid": "10890"
    },
    {
      "courses_uuid": "10891"
    },
    {
      "courses_uuid": "10892"
    },
    {
      "courses_uuid": "10893"
    },
    {
      "courses_uuid": "10894"
    },
    {
      "courses_uuid": "10895"
    },
    {
      "courses_uuid": "10896"
    },
    {
      "courses_uuid": "10897"
    },
    {
      "courses_uuid": "10898"
    },
    {
      "courses_uuid": "10899"
    },
    {
      "courses_uuid": "109"
    },
    {
      "courses_uuid": "1090"
    },
    {
      "courses_uuid": "10900"
    },
    {
      "courses_uuid": "10901"
    },
    {
      "courses_uuid": "10902"
    },
    {
      "courses_uuid": "10903"
    },
    {
      "courses_uuid": "10904"
    },
    {
      "courses_uuid": "10905"
    },
    {
      "courses_uuid": "10906"
    },
    {
      "courses_uuid": "10907"
    },
    {
      "courses_uuid": "10908"
    },
    {
      "courses_uuid": "10909"
    },
    {
      "courses_uuid": "1091"
    },
    {
      "courses_uuid": "10910"
    },
    {
      "courses_uuid": "10911"
    },
    {
      "courses_uuid": "10912"
    },
    {
      "courses_uuid": "10913"
    },
    {
      "courses_uuid": "10914"
    },
    {
      "courses_uuid": "10915"
    },
    {
      "courses_uuid": "10916"
    },
    {
      "courses_uuid": "10917"
    },
    {
      "courses_uuid": "10918"
    },
    {
      "courses_uuid": "10919"
    },
    {
      "courses_uuid": "1092"
    },
    {
      "courses_uuid": "10920"
    },
    {
      "courses_uuid": "10921"
    },
    {
      "courses_uuid": "10922"
    },
    {
      "courses_uuid": "10923"
    },
    {
      "courses_uuid": "10924"
    },
    {
      "courses_uuid": "10925"
    },
    {
      "courses_uuid": "10926"
    },
    {
      "courses_uuid": "10927"
    },
    {
      "courses_uuid": "10928"
    },
    {
      "courses_uuid": "10929"
    },
    {
      "courses_uuid": "1093"
    },
    {
      "courses_uuid": "10930"
    },
    {
      "courses_uuid": "10931"
    },
    {
      "courses_uuid": "10932"
    },
    {
      "courses_uuid": "10933"
    },
    {
      "courses_uuid": "10934"
    },
    {
      "courses_uuid": "10935"
    },
    {
      "courses_uuid": "10936"
    },
    {
      "courses_uuid": "10937"
    },
    {
      "courses_uuid": "10938"
    },
    {
      "courses_uuid": "10939"
    },
    {
      "courses_uuid": "1094"
    },
    {
      "courses_uuid": "10942"
    },
    {
      "courses_uuid": "10943"
    },
    {
      "courses_uuid": "10944"
    },
    {
      "courses_uuid": "10945"
    },
    {
      "courses_uuid": "10946"
    },
    {
      "courses_uuid": "10947"
    },
    {
      "courses_uuid": "10948"
    },
    {
      "courses_uuid": "10949"
    },
    {
      "courses_uuid": "1095"
    },
    {
      "courses_uuid": "10950"
    },
    {
      "courses_uuid": "10951"
    },
    {
      "courses_uuid": "10954"
    },
    {
      "courses_uuid": "10955"
    },
    {
      "courses_uuid": "10956"
    },
    {
      "courses_uuid": "10957"
    },
    {
      "courses_uuid": "10958"
    },
    {
      "courses_uuid": "10959"
    },
    {
      "courses_uuid": "1096"
    },
    {
      "courses_uuid": "1097"
    },
    {
      "courses_uuid": "10972"
    },
    {
      "courses_uuid": "10973"
    },
    {
      "courses_uuid": "10974"
    },
    {
      "courses_uuid": "10975"
    },
    {
      "courses_uuid": "10976"
    },
    {
      "courses_uuid": "10977"
    },
    {
      "courses_uuid": "10978"
    },
    {
      "courses_uuid": "10979"
    },
    {
      "courses_uuid": "1098"
    },
    {
      "courses_uuid": "10982"
    },
    {
      "courses_uuid": "10983"
    },
    {
      "courses_uuid": "1099"
    }
  ]
}