{
  "title": "IS_5",
  "input": {
    "WHERE": {
      "IS": {
        "rooms_fullname": "*h"
      }
    },
    "OPTIONS": {
      "COLUMNS": [
        "rooms_lat",
        "rooms_lon",
        "rooms_seats",
        "rooms_fullname",
        "rooms_shortname",
        "rooms_number",
        "rooms_address",
        "rooms_type",
        "rooms_furniture",
        "rooms_href"
      ],
      "ORDER": "rooms_lat"
    }
  },
  "errorExpected": false,
  "with": [
    {
      "rooms_lat": 49.26414,
      "rooms_lon": -123.24959,
      "rooms_seats": 12,
      "rooms_fullname": "Food, Nutrition and Health",
      "rooms_shortname": "FNH",
      "rooms_number": "20",
      "rooms_address": "2205 East Mall",
      "rooms_type": "Small Group",
      "rooms_furniture": "Classroom-Movable Tablets",
      "rooms_href": "http://students.ubc.ca/campus/discover/buildings-and-classrooms/room/FNH-20"
    },
    {
      "rooms_lat": 49.26414,
      "rooms_lon": -123.24959,
      "rooms_seats": 28,
      "rooms_fullname": "Food, Nutrition and Health",
      "rooms_shortname": "FNH",
      "rooms_number": "30",
      "rooms_address": "2205 East Mall",
      "rooms_type": "Small Group",
      "rooms_furniture": "Classroom-Movable Tables & Chairs",
      "rooms_href": "http://students.ubc.ca/campus/discover/buildings-and-classrooms/room/FNH-30"
    },
    {
      "rooms_lat": 49.26414,
      "rooms_lon": -123.24959,
      "rooms_seats": 27,
      "rooms_fullname": "Food, Nutrition and Health",
      "rooms_shortname": "FNH",
      "rooms_number": "320",
      "rooms_address": "2205 East Mall",
      "rooms_type": "Small Group",
      "rooms_furniture": "Classroom-Movable Tablets",
      "rooms_href": "http://students.ubc.ca/campus/discover/buildings-and-classrooms/room/FNH-320"
    },
    {
      "rooms_lat": 49.26414,
      "rooms_lon": -123.24959,
      "rooms_seats": 54,
      "rooms_fullname": "Food, Nutrition and Health",
      "rooms_shortname": "FNH",
      "rooms_number": "40",
      "rooms_address": "2205 East Mall",
      "rooms_type": "Open Design General Purpose",
      "rooms_furniture": "Classroom-Movable Tablets",
      "rooms_href": "http://students.ubc.ca/campus/discover/buildings-and-classrooms/room/FNH-40"
    },
    {
      "rooms_lat": 49.26414,
      "rooms_lon": -123.24959,
      "rooms_seats": 43,
      "rooms_fullname": "Food, Nutrition and Health",
      "rooms_shortname": "FNH",
      "rooms_number": "50",
      "rooms_address": "2205 East Mall",
      "rooms_type": "Open Design General Purpose",
      "rooms_furniture": "Classroom-Movable Tablets",
      "rooms_href": "http://students.ubc.ca/campus/discover/buildings-and-classrooms/room/FNH-50"
    },
    {
      "rooms_lat": 49.26414,
      "rooms_lon": -123.24959,
      "rooms_seats": 99,
      "rooms_fullname": "Food, Nutrition and Health",
      "rooms_shortname": "FNH",
      "rooms_number": "60",
      "rooms_address": "2205 East Mall",
      "rooms_type": "Tiered Large Group",
      "rooms_furniture": "Classroom-Fixed Tablets",
      "rooms_href": "http://students.ubc.ca/campus/discover/buildings-and-classrooms/room/FNH-60"
    },
    {
      "rooms_lat": 49.2642,
      "rooms_lon": -123.24842,
      "rooms_seats": 28,
      "rooms_fullname": "School of Population and Public Health",
      "rooms_shortname": "SPPH",
      "rooms_number": "143",
      "rooms_address": "2206 East Mall",
      "rooms_type": "Small Group",
      "rooms_furniture": "Classroom-Fixed Tables/Movable Chairs",
      "rooms_href": "http://students.ubc.ca/campus/discover/buildings-and-classrooms/room/SPPH-143"
    },
    {
      "rooms_lat": 49.2642,
      "rooms_lon": -123.24842,
      "rooms_seats": 30,
      "rooms_fullname": "School of Population and Public Health",
      "rooms_shortname": "SPPH",
      "rooms_number": "B108",
      "rooms_address": "2206 East Mall",
      "rooms_type": "Small Group",
      "rooms_furniture": "Classroom-Fixed Tables/Movable Chairs",
      "rooms_href": "http://students.ubc.ca/campus/discover/buildings-and-classrooms/room/SPPH-B108"
    },
    {
      "rooms_lat": 49.2642,
      "rooms_lon": -123.24842,
      "rooms_seats": 16,
      "rooms_fullname": "School of Population and Public Health",
      "rooms_shortname": "SPPH",
      "rooms_number": "B112",
      "rooms_address": "2206 East Mall",
      "rooms_type": "Small Group",
      "rooms_furniture": "Classroom-Movable Tables & Chairs",
      "rooms_href": "http://students.ubc.ca/campus/discover/buildings-and-classrooms/room/SPPH-B112"
    },
    {
      "rooms_lat": 49.2642,
      "rooms_lon": -123.24842,
      "rooms_seats": 12,
      "rooms_fullname": "School of Population and Public Health",
      "rooms_shortname": "SPPH",
      "rooms_number": "B136",
      "rooms_address": "2206 East Mall",
      "rooms_type": "Small Group",
      "rooms_furniture": "Classroom-Movable Tables & Chairs",
      "rooms_href": "http://students.ubc.ca/campus/discover/buildings-and-classrooms/room/SPPH-B136"
    },
    {
      "rooms_lat": 49.2642,
      "rooms_lon": -123.24842,
      "rooms_seats": 14,
      "rooms_fullname": "School of Population and Public Health",
      "rooms_shortname": "SPPH",
      "rooms_number": "B138",
      "rooms_address": "2206 East Mall",
      "rooms_type": "Small Group",
      "rooms_furniture": "Classroom-Movable Tables & Chairs",
      "rooms_href": "http://students.ubc.ca/campus/discover/buildings-and-classrooms/room/SPPH-B138"
    },
    {
      "rooms_lat": 49.2642,
      "rooms_lon": -123.24842,
      "rooms_seats": 66,
      "rooms_fullname": "School of Population and Public Health",
      "rooms_shortname": "SPPH",
      "rooms_number": "B151",
      "rooms_address": "2206 East Mall",
      "rooms_type": "Open Design General Purpose",
      "rooms_furniture": "Classroom-Fixed Tables/Movable Chairs",
      "rooms_href": "http://students.ubc.ca/campus/discover/buildings-and-classrooms/room/SPPH-B151"
    }
  ]
}