{
  "errorMsg": "LT should only have 1 key, has 0",
  "title": "LT_1_error",
  "input": {
    "WHERE": {
      "LT": {}
    },
    "OPTIONS": {
      "COLUMNS": [
        "courses_avg",
        "courses_pass",
        "courses_fail",
        "courses_audit",
        "courses_year",
        "courses_dept",
        "courses_id",
        "courses_instructor",
        "courses_title",
        "courses_uuid"
      ],
      "ORDER": "courses_avg"
    }
  },
  "errorExpected": true,
  "with": "InsightError"
}