{
  "errorMsg": "The result is too big. Only queries with a maximum of 5000 results are supported.",
  "title": "LT_3_error",
  "input": {
    "WHERE": {
      "LT": {
        "courses_pass": 35
      }
    },
    "OPTIONS": {
      "COLUMNS": [
        "courses_pass",
        "courses_fail",
        "courses_audit",
        "courses_year",
        "courses_dept",
        "courses_id",
        "courses_instructor",
        "courses_title",
        "courses_uuid"
      ],
      "ORDER": "courses_pass"
    }
  },
  "errorExpected": true,
  "with": "ResultTooLargeError"
}