{
  "errorMsg": "ORDER key must be in COLUMNS",
  "title": "LT_4_error",
  "input": {
    "WHERE": {
      "LT": {
        "courses_pass": 35
      }
    },
    "OPTIONS": {
      "COLUMNS": [
        "courses_pass",
        "courses_fail",
        "courses_audit",
        "courses_year",
        "courses_dept",
        "courses_id",
        "courses_instructor",
        "courses_title",
        "courses_uuid"
      ],
      "ORDER": "courses_avg"
    }
  },
  "errorExpected": true,
  "with": "InsightError"
}