{
  "errorMsg": "The result is too big. Only queries with a maximum of 5000 results are supported.",
  "title": "LT_6_error",
  "input": {
    "WHERE": {
      "LT": {
        "courses_fail": 1
      }
    },
    "OPTIONS": {
      "COLUMNS": [
        "courses_fail",
        "courses_audit",
        "courses_year",
        "courses_dept",
        "courses_id",
        "courses_instructor",
        "courses_title",
        "courses_uuid"
      ],
      "ORDER": "courses_fail"
    }
  },
  "errorExpected": true,
  "with": "ResultTooLargeError"
}