{
  "title": "OR",
  "input": {
    "WHERE": {
      "OR": [
        {
          "LT": {
            "courses_avg": 40
          }
        },
        {
          "EQ": {
            "courses_fail": 90
          }
        }
      ]
    },
    "OPTIONS": {
      "COLUMNS": [
        "courses_dept",
        "overallAvg"
      ]
    },
    "TRANSFORMATIONS": {
      "GROUP": [
        "courses_dept"
      ],
      "APPLY": [
        {
          "overallAvg": {
            "AVG": "courses_avg"
          }
        }
      ]
    }
  },
  "errorExpected": false,
  "with": [
    {
      "courses_dept": "busi",
      "overallAvg": 4
    },
    {
      "courses_dept": "civl",
      "overallAvg": 33
    },
    {
      "courses_dept": "educ",
      "overallAvg": 39.03
    },
    {
      "courses_dept": "fopr",
      "overallAvg": 4.5
    },
    {
      "courses_dept": "frst",
      "overallAvg": 0
    },
    {
      "courses_dept": "hist",
      "overallAvg": 34
    },
    {
      "courses_dept": "lfs",
      "overallAvg": 0
    },
    {
      "courses_dept": "math",
      "overallAvg": 62.37
    },
    {
      "courses_dept": "phil",
      "overallAvg": 33.2
    },
    {
      "courses_dept": "phys",
      "overallAvg": 76.57
    },
    {
      "courses_dept": "psyc",
      "overallAvg": 67.82
    },
    {
      "courses_dept": "wood",
      "overallAvg": 1
    }
  ]
}