{
  "title": "OR_16",
  "input": {
    "WHERE": {
      "OR": [
        {
          "LT": {
            "courses_avg": 40
          }
        },
        {
          "EQ": {
            "courses_fail": 90
          }
        }
      ]
    },
    "OPTIONS": {
      "COLUMNS": [
        "courses_dept",
        "courses_avg",
        "courses_pass",
        "courses_fail",
        "courses_audit",
        "courses_instructor",
        "courses_audit"
      ],
      "ORDER": "courses_audit"
    }
  },
  "errorExpected": false,
  "with": [
    {
      "courses_dept": "busi",
      "courses_avg": 4,
      "courses_pass": 0,
      "courses_fail": 1,
      "courses_audit": 0,
      "courses_instructor": ""
    },
    {
      "courses_dept": "busi",
      "courses_avg": 4,
      "courses_pass": 0,
      "courses_fail": 1,
      "courses_audit": 0,
      "courses_instructor": ""
    },
    {
      "courses_dept": "civl",
      "courses_avg": 33,
      "courses_pass": 1,
      "courses_fail": 3,
      "courses_audit": 0,
      "courses_instructor": ""
    },
    {
      "courses_dept": "educ",
      "courses_avg": 39.03,
      "courses_pass": 39,
      "courses_fail": 34,
      "courses_audit": 0,
      "courses_instructor": "james, kedrick"
    },
    {
      "courses_dept": "educ",
      "courses_avg": 39.03,
      "courses_pass": 39,
      "courses_fail": 34,
      "courses_audit": 0,
      "courses_instructor": ""
    },
    {
      "courses_dept": "fopr",
      "courses_avg": 4.5,
      "courses_pass": 0,
      "courses_fail": 4,
      "courses_audit": 0,
      "courses_instructor": "bendickson, dennis"
    },
    {
      "courses_dept": "frst",
      "courses_avg": 0,
      "courses_pass": 0,
      "courses_fail": 1,
      "courses_audit": 0,
      "courses_instructor": ""
    },
    {
      "courses_dept": "hist",
      "courses_avg": 34,
      "courses_pass": 1,
      "courses_fail": 1,
      "courses_audit": 0,
      "courses_instructor": "gossen, david"
    },
    {
      "courses_dept": "lfs",
      "courses_avg": 0,
      "courses_pass": 0,
      "courses_fail": 1,
      "courses_audit": 0,
      "courses_instructor": ""
    },
    {
      "courses_dept": "lfs",
      "courses_avg": 0,
      "courses_pass": 0,
      "courses_fail": 1,
      "courses_audit": 0,
      "courses_instructor": ""
    },
    {
      "courses_dept": "math",
      "courses_avg": 62.37,
      "courses_pass": 461,
      "courses_fail": 90,
      "courses_audit": 0,
      "courses_instructor": ""
    },
    {
      "courses_dept": "phil",
      "courses_avg": 33.2,
      "courses_pass": 5,
      "courses_fail": 5,
      "courses_audit": 0,
      "courses_instructor": ""
    },
    {
      "courses_dept": "psyc",
      "courses_avg": 67.82,
      "courses_pass": 1058,
      "courses_fail": 90,
      "courses_audit": 0,
      "courses_instructor": ""
    },
    {
      "courses_dept": "wood",
      "courses_avg": 1,
      "courses_pass": 0,
      "courses_fail": 2,
      "courses_audit": 0,
      "courses_instructor": ""
    },
    {
      "courses_dept": "phys",
      "courses_avg": 76.57,
      "courses_pass": 1497,
      "courses_fail": 90,
      "courses_audit": 1,
      "courses_instructor": ""
    }
  ]
}