{
  "title": "OR_15",
  "input": {
    "WHERE": {
      "OR": [
        {
          "LT": {
            "courses_avg": 40
          }
        },
        {
          "GT": {
            "courses_fail": 90
          }
        }
      ]
    },
    "OPTIONS": {
      "COLUMNS": [
        "courses_dept",
        "courses_avg",
        "courses_pass",
        "courses_fail",
        "courses_audit",
        "courses_instructor",
        "courses_audit"
      ],
      "ORDER": "courses_audit"
    }
  },
  "errorExpected": false,
  "with": [
    {
      "courses_dept": "apsc",
      "courses_avg": 73.39,
      "courses_pass": 645,
      "courses_fail": 118,
      "courses_audit": 0,
      "courses_instructor": ""
    },
    {
      "courses_dept": "apsc",
      "courses_avg": 76.31,
      "courses_pass": 698,
      "courses_fail": 98,
      "courses_audit": 0,
      "courses_instructor": ""
    },
    {
      "courses_dept": "apsc",
      "courses_avg": 72.08,
      "courses_pass": 576,
      "courses_fail": 118,
      "courses_audit": 0,
      "courses_instructor": ""
    },
    {
      "courses_dept": "apsc",
      "courses_avg": 74.96,
      "courses_pass": 715,
      "courses_fail": 112,
      "courses_audit": 0,
      "courses_instructor": ""
    },
    {
      "courses_dept": "apsc",
      "courses_avg": 72.29,
      "courses_pass": 662,
      "courses_fail": 141,
      "courses_audit": 0,
      "courses_instructor": ""
    },
    {
      "courses_dept": "apsc",
      "courses_avg": 73.83,
      "courses_pass": 690,
      "courses_fail": 99,
      "courses_audit": 0,
      "courses_instructor": ""
    },
    {
      "courses_dept": "apsc",
      "courses_avg": 75.46,
      "courses_pass": 735,
      "courses_fail": 103,
      "courses_audit": 0,
      "courses_instructor": ""
    },
    {
      "courses_dept": "apsc",
      "courses_avg": 67.23,
      "courses_pass": 685,
      "courses_fail": 123,
      "courses_audit": 0,
      "courses_instructor": ""
    },
    {
      "courses_dept": "biol",
      "courses_avg": 69.72,
      "courses_pass": 1546,
      "courses_fail": 137,
      "courses_audit": 0,
      "courses_instructor": ""
    },
    {
      "courses_dept": "biol",
      "courses_avg": 70.02,
      "courses_pass": 1578,
      "courses_fail": 150,
      "courses_audit": 0,
      "courses_instructor": ""
    },
    {
      "courses_dept": "biol",
      "courses_avg": 69.89,
      "courses_pass": 1442,
      "courses_fail": 116,
      "courses_audit": 0,
      "courses_instructor": ""
    },
    {
      "courses_dept": "biol",
      "courses_avg": 69.77,
      "courses_pass": 1419,
      "courses_fail": 142,
      "courses_audit": 0,
      "courses_instructor": ""
    },
    {
      "courses_dept": "biol",
      "courses_avg": 66.88,
      "courses_pass": 1648,
      "courses_fail": 147,
      "courses_audit": 0,
      "courses_instructor": ""
    },
    {
      "courses_dept": "biol",
      "courses_avg": 66.78,
      "courses_pass": 1768,
      "courses_fail": 162,
      "courses_audit": 0,
      "courses_instructor": ""
    },
    {
      "courses_dept": "biol",
      "courses_avg": 68.22,
      "courses_pass": 1780,
      "courses_fail": 110,
      "courses_audit": 0,
      "courses_instructor": ""
    },
    {
      "courses_dept": "biol",
      "courses_avg": 66.69,
      "courses_pass": 1670,
      "courses_fail": 116,
      "courses_audit": 0,
      "courses_instructor": ""
    },
    {
      "courses_dept": "biol",
      "courses_avg": 67.49,
      "courses_pass": 1817,
      "courses_fail": 131,
      "courses_audit": 0,
      "courses_instructor": ""
    },
    {
      "courses_dept": "biol",
      "courses_avg": 64.98,
      "courses_pass": 915,
      "courses_fail": 196,
      "courses_audit": 0,
      "courses_instructor": "rosenberg, ellen"
    },
    {
      "courses_dept": "biol",
      "courses_avg": 64.73,
      "courses_pass": 958,
      "courses_fail": 204,
      "courses_audit": 0,
      "courses_instructor": ""
    },
    {
      "courses_dept": "biol",
      "courses_avg": 69.09,
      "courses_pass": 1084,
      "courses_fail": 122,
      "courses_audit": 0,
      "courses_instructor": "chen, liane"
    },
    {
      "courses_dept": "biol",
      "courses_avg": 68.7,
      "courses_pass": 1133,
      "courses_fail": 133,
      "courses_audit": 0,
      "courses_instructor": ""
    },
    {
      "courses_dept": "busi",
      "courses_avg": 4,
      "courses_pass": 0,
      "courses_fail": 1,
      "courses_audit": 0,
      "courses_instructor": ""
    },
    {
      "courses_dept": "busi",
      "courses_avg": 4,
      "courses_pass": 0,
      "courses_fail": 1,
      "courses_audit": 0,
      "courses_instructor": ""
    },
    {
      "courses_dept": "chem",
      "courses_avg": 67.42,
      "courses_pass": 1526,
      "courses_fail": 266,
      "courses_audit": 0,
      "courses_instructor": ""
    },
    {
      "courses_dept": "chem",
      "courses_avg": 68.72,
      "courses_pass": 1762,
      "courses_fail": 264,
      "courses_audit": 0,
      "courses_instructor": ""
    },
    {
      "courses_dept": "chem",
      "courses_avg": 70.97,
      "courses_pass": 1586,
      "courses_fail": 192,
      "courses_audit": 0,
      "courses_instructor": ""
    },
    {
      "courses_dept": "chem",
      "courses_avg": 70.22,
      "courses_pass": 1551,
      "courses_fail": 235,
      "courses_audit": 0,
      "courses_instructor": ""
    },
    {
      "courses_dept": "chem",
      "courses_avg": 68.2,
      "courses_pass": 1674,
      "courses_fail": 287,
      "courses_audit": 0,
      "courses_instructor": ""
    },
    {
      "courses_dept": "chem",
      "courses_avg": 68.77,
      "courses_pass": 1634,
      "courses_fail": 260,
      "courses_audit": 0,
      "courses_instructor": ""
    },
    {
      "courses_dept": "chem",
      "courses_avg": 69.41,
      "courses_pass": 1699,
      "courses_fail": 251,
      "courses_audit": 0,
      "courses_instructor": ""
    },
    {
      "courses_dept": "chem",
      "courses_avg": 70.36,
      "courses_pass": 1359,
      "courses_fail": 157,
      "courses_audit": 0,
      "courses_instructor": ""
    },
    {
      "courses_dept": "chem",
      "courses_avg": 70.14,
      "courses_pass": 1394,
      "courses_fail": 112,
      "courses_audit": 0,
      "courses_instructor": ""
    },
    {
      "courses_dept": "chem",
      "courses_avg": 72.1,
      "courses_pass": 1530,
      "courses_fail": 115,
      "courses_audit": 0,
      "courses_instructor": ""
    },
    {
      "courses_dept": "chem",
      "courses_avg": 72.66,
      "courses_pass": 1441,
      "courses_fail": 97,
      "courses_audit": 0,
      "courses_instructor": ""
    },
    {
      "courses_dept": "chem",
      "courses_avg": 68.93,
      "courses_pass": 1386,
      "courses_fail": 168,
      "courses_audit": 0,
      "courses_instructor": ""
    },
    {
      "courses_dept": "chem",
      "courses_avg": 72.83,
      "courses_pass": 1545,
      "courses_fail": 121,
      "courses_audit": 0,
      "courses_instructor": ""
    },
    {
      "courses_dept": "chem",
      "courses_avg": 63.71,
      "courses_pass": 635,
      "courses_fail": 91,
      "courses_audit": 0,
      "courses_instructor": ""
    },
    {
      "courses_dept": "chem",
      "courses_avg": 68.87,
      "courses_pass": 846,
      "courses_fail": 97,
      "courses_audit": 0,
      "courses_instructor": ""
    },
    {
      "courses_dept": "chem",
      "courses_avg": 56.89,
      "courses_pass": 245,
      "courses_fail": 96,
      "courses_audit": 0,
      "courses_instructor": "lermer, leonard"
    },
    {
      "courses_dept": "chem",
      "courses_avg": 56.89,
      "courses_pass": 245,
      "courses_fail": 96,
      "courses_audit": 0,
      "courses_instructor": ""
    },
    {
      "courses_dept": "chem",
      "courses_avg": 67.02,
      "courses_pass": 954,
      "courses_fail": 175,
      "courses_audit": 0,
      "courses_instructor": ""
    },
    {
      "courses_dept": "chem",
      "courses_avg": 63.33,
      "courses_pass": 1006,
      "courses_fail": 213,
      "courses_audit": 0,
      "courses_instructor": ""
    },
    {
      "courses_dept": "chem",
      "courses_avg": 63.31,
      "courses_pass": 880,
      "courses_fail": 188,
      "courses_audit": 0,
      "courses_instructor": ""
    },
    {
      "courses_dept": "chem",
      "courses_avg": 67.89,
      "courses_pass": 955,
      "courses_fail": 186,
      "courses_audit": 0,
      "courses_instructor": ""
    },
    {
      "courses_dept": "chem",
      "courses_avg": 64.94,
      "courses_pass": 936,
      "courses_fail": 226,
      "courses_audit": 0,
      "courses_instructor": ""
    },
    {
      "courses_dept": "civl",
      "courses_avg": 33,
      "courses_pass": 1,
      "courses_fail": 3,
      "courses_audit": 0,
      "courses_instructor": ""
    },
    {
      "courses_dept": "cpsc",
      "courses_avg": 72.28,
      "courses_pass": 886,
      "courses_fail": 157,
      "courses_audit": 0,
      "courses_instructor": ""
    },
    {
      "courses_dept": "cpsc",
      "courses_avg": 71.22,
      "courses_pass": 819,
      "courses_fail": 150,
      "courses_audit": 0,
      "courses_instructor": ""
    },
    {
      "courses_dept": "cpsc",
      "courses_avg": 73.25,
      "courses_pass": 966,
      "courses_fail": 190,
      "courses_audit": 0,
      "courses_instructor": ""
    },
    {
      "courses_dept": "econ",
      "courses_avg": 69.25,
      "courses_pass": 2278,
      "courses_fail": 149,
      "courses_audit": 0,
      "courses_instructor": ""
    },
    {
      "courses_dept": "econ",
      "courses_avg": 67.24,
      "courses_pass": 2124,
      "courses_fail": 221,
      "courses_audit": 0,
      "courses_instructor": ""
    },
    {
      "courses_dept": "econ",
      "courses_avg": 66.86,
      "courses_pass": 2063,
      "courses_fail": 172,
      "courses_audit": 0,
      "courses_instructor": ""
    },
    {
      "courses_dept": "econ",
      "courses_avg": 69.82,
      "courses_pass": 2438,
      "courses_fail": 135,
      "courses_audit": 0,
      "courses_instructor": ""
    },
    {
      "courses_dept": "econ",
      "courses_avg": 68.75,
      "courses_pass": 2286,
      "courses_fail": 126,
      "courses_audit": 0,
      "courses_instructor": ""
    },
    {
      "courses_dept": "econ",
      "courses_avg": 68.4,
      "courses_pass": 2378,
      "courses_fail": 132,
      "courses_audit": 0,
      "courses_instructor": ""
    },
    {
      "courses_dept": "econ",
      "courses_avg": 68.72,
      "courses_pass": 2134,
      "courses_fail": 142,
      "courses_audit": 0,
      "courses_instructor": ""
    },
    {
      "courses_dept": "econ",
      "courses_avg": 69.62,
      "courses_pass": 1787,
      "courses_fail": 187,
      "courses_audit": 0,
      "courses_instructor": ""
    },
    {
      "courses_dept": "econ",
      "courses_avg": 68.14,
      "courses_pass": 1705,
      "courses_fail": 135,
      "courses_audit": 0,
      "courses_instructor": ""
    },
    {
      "courses_dept": "econ",
      "courses_avg": 68.27,
      "courses_pass": 2169,
      "courses_fail": 166,
      "courses_audit": 0,
      "courses_instructor": ""
    },
    {
      "courses_dept": "educ",
      "courses_avg": 39.03,
      "courses_pass": 39,
      "courses_fail": 34,
      "courses_audit": 0,
      "courses_instructor": "james, kedrick"
    },
    {
      "courses_dept": "educ",
      "courses_avg": 39.03,
      "courses_pass": 39,
      "courses_fail": 34,
      "courses_audit": 0,
      "courses_instructor": ""
    },
    {
      "courses_dept": "fopr",
      "courses_avg": 4.5,
      "courses_pass": 0,
      "courses_fail": 4,
      "courses_audit": 0,
      "courses_instructor": "bendickson, dennis"
    },
    {
      "courses_dept": "frst",
      "courses_avg": 0,
      "courses_pass": 0,
      "courses_fail": 1,
      "courses_audit": 0,
      "courses_instructor": ""
    },
    {
      "courses_dept": "hist",
      "courses_avg": 34,
      "courses_pass": 1,
      "courses_fail": 1,
      "courses_audit": 0,
      "courses_instructor": "gossen, david"
    },
    {
      "courses_dept": "lfs",
      "courses_avg": 0,
      "courses_pass": 0,
      "courses_fail": 1,
      "courses_audit": 0,
      "courses_instructor": ""
    },
    {
      "courses_dept": "lfs",
      "courses_avg": 0,
      "courses_pass": 0,
      "courses_fail": 1,
      "courses_audit": 0,
      "courses_instructor": ""
    },
    {
      "courses_dept": "math",
      "courses_avg": 69.06,
      "courses_pass": 963,
      "courses_fail": 108,
      "courses_audit": 0,
      "courses_instructor": ""
    },
    {
      "courses_dept": "math",
      "courses_avg": 66.8,
      "courses_pass": 1044,
      "courses_fail": 106,
      "courses_audit": 0,
      "courses_instructor": ""
    },
    {
      "courses_dept": "math",
      "courses_avg": 68.73,
      "courses_pass": 1171,
      "courses_fail": 91,
      "courses_audit": 0,
      "courses_instructor": ""
    },
    {
      "courses_dept": "math",
      "courses_avg": 66.12,
      "courses_pass": 982,
      "courses_fail": 180,
      "courses_audit": 0,
      "courses_instructor": ""
    },
    {
      "courses_dept": "math",
      "courses_avg": 65.38,
      "courses_pass": 1122,
      "courses_fail": 222,
      "courses_audit": 0,
      "courses_instructor": ""
    },
    {
      "courses_dept": "math",
      "courses_avg": 64.55,
      "courses_pass": 1012,
      "courses_fail": 203,
      "courses_audit": 0,
      "courses_instructor": ""
    },
    {
      "courses_dept": "math",
      "courses_avg": 65.21,
      "courses_pass": 1050,
      "courses_fail": 193,
      "courses_audit": 0,
      "courses_instructor": ""
    },
    {
      "courses_dept": "math",
      "courses_avg": 66.31,
      "courses_pass": 1137,
      "courses_fail": 190,
      "courses_audit": 0,
      "courses_instructor": ""
    },
    {
      "courses_dept": "math",
      "courses_avg": 65.99,
      "courses_pass": 1390,
      "courses_fail": 205,
      "courses_audit": 0,
      "courses_instructor": ""
    },
    {
      "courses_dept": "math",
      "courses_avg": 63.51,
      "courses_pass": 1018,
      "courses_fail": 186,
      "courses_audit": 0,
      "courses_instructor": ""
    },
    {
      "courses_dept": "math",
      "courses_avg": 68.99,
      "courses_pass": 817,
      "courses_fail": 93,
      "courses_audit": 0,
      "courses_instructor": ""
    },
    {
      "courses_dept": "math",
      "courses_avg": 65.46,
      "courses_pass": 842,
      "courses_fail": 122,
      "courses_audit": 0,
      "courses_instructor": ""
    },
    {
      "courses_dept": "math",
      "courses_avg": 69.89,
      "courses_pass": 783,
      "courses_fail": 91,
      "courses_audit": 0,
      "courses_instructor": ""
    },
    {
      "courses_dept": "math",
      "courses_avg": 70.63,
      "courses_pass": 874,
      "courses_fail": 95,
      "courses_audit": 0,
      "courses_instructor": ""
    },
    {
      "courses_dept": "math",
      "courses_avg": 68.41,
      "courses_pass": 816,
      "courses_fail": 95,
      "courses_audit": 0,
      "courses_instructor": ""
    },
    {
      "courses_dept": "math",
      "courses_avg": 69.57,
      "courses_pass": 813,
      "courses_fail": 96,
      "courses_audit": 0,
      "courses_instructor": ""
    },
    {
      "courses_dept": "math",
      "courses_avg": 69.27,
      "courses_pass": 911,
      "courses_fail": 113,
      "courses_audit": 0,
      "courses_instructor": ""
    },
    {
      "courses_dept": "math",
      "courses_avg": 64.43,
      "courses_pass": 967,
      "courses_fail": 147,
      "courses_audit": 0,
      "courses_instructor": ""
    },
    {
      "courses_dept": "math",
      "courses_avg": 64.63,
      "courses_pass": 956,
      "courses_fail": 147,
      "courses_audit": 0,
      "courses_instructor": ""
    },
    {
      "courses_dept": "math",
      "courses_avg": 62.88,
      "courses_pass": 949,
      "courses_fail": 170,
      "courses_audit": 0,
      "courses_instructor": ""
    },
    {
      "courses_dept": "math",
      "courses_avg": 67.74,
      "courses_pass": 1065,
      "courses_fail": 107,
      "courses_audit": 0,
      "courses_instructor": ""
    },
    {
      "courses_dept": "math",
      "courses_avg": 66.46,
      "courses_pass": 586,
      "courses_fail": 107,
      "courses_audit": 0,
      "courses_instructor": ""
    },
    {
      "courses_dept": "math",
      "courses_avg": 66,
      "courses_pass": 644,
      "courses_fail": 112,
      "courses_audit": 0,
      "courses_instructor": ""
    },
    {
      "courses_dept": "math",
      "courses_avg": 64.28,
      "courses_pass": 536,
      "courses_fail": 94,
      "courses_audit": 0,
      "courses_instructor": ""
    },
    {
      "courses_dept": "math",
      "courses_avg": 66.13,
      "courses_pass": 626,
      "courses_fail": 108,
      "courses_audit": 0,
      "courses_instructor": ""
    },
    {
      "courses_dept": "math",
      "courses_avg": 63.98,
      "courses_pass": 581,
      "courses_fail": 102,
      "courses_audit": 0,
      "courses_instructor": ""
    },
    {
      "courses_dept": "math",
      "courses_avg": 66.83,
      "courses_pass": 596,
      "courses_fail": 100,
      "courses_audit": 0,
      "courses_instructor": ""
    },
    {
      "courses_dept": "math",
      "courses_avg": 64.41,
      "courses_pass": 649,
      "courses_fail": 107,
      "courses_audit": 0,
      "courses_instructor": ""
    },
    {
      "courses_dept": "math",
      "courses_avg": 61.03,
      "courses_pass": 349,
      "courses_fail": 97,
      "courses_audit": 0,
      "courses_instructor": ""
    },
    {
      "courses_dept": "math",
      "courses_avg": 57.93,
      "courses_pass": 359,
      "courses_fail": 94,
      "courses_audit": 0,
      "courses_instructor": ""
    },
    {
      "courses_dept": "math",
      "courses_avg": 60.66,
      "courses_pass": 512,
      "courses_fail": 114,
      "courses_audit": 0,
      "courses_instructor": ""
    },
    {
      "courses_dept": "math",
      "courses_avg": 60.96,
      "courses_pass": 417,
      "courses_fail": 99,
      "courses_audit": 0,
      "courses_instructor": ""
    },
    {
      "courses_dept": "math",
      "courses_avg": 64.08,
      "courses_pass": 608,
      "courses_fail": 91,
      "courses_audit": 0,
      "courses_instructor": ""
    },
    {
      "courses_dept": "math",
      "courses_avg": 63.12,
      "courses_pass": 573,
      "courses_fail": 114,
      "courses_audit": 0,
      "courses_instructor": ""
    },
    {
      "courses_dept": "math",
      "courses_avg": 66.91,
      "courses_pass": 715,
      "courses_fail": 98,
      "courses_audit": 0,
      "courses_instructor": ""
    },
    {
      "courses_dept": "math",
      "courses_avg": 67.32,
      "courses_pass": 762,
      "courses_fail": 101,
      "courses_audit": 0,
      "courses_instructor": ""
    },
    {
      "courses_dept": "math",
      "courses_avg": 65.18,
      "courses_pass": 705,
      "courses_fail": 115,
      "courses_audit": 0,
      "courses_instructor": ""
    },
    {
      "courses_dept": "math",
      "courses_avg": 67.16,
      "courses_pass": 733,
      "courses_fail": 107,
      "courses_audit": 0,
      "courses_instructor": ""
    },
    {
      "courses_dept": "math",
      "courses_avg": 66.09,
      "courses_pass": 668,
      "courses_fail": 110,
      "courses_audit": 0,
      "courses_instructor": ""
    },
    {
      "courses_dept": "math",
      "courses_avg": 65.99,
      "courses_pass": 799,
      "courses_fail": 98,
      "courses_audit": 0,
      "courses_instructor": ""
    },
    {
      "courses_dept": "math",
      "courses_avg": 66.48,
      "courses_pass": 818,
      "courses_fail": 100,
      "courses_audit": 0,
      "courses_instructor": ""
    },
    {
      "courses_dept": "math",
      "courses_avg": 68.51,
      "courses_pass": 859,
      "courses_fail": 107,
      "courses_audit": 0,
      "courses_instructor": ""
    },
    {
      "courses_dept": "math",
      "courses_avg": 66.13,
      "courses_pass": 944,
      "courses_fail": 111,
      "courses_audit": 0,
      "courses_instructor": ""
    },
    {
      "courses_dept": "phil",
      "courses_avg": 33.2,
      "courses_pass": 5,
      "courses_fail": 5,
      "courses_audit": 0,
      "courses_instructor": ""
    },
    {
      "courses_dept": "phys",
      "courses_avg": 75.15,
      "courses_pass": 1247,
      "courses_fail": 99,
      "courses_audit": 0,
      "courses_instructor": ""
    },
    {
      "courses_dept": "phys",
      "courses_avg": 69.62,
      "courses_pass": 1423,
      "courses_fail": 171,
      "courses_audit": 0,
      "courses_instructor": ""
    },
    {
      "courses_dept": "phys",
      "courses_avg": 70.63,
      "courses_pass": 1558,
      "courses_fail": 184,
      "courses_audit": 0,
      "courses_instructor": ""
    },
    {
      "courses_dept": "phys",
      "courses_avg": 71.52,
      "courses_pass": 1460,
      "courses_fail": 162,
      "courses_audit": 0,
      "courses_instructor": ""
    },
    {
      "courses_dept": "phys",
      "courses_avg": 71.43,
      "courses_pass": 1395,
      "courses_fail": 171,
      "courses_audit": 0,
      "courses_instructor": ""
    },
    {
      "courses_dept": "phys",
      "courses_avg": 74.98,
      "courses_pass": 1521,
      "courses_fail": 109,
      "courses_audit": 0,
      "courses_instructor": ""
    },
    {
      "courses_dept": "phys",
      "courses_avg": 65.87,
      "courses_pass": 624,
      "courses_fail": 93,
      "courses_audit": 0,
      "courses_instructor": ""
    },
    {
      "courses_dept": "phys",
      "courses_avg": 68.24,
      "courses_pass": 798,
      "courses_fail": 107,
      "courses_audit": 0,
      "courses_instructor": ""
    },
    {
      "courses_dept": "phys",
      "courses_avg": 67.5,
      "courses_pass": 815,
      "courses_fail": 110,
      "courses_audit": 0,
      "courses_instructor": ""
    },
    {
      "courses_dept": "phys",
      "courses_avg": 71.15,
      "courses_pass": 772,
      "courses_fail": 111,
      "courses_audit": 0,
      "courses_instructor": ""
    },
    {
      "courses_dept": "psyc",
      "courses_avg": 68.18,
      "courses_pass": 1383,
      "courses_fail": 125,
      "courses_audit": 0,
      "courses_instructor": ""
    },
    {
      "courses_dept": "psyc",
      "courses_avg": 68.41,
      "courses_pass": 1966,
      "courses_fail": 175,
      "courses_audit": 0,
      "courses_instructor": ""
    },
    {
      "courses_dept": "psyc",
      "courses_avg": 66.69,
      "courses_pass": 1053,
      "courses_fail": 96,
      "courses_audit": 0,
      "courses_instructor": ""
    },
    {
      "courses_dept": "psyc",
      "courses_avg": 67.84,
      "courses_pass": 1391,
      "courses_fail": 113,
      "courses_audit": 0,
      "courses_instructor": ""
    },
    {
      "courses_dept": "wood",
      "courses_avg": 1,
      "courses_pass": 0,
      "courses_fail": 2,
      "courses_audit": 0,
      "courses_instructor": ""
    },
    {
      "courses_dept": "biol",
      "courses_avg": 67.77,
      "courses_pass": 1307,
      "courses_fail": 162,
      "courses_audit": 1,
      "courses_instructor": ""
    },
    {
      "courses_dept": "biol",
      "courses_avg": 68.77,
      "courses_pass": 1215,
      "courses_fail": 230,
      "courses_audit": 1,
      "courses_instructor": ""
    },
    {
      "courses_dept": "biol",
      "courses_avg": 67.69,
      "courses_pass": 1758,
      "courses_fail": 136,
      "courses_audit": 1,
      "courses_instructor": ""
    },
    {
      "courses_dept": "biol",
      "courses_avg": 68.58,
      "courses_pass": 999,
      "courses_fail": 128,
      "courses_audit": 1,
      "courses_instructor": ""
    },
    {
      "courses_dept": "biol",
      "courses_avg": 73.7,
      "courses_pass": 1174,
      "courses_fail": 95,
      "courses_audit": 1,
      "courses_instructor": "young, robin"
    },
    {
      "courses_dept": "biol",
      "courses_avg": 70.48,
      "courses_pass": 1026,
      "courses_fail": 106,
      "courses_audit": 1,
      "courses_instructor": "rosenberg, ellen"
    },
    {
      "courses_dept": "chem",
      "courses_avg": 69.3,
      "courses_pass": 1667,
      "courses_fail": 250,
      "courses_audit": 1,
      "courses_instructor": ""
    },
    {
      "courses_dept": "chem",
      "courses_avg": 67.7,
      "courses_pass": 1073,
      "courses_fail": 129,
      "courses_audit": 1,
      "courses_instructor": ""
    },
    {
      "courses_dept": "chem",
      "courses_avg": 64.6,
      "courses_pass": 921,
      "courses_fail": 190,
      "courses_audit": 1,
      "courses_instructor": ""
    },
    {
      "courses_dept": "comm",
      "courses_avg": 72.25,
      "courses_pass": 1288,
      "courses_fail": 100,
      "courses_audit": 1,
      "courses_instructor": ""
    },
    {
      "courses_dept": "comm",
      "courses_avg": 67.06,
      "courses_pass": 604,
      "courses_fail": 102,
      "courses_audit": 1,
      "courses_instructor": ""
    },
    {
      "courses_dept": "econ",
      "courses_avg": 68.41,
      "courses_pass": 2023,
      "courses_fail": 145,
      "courses_audit": 1,
      "courses_instructor": ""
    },
    {
      "courses_dept": "econ",
      "courses_avg": 67.58,
      "courses_pass": 1705,
      "courses_fail": 187,
      "courses_audit": 1,
      "courses_instructor": ""
    },
    {
      "courses_dept": "econ",
      "courses_avg": 68.98,
      "courses_pass": 2019,
      "courses_fail": 145,
      "courses_audit": 1,
      "courses_instructor": ""
    },
    {
      "courses_dept": "math",
      "courses_avg": 68.63,
      "courses_pass": 1058,
      "courses_fail": 120,
      "courses_audit": 1,
      "courses_instructor": ""
    },
    {
      "courses_dept": "math",
      "courses_avg": 68.65,
      "courses_pass": 1114,
      "courses_fail": 145,
      "courses_audit": 1,
      "courses_instructor": ""
    },
    {
      "courses_dept": "math",
      "courses_avg": 66.28,
      "courses_pass": 1166,
      "courses_fail": 190,
      "courses_audit": 1,
      "courses_instructor": ""
    },
    {
      "courses_dept": "math",
      "courses_avg": 68.86,
      "courses_pass": 739,
      "courses_fail": 100,
      "courses_audit": 1,
      "courses_instructor": ""
    },
    {
      "courses_dept": "math",
      "courses_avg": 68.16,
      "courses_pass": 754,
      "courses_fail": 100,
      "courses_audit": 1,
      "courses_instructor": ""
    },
    {
      "courses_dept": "phys",
      "courses_avg": 71.85,
      "courses_pass": 1342,
      "courses_fail": 177,
      "courses_audit": 1,
      "courses_instructor": ""
    },
    {
      "courses_dept": "psyc",
      "courses_avg": 69.14,
      "courses_pass": 2201,
      "courses_fail": 172,
      "courses_audit": 1,
      "courses_instructor": ""
    },
    {
      "courses_dept": "psyc",
      "courses_avg": 69.15,
      "courses_pass": 1953,
      "courses_fail": 169,
      "courses_audit": 1,
      "courses_instructor": ""
    },
    {
      "courses_dept": "psyc",
      "courses_avg": 68.62,
      "courses_pass": 1442,
      "courses_fail": 102,
      "courses_audit": 1,
      "courses_instructor": ""
    },
    {
      "courses_dept": "psyc",
      "courses_avg": 69.51,
      "courses_pass": 2289,
      "courses_fail": 135,
      "courses_audit": 1,
      "courses_instructor": ""
    },
    {
      "courses_dept": "psyc",
      "courses_avg": 69.45,
      "courses_pass": 2095,
      "courses_fail": 144,
      "courses_audit": 1,
      "courses_instructor": ""
    },
    {
      "courses_dept": "psyc",
      "courses_avg": 68.72,
      "courses_pass": 1785,
      "courses_fail": 146,
      "courses_audit": 1,
      "courses_instructor": ""
    },
    {
      "courses_dept": "biol",
      "courses_avg": 68.25,
      "courses_pass": 1062,
      "courses_fail": 143,
      "courses_audit": 2,
      "courses_instructor": ""
    },
    {
      "courses_dept": "biol",
      "courses_avg": 73.7,
      "courses_pass": 1174,
      "courses_fail": 95,
      "courses_audit": 2,
      "courses_instructor": ""
    },
    {
      "courses_dept": "biol",
      "courses_avg": 69.92,
      "courses_pass": 1091,
      "courses_fail": 123,
      "courses_audit": 2,
      "courses_instructor": ""
    },
    {
      "courses_dept": "econ",
      "courses_avg": 70.08,
      "courses_pass": 1948,
      "courses_fail": 120,
      "courses_audit": 2,
      "courses_instructor": ""
    },
    {
      "courses_dept": "econ",
      "courses_avg": 68.48,
      "courses_pass": 1962,
      "courses_fail": 181,
      "courses_audit": 2,
      "courses_instructor": ""
    },
    {
      "courses_dept": "econ",
      "courses_avg": 67.7,
      "courses_pass": 1866,
      "courses_fail": 142,
      "courses_audit": 2,
      "courses_instructor": ""
    },
    {
      "courses_dept": "econ",
      "courses_avg": 69.5,
      "courses_pass": 2083,
      "courses_fail": 119,
      "courses_audit": 2,
      "courses_instructor": ""
    },
    {
      "courses_dept": "psyc",
      "courses_avg": 68.4,
      "courses_pass": 1438,
      "courses_fail": 134,
      "courses_audit": 2,
      "courses_instructor": ""
    },
    {
      "courses_dept": "cpsc",
      "courses_avg": 72.63,
      "courses_pass": 736,
      "courses_fail": 118,
      "courses_audit": 3,
      "courses_instructor": ""
    },
    {
      "courses_dept": "econ",
      "courses_avg": 68.98,
      "courses_pass": 1827,
      "courses_fail": 135,
      "courses_audit": 6,
      "courses_instructor": ""
    }
  ]
}