{
  "errorMsg": "Cannot query more than one dataset",
  "title": "OR_11_error",
  "input": {
    "WHERE": {
      "OR": [
        {
          "LT": {
            "courses_avg": 40
          }
        },
        {
          "IS": {
            "course_uuid": "10*"
          }
        }
      ]
    },
    "OPTIONS": {
      "COLUMNS": [
        "courses_dept",
        "courses_avg",
        "courses_pass",
        "courses_fail",
        "courses_audit",
        "courses_instructor",
        "courses_audit"
      ],
      "ORDER": "courses_pass"
    }
  },
  "errorExpected": true,
  "with": "InsightError"
}