{
  "errorMsg": "The result is too big. Only queries with a maximum of 5000 results are supported.",
  "title": "OR_7_error",
  "input": {
    "WHERE": {
      "OR": [
        {
          "LT": {
            "courses_fail": 30
          }
        },
        {
          "IS": {
            "courses_title": "b*"
          }
        }
      ]
    },
    "OPTIONS": {
      "COLUMNS": [
        "courses_dept",
        "courses_avg",
        "courses_pass",
        "courses_fail",
        "courses_audit",
        "courses_instructor",
        "courses_audit"
      ],
      "ORDER": "courses_audit"
    }
  },
  "errorExpected": true,
  "with": "ResultTooLargeError"
}